hospital_id,hospital_name,city,tier,speciality,rating,nabh_accredited,type,cost_index,pincode,latitude,longitude
1,Siddhivinayak Cardiology Hospital,Mumbai,Tier-1,Cardiology,3.4,True,medium,0.432,400093,18.941497,72.903833
2,Lokmanya Gastroenterology Super Speciality Hospital,Mumbai,Tier-1,Gastroenterology,3.5,False,medium,0.404,400005,18.931522,72.860996
3,Nanavati Gynaecology Clinic,Mumbai,Tier-1,Gynaecology,4.6,True,high,0.927,400050,19.129021,72.82055
4,Lilavati Dermatology Medical Center,Mumbai,Tier-1,Dermatology,3.7,False,medium,0.576,400101,18.984372,72.85468
5,Hinduja Cardiology Healthcare,Mumbai,Tier-1,Cardiology,3.7,False,medium,0.55,400070,18.96411,72.946335
6,Kokilaben Dermatology Institute,Mumbai,Tier-1,Dermatology,4.2,False,medium,0.63,400020,19.045058,72.886085
7,Hiranandani Orthopedics Clinic,Mumbai,Tier-1,Orthopedics,4.6,True,high,0.877,400005,18.946337,72.918124
8,Gurunanak ENT Clinic,Mumbai,Tier-1,ENT,3.3,False,low,0.068,400002,19.096755,72.894675
9,Shushrusha General Medicine Clinic,Mumbai,Tier-1,General Medicine,3.8,False,medium,0.667,400002,18.928405,72.813763
10,Balaji Ophthalmology Medical Center,Mumbai,Tier-1,Ophthalmology,3.9,True,medium,0.412,400101,19.167271,72.8193
11,Wadia Pulmonology Medical Center,Mumbai,Tier-1,Pulmonology,4.2,True,high,0.739,400002,19.181883,72.862675
12,KEM Pediatrics Hospital,Mumbai,Tier-1,Pediatrics,3.8,True,medium,0.67,400002,19.128434,72.936663
13,Siddhivinayak Urology Super Speciality Hospital,Mumbai,Tier-1,Urology,3.5,False,low,0.281,400050,19.016334,72.809093
14,Lokmanya Dermatology Clinic,Mumbai,Tier-1,Dermatology,4.0,False,medium,0.501,400101,19.007994,72.910977
15,Nanavati Dermatology Institute,Mumbai,Tier-1,Dermatology,4.4,True,high,0.912,400002,19.131056,72.849221
16,Lilavati Ophthalmology Institute,Mumbai,Tier-1,Ophthalmology,3.5,False,low,0.347,400001,18.935704,72.866322
17,Hinduja Gynaecology Institute,Mumbai,Tier-1,Gynaecology,3.0,False,low,0.088,400101,19.121885,72.878854
18,Kokilaben General Medicine Medical Center,Mumbai,Tier-1,General Medicine,3.6,False,medium,0.408,400020,19.123457,72.815552
19,Hiranandani Gynaecology Healthcare,Mumbai,Tier-1,Gynaecology,4.4,True,high,0.806,400070,18.984053,72.864211
20,Gurunanak General Medicine Medical Center,Mumbai,Tier-1,General Medicine,4.1,False,medium,0.655,400001,19.017885,72.876748
21,Shushrusha Orthopedics Healthcare,Mumbai,Tier-1,Orthopedics,4.5,True,high,0.831,400002,19.073762,72.88666
22,Balaji Ophthalmology Super Speciality Hospital,Mumbai,Tier-1,Ophthalmology,4.3,True,high,0.838,400005,19.093361,72.897965
23,Wadia Neurology Hospital,Mumbai,Tier-1,Neurology,3.5,False,medium,0.514,400005,19.051706,72.8417
24,KEM General Medicine Hospital,Mumbai,Tier-1,General Medicine,4.3,True,high,0.737,400002,18.981345,72.909301
25,Siddhivinayak Ophthalmology Hospital,Mumbai,Tier-1,Ophthalmology,4.0,True,medium,0.55,400101,18.917287,72.944789
26,Lokmanya Gynaecology Super Speciality Hospital,Mumbai,Tier-1,Gynaecology,4.5,True,high,0.915,400101,18.978042,72.854924
27,Nanavati Gastroenterology Clinic,Mumbai,Tier-1,Gastroenterology,3.7,False,medium,0.627,400070,19.127309,72.809267
28,Lilavati Dermatology Institute,Mumbai,Tier-1,Dermatology,3.5,True,medium,0.547,400101,18.971903,72.845102
29,Hinduja ENT Medical Center,Mumbai,Tier-1,ENT,3.8,True,medium,0.413,400020,18.99639,72.935446
30,Kokilaben Gynaecology Medical Center,Mumbai,Tier-1,Gynaecology,4.2,True,high,0.879,400002,19.044973,72.907594
31,Hiranandani Gynaecology Clinic,Mumbai,Tier-1,Gynaecology,4.4,True,high,0.838,400002,18.925222,72.818876
32,Gurunanak Urology Healthcare,Mumbai,Tier-1,Urology,4.2,True,high,0.734,400070,19.105584,72.833857
33,Shushrusha General Medicine Super Speciality Hospital,Mumbai,Tier-1,General Medicine,4.7,True,high,0.969,400050,19.086929,72.923011
34,Balaji General Medicine Hospital,Mumbai,Tier-1,General Medicine,4.0,True,medium,0.647,400101,18.916148,72.817379
35,Wadia Ophthalmology Super Speciality Hospital,Mumbai,Tier-1,Ophthalmology,4.1,False,high,0.823,400050,19.178278,72.906721
36,KEM Orthopedics Super Speciality Hospital,Mumbai,Tier-1,Orthopedics,3.9,False,medium,0.506,400001,19.130516,72.893622
37,Siddhivinayak General Medicine Super Speciality Hospital,Mumbai,Tier-1,General Medicine,4.4,True,high,0.952,400005,19.061343,72.898469
38,Lokmanya Pediatrics Hospital,Mumbai,Tier-1,Pediatrics,4.7,True,high,0.965,400005,18.911931,72.898581
39,Nanavati Orthopedics Medical Center,Mumbai,Tier-1,Orthopedics,3.8,True,medium,0.496,400020,18.974361,72.926405
40,Lilavati Neurology Super Speciality Hospital,Mumbai,Tier-1,Neurology,4.4,True,high,0.823,400093,18.938758,72.920787
41,Hinduja General Medicine Hospital,Mumbai,Tier-1,General Medicine,4.2,True,high,0.865,400005,18.969659,72.82027
42,Kokilaben Gastroenterology Medical Center,Mumbai,Tier-1,Gastroenterology,4.5,True,high,0.812,400101,19.003581,72.861073
43,Hiranandani Pediatrics Hospital,Mumbai,Tier-1,Pediatrics,3.6,False,low,0.371,400050,19.181048,72.803646
44,Gurunanak General Medicine Healthcare,Mumbai,Tier-1,General Medicine,4.2,True,medium,0.603,400020,19.122976,72.807646
45,Shushrusha Orthopedics Hospital,Mumbai,Tier-1,Orthopedics,3.2,False,low,0.109,400093,18.977269,72.813192
46,Balaji Orthopedics Institute,Mumbai,Tier-1,Orthopedics,3.8,True,medium,0.608,400070,19.11086,72.931927
47,Wadia Dermatology Hospital,Mumbai,Tier-1,Dermatology,4.2,True,medium,0.618,400002,19.03197,72.861781
48,KEM Gastroenterology Clinic,Mumbai,Tier-1,Gastroenterology,3.1,False,low,0.027,400005,19.125717,72.826754
49,Siddhivinayak Nephrology Institute,Mumbai,Tier-1,Nephrology,3.3,False,low,0.256,400005,19.068636,72.805627
50,Lokmanya Cardiology Hospital,Mumbai,Tier-1,Cardiology,3.8,False,medium,0.402,400050,19.156884,72.885053
51,Nanavati Cardiology Institute,Mumbai,Tier-1,Cardiology,3.8,True,medium,0.567,400020,19.080573,72.921805
52,Lilavati Nephrology Medical Center,Mumbai,Tier-1,Nephrology,3.4,False,low,0.255,400050,18.926066,72.900273
53,Hinduja Psychiatry Medical Center,Mumbai,Tier-1,Psychiatry,3.0,False,low,0.047,400002,18.923374,72.926847
54,Kokilaben Urology Hospital,Mumbai,Tier-1,Urology,4.0,True,high,0.725,400093,19.172925,72.873051
55,Hiranandani Pulmonology Hospital,Mumbai,Tier-1,Pulmonology,4.0,False,medium,0.584,400070,18.941612,72.899831
56,Gurunanak ENT Hospital,Mumbai,Tier-1,ENT,4.0,True,high,0.711,400005,19.162935,72.891859
57,Shushrusha Cardiology Clinic,Mumbai,Tier-1,Cardiology,3.9,True,medium,0.501,400070,18.989692,72.943693
58,Balaji Pediatrics Institute,Mumbai,Tier-1,Pediatrics,3.3,False,low,0.015,400005,19.153631,72.906619
59,Wadia Ophthalmology Institute,Mumbai,Tier-1,Ophthalmology,4.2,True,high,0.755,400070,19.191367,72.809952
60,KEM General Medicine Medical Center,Mumbai,Tier-1,General Medicine,4.2,False,high,0.75,400002,19.191755,72.823694
61,Siddhivinayak Urology Clinic,Mumbai,Tier-1,Urology,3.1,True,low,0.024,400005,18.976844,72.938493
62,Lokmanya Ophthalmology Institute,Mumbai,Tier-1,Ophthalmology,3.9,False,medium,0.501,400002,19.027507,72.868059
63,Nanavati Nephrology Clinic,Mumbai,Tier-1,Nephrology,3.0,False,low,0.147,400070,19.083662,72.86278
64,Lilavati ENT Clinic,Mumbai,Tier-1,ENT,4.2,True,high,0.901,400070,18.985723,72.852593
65,Hinduja Psychiatry Institute,Mumbai,Tier-1,Psychiatry,3.5,False,medium,0.441,400070,19.17145,72.805188
66,Kokilaben Dermatology Hospital,Mumbai,Tier-1,Dermatology,3.7,False,medium,0.529,400070,19.053396,72.896698
67,Hiranandani Neurology Institute,Mumbai,Tier-1,Neurology,4.1,True,high,0.798,400001,19.047475,72.933164
68,Gurunanak Orthopedics Institute,Mumbai,Tier-1,Orthopedics,4.3,True,high,0.916,400050,19.037888,72.945699
69,Shushrusha Gastroenterology Healthcare,Mumbai,Tier-1,Gastroenterology,4.6,True,high,0.975,400101,18.969857,72.870933
70,Balaji Orthopedics Medical Center,Mumbai,Tier-1,Orthopedics,3.5,True,medium,0.447,400101,18.919239,72.828257
71,Wadia Pediatrics Clinic,Mumbai,Tier-1,Pediatrics,4.5,True,high,0.887,400001,19.076705,72.923065
72,KEM Neurology Hospital,Mumbai,Tier-1,Neurology,4.3,True,high,0.745,400070,18.993536,72.833622
73,Siddhivinayak Pediatrics Clinic,Mumbai,Tier-1,Pediatrics,3.0,False,low,0.091,400101,19.120889,72.862519
74,Lokmanya Neurology Medical Center,Mumbai,Tier-1,Neurology,4.3,False,high,0.946,400070,19.163599,72.880043
75,Nanavati Nephrology Medical Center,Mumbai,Tier-1,Nephrology,3.5,False,low,0.387,400101,19.123079,72.865382
76,Lilavati Pediatrics Medical Center,Mumbai,Tier-1,Pediatrics,3.8,False,medium,0.497,400093,18.999764,72.822938
77,Hinduja Oncology Hospital,Mumbai,Tier-1,Oncology,4.3,True,high,0.726,400070,18.903171,72.857335
78,Kokilaben Cardiology Clinic,Mumbai,Tier-1,Cardiology,4.0,False,medium,0.518,400050,18.901063,72.931941
79,Hiranandani Gastroenterology Hospital,Mumbai,Tier-1,Gastroenterology,4.1,True,high,0.864,400020,19.191355,72.929623
80,Gurunanak Pediatrics Medical Center,Mumbai,Tier-1,Pediatrics,3.8,True,medium,0.593,400070,19.031568,72.919035
81,Shushrusha ENT Institute,Mumbai,Tier-1,ENT,3.2,True,low,0.009,400005,19.159853,72.806389
82,Balaji Psychiatry Healthcare,Mumbai,Tier-1,Psychiatry,4.5,True,high,0.921,400002,19.083282,72.861266
83,Wadia Gastroenterology Medical Center,Mumbai,Tier-1,Gastroenterology,3.4,True,low,0.286,400070,19.064667,72.917202
84,KEM Cardiology Healthcare,Mumbai,Tier-1,Cardiology,4.2,True,high,0.955,400070,19.044209,72.893388
85,Siddhivinayak Pediatrics Medical Center,Mumbai,Tier-1,Pediatrics,4.0,False,medium,0.681,400001,19.152984,72.855242
86,Lokmanya Pediatrics Clinic,Mumbai,Tier-1,Pediatrics,4.2,True,high,0.84,400070,19.051587,72.864907
87,Nanavati Orthopedics Super Speciality Hospital,Mumbai,Tier-1,Orthopedics,3.7,False,low,0.363,400001,19.003038,72.90962
88,Lilavati Urology Hospital,Mumbai,Tier-1,Urology,3.4,True,medium,0.444,400002,19.094893,72.80925
89,Hinduja Psychiatry Healthcare,Mumbai,Tier-1,Psychiatry,4.1,False,high,0.796,400050,18.906517,72.920334
90,Kokilaben Urology Healthcare,Mumbai,Tier-1,Urology,4.2,True,high,0.741,400001,19.108249,72.930582
91,Hiranandani Nephrology Clinic,Mumbai,Tier-1,Nephrology,4.2,True,high,0.865,400002,19.130725,72.912198
92,Gurunanak Orthopedics Super Speciality Hospital,Mumbai,Tier-1,Orthopedics,3.0,False,low,0.022,400050,19.14061,72.813691
93,Shushrusha Oncology Super Speciality Hospital,Mumbai,Tier-1,Oncology,3.9,False,medium,0.41,400005,19.125596,72.904174
94,Balaji General Medicine Institute,Mumbai,Tier-1,General Medicine,4.4,True,high,0.817,400093,19.142458,72.935641
95,Wadia Dermatology Hospital,Mumbai,Tier-1,Dermatology,3.3,True,low,0.082,400093,19.080827,72.87449
96,KEM Oncology Hospital,Mumbai,Tier-1,Oncology,3.4,False,low,0.367,400002,18.932206,72.910797
97,Siddhivinayak General Medicine Hospital,Mumbai,Tier-1,General Medicine,3.7,False,medium,0.436,400050,18.932579,72.845924
98,Lokmanya Psychiatry Hospital,Mumbai,Tier-1,Psychiatry,4.2,True,high,0.815,400070,19.164728,72.935701
99,Nanavati Gynaecology Institute,Mumbai,Tier-1,Gynaecology,4.5,False,high,0.799,400050,18.915354,72.849603
100,Lilavati Gastroenterology Healthcare,Mumbai,Tier-1,Gastroenterology,4.1,True,high,0.853,400020,19.135305,72.814731
101,Hinduja Cardiology Institute,Mumbai,Tier-1,Cardiology,4.2,True,high,0.777,400101,18.977018,72.932122
102,Kokilaben Psychiatry Medical Center,Mumbai,Tier-1,Psychiatry,3.8,False,medium,0.682,400093,18.937371,72.893527
103,Hiranandani Pulmonology Institute,Mumbai,Tier-1,Pulmonology,3.6,False,medium,0.508,400020,19.089344,72.923392
104,Gurunanak General Medicine Hospital,Mumbai,Tier-1,General Medicine,3.3,False,low,0.134,400070,19.155106,72.895204
105,Shushrusha Orthopedics Super Speciality Hospital,Mumbai,Tier-1,Orthopedics,3.1,True,low,0.159,400093,18.995055,72.869959
106,Balaji Oncology Institute,Mumbai,Tier-1,Oncology,4.3,True,high,0.745,400050,18.986731,72.822705
107,Wadia ENT Hospital,Mumbai,Tier-1,ENT,4.1,True,high,0.846,400070,19.161068,72.853431
108,KEM Pulmonology Clinic,Mumbai,Tier-1,Pulmonology,3.7,False,low,0.362,400005,18.923602,72.846719
109,Siddhivinayak Gynaecology Healthcare,Mumbai,Tier-1,Gynaecology,3.7,False,medium,0.498,400070,18.966188,72.843091
110,Lokmanya Pediatrics Hospital,Mumbai,Tier-1,Pediatrics,3.5,True,medium,0.421,400002,19.105268,72.891537
111,Nanavati Oncology Super Speciality Hospital,Mumbai,Tier-1,Oncology,4.2,True,high,0.884,400002,18.909103,72.920114
112,Lilavati Nephrology Healthcare,Mumbai,Tier-1,Nephrology,3.6,False,medium,0.559,400093,19.173236,72.916098
113,Hinduja General Medicine Clinic,Mumbai,Tier-1,General Medicine,4.2,True,high,0.768,400070,19.194805,72.946924
114,Kokilaben Neurology Healthcare,Mumbai,Tier-1,Neurology,3.5,False,low,0.36,400070,19.157248,72.944752
115,Hiranandani Cardiology Institute,Mumbai,Tier-1,Cardiology,3.9,False,medium,0.5,400005,19.061329,72.813434
116,Gurunanak Dermatology Clinic,Mumbai,Tier-1,Dermatology,3.2,True,low,0.15,400001,19.040775,72.891804
117,Shushrusha Neurology Clinic,Mumbai,Tier-1,Neurology,4.3,True,high,0.979,400101,18.954053,72.877703
118,Balaji Pediatrics Institute,Mumbai,Tier-1,Pediatrics,3.5,False,low,0.2,400050,19.066348,72.858678
119,Wadia Neurology Institute,Mumbai,Tier-1,Neurology,4.5,True,high,0.883,400001,19.11368,72.895048
120,KEM Urology Clinic,Mumbai,Tier-1,Urology,3.6,True,medium,0.423,400070,18.942517,72.808356
121,Siddhivinayak Pulmonology Medical Center,Mumbai,Tier-1,Pulmonology,4.3,True,high,0.865,400070,19.029393,72.937236
122,Lokmanya Gynaecology Medical Center,Mumbai,Tier-1,Gynaecology,3.4,True,low,0.187,400093,18.998519,72.940958
123,Nanavati Pulmonology Super Speciality Hospital,Mumbai,Tier-1,Pulmonology,3.7,False,low,0.264,400101,19.167067,72.814287
124,Lilavati Orthopedics Institute,Mumbai,Tier-1,Orthopedics,4.2,True,high,0.812,400002,19.001507,72.836389
125,Hinduja Gynaecology Super Speciality Hospital,Mumbai,Tier-1,Gynaecology,4.2,True,high,0.844,400002,19.147183,72.90918
126,Kokilaben Orthopedics Healthcare,Mumbai,Tier-1,Orthopedics,4.3,False,high,0.898,400050,19.03986,72.878778
127,Hiranandani Neurology Healthcare,Mumbai,Tier-1,Neurology,3.8,True,medium,0.686,400101,19.131407,72.864507
128,Gurunanak Orthopedics Institute,Mumbai,Tier-1,Orthopedics,3.6,True,medium,0.621,400101,18.904142,72.880017
129,Shushrusha Dermatology Hospital,Mumbai,Tier-1,Dermatology,4.0,False,medium,0.556,400070,19.097929,72.894093
130,Balaji Urology Healthcare,Mumbai,Tier-1,Urology,4.2,False,medium,0.628,400020,18.969821,72.899371
131,Wadia Orthopedics Medical Center,Mumbai,Tier-1,Orthopedics,3.1,True,low,0.023,400101,18.977375,72.828855
132,KEM Dermatology Institute,Mumbai,Tier-1,Dermatology,4.2,True,high,0.959,400050,18.940021,72.872648
133,Siddhivinayak Oncology Healthcare,Mumbai,Tier-1,Oncology,4.0,True,medium,0.551,400093,19.158179,72.912132
134,Lokmanya Pediatrics Healthcare,Mumbai,Tier-1,Pediatrics,4.5,True,high,0.984,400020,19.050537,72.865202
135,Nanavati Neurology Institute,Mumbai,Tier-1,Neurology,4.6,True,high,0.977,400005,19.130571,72.8873
136,Lilavati Pulmonology Healthcare,Mumbai,Tier-1,Pulmonology,3.9,False,medium,0.559,400020,18.907934,72.840111
137,Hinduja Pediatrics Medical Center,Mumbai,Tier-1,Pediatrics,4.1,True,high,0.718,400001,18.943235,72.865961
138,Kokilaben Ophthalmology Healthcare,Mumbai,Tier-1,Ophthalmology,4.4,True,high,0.961,400093,19.156266,72.860192
139,Hiranandani Orthopedics Super Speciality Hospital,Mumbai,Tier-1,Orthopedics,4.2,False,high,0.821,400070,19.159632,72.850976
140,Gurunanak Gynaecology Super Speciality Hospital,Mumbai,Tier-1,Gynaecology,4.5,True,high,0.946,400005,19.179161,72.836407
141,Shushrusha Ophthalmology Super Speciality Hospital,Mumbai,Tier-1,Ophthalmology,3.9,True,medium,0.573,400002,19.040438,72.848578
142,Balaji Psychiatry Super Speciality Hospital,Mumbai,Tier-1,Psychiatry,3.9,False,high,0.778,400001,19.196802,72.902109
143,Wadia Gynaecology Medical Center,Mumbai,Tier-1,Gynaecology,3.2,False,low,0.08,400050,19.091394,72.936269
144,KEM Dermatology Healthcare,Mumbai,Tier-1,Dermatology,3.5,False,medium,0.497,400050,18.918184,72.89446
145,Siddhivinayak Ophthalmology Clinic,Mumbai,Tier-1,Ophthalmology,4.2,False,medium,0.633,400093,18.932588,72.849843
146,Lokmanya Ophthalmology Super Speciality Hospital,Mumbai,Tier-1,Ophthalmology,3.2,False,low,0.179,400001,19.048191,72.879234
147,Nanavati ENT Hospital,Mumbai,Tier-1,ENT,4.7,True,high,0.987,400002,18.997162,72.837681
148,Lilavati Dermatology Institute,Mumbai,Tier-1,Dermatology,3.7,False,medium,0.637,400001,19.014963,72.847221
149,Hinduja Psychiatry Super Speciality Hospital,Mumbai,Tier-1,Psychiatry,3.8,False,medium,0.401,400001,19.067657,72.922597
150,Kokilaben Cardiology Super Speciality Hospital,Mumbai,Tier-1,Cardiology,3.7,True,medium,0.595,400093,18.91147,72.80434
151,Sir Ganga Ram Oncology Clinic,Delhi,Tier-1,Oncology,3.6,False,low,0.31,110092,28.765744,76.89966
152,Maharaja Agrasen General Medicine Clinic,Delhi,Tier-1,General Medicine,3.5,False,low,0.312,110025,28.431591,76.909548
153,Venkateshwar General Medicine Healthcare,Delhi,Tier-1,General Medicine,3.9,False,medium,0.417,110025,28.556086,76.999679
154,Charak Urology Healthcare,Delhi,Tier-1,Urology,4.1,False,high,0.734,110002,28.679481,77.168901
155,Moolchand Psychiatry Institute,Delhi,Tier-1,Psychiatry,3.6,False,medium,0.427,110092,28.539634,77.29473
156,Holy Family Orthopedics Hospital,Delhi,Tier-1,Orthopedics,4.5,False,high,0.945,110092,28.859351,76.924938
157,BLK-Max Pediatrics Clinic,Delhi,Tier-1,Pediatrics,3.9,False,medium,0.471,110005,28.482971,77.050063
158,Dharamshila Dermatology Healthcare,Delhi,Tier-1,Dermatology,3.6,True,medium,0.464,110016,28.606095,77.037589
159,Indraprastha Cardiology Medical Center,Delhi,Tier-1,Cardiology,4.2,True,high,0.707,110001,28.877226,77.113625
160,Guru Teg Bahadur Gynaecology Clinic,Delhi,Tier-1,Gynaecology,4.5,True,high,0.838,110002,28.826273,77.070703
161,Safdarjung Pulmonology Institute,Delhi,Tier-1,Pulmonology,4.6,True,high,0.976,110005,28.82711,77.09229
162,Sir Ganga Ram Pediatrics Hospital,Delhi,Tier-1,Pediatrics,3.5,True,low,0.298,110049,28.855388,77.250689
163,Maharaja Agrasen ENT Healthcare,Delhi,Tier-1,ENT,3.1,True,low,0.209,110025,28.686539,76.885101
164,Venkateshwar Orthopedics Healthcare,Delhi,Tier-1,Orthopedics,4.0,True,high,0.794,110060,28.469757,76.884361
165,Charak Gastroenterology Hospital,Delhi,Tier-1,Gastroenterology,4.1,True,high,0.828,110060,28.81255,77.289204
166,Moolchand Nephrology Clinic,Delhi,Tier-1,Nephrology,3.7,True,medium,0.525,110005,28.718411,76.893933
167,Holy Family ENT Healthcare,Delhi,Tier-1,ENT,3.7,True,medium,0.58,110025,28.476969,76.903516
168,BLK-Max Pediatrics Medical Center,Delhi,Tier-1,Pediatrics,4.2,True,high,0.81,110025,28.876744,76.98221
169,Dharamshila Urology Hospital,Delhi,Tier-1,Urology,4.3,True,high,0.79,110049,28.732729,76.967681
170,Indraprastha Urology Healthcare,Delhi,Tier-1,Urology,4.1,False,high,0.86,110025,28.504915,76.822649
171,Guru Teg Bahadur Gynaecology Medical Center,Delhi,Tier-1,Gynaecology,4.3,True,high,0.738,110049,28.502664,77.048493
172,Safdarjung Ophthalmology Institute,Delhi,Tier-1,Ophthalmology,4.5,True,high,0.99,110060,28.657565,77.285302
173,Sir Ganga Ram Oncology Institute,Delhi,Tier-1,Oncology,3.4,True,low,0.23,110016,28.808928,77.048528
174,Maharaja Agrasen Oncology Institute,Delhi,Tier-1,Oncology,3.9,True,medium,0.669,110001,28.729316,77.295549
175,Venkateshwar Ophthalmology Super Speciality Hospital,Delhi,Tier-1,Ophthalmology,4.4,True,high,0.83,110049,28.600876,77.291135
176,Charak Dermatology Super Speciality Hospital,Delhi,Tier-1,Dermatology,3.0,False,low,0.152,110002,28.672038,77.248559
177,Moolchand Gastroenterology Medical Center,Delhi,Tier-1,Gastroenterology,4.2,True,high,0.919,110001,28.487259,76.89295
178,Holy Family Pediatrics Institute,Delhi,Tier-1,Pediatrics,4.0,True,medium,0.568,110005,28.538691,76.924975
179,BLK-Max Ophthalmology Hospital,Delhi,Tier-1,Ophthalmology,3.6,True,medium,0.43,110049,28.608164,76.863402
180,Dharamshila Gastroenterology Healthcare,Delhi,Tier-1,Gastroenterology,4.2,True,high,0.904,110005,28.845041,77.169828
181,Indraprastha Nephrology Medical Center,Delhi,Tier-1,Nephrology,3.6,False,medium,0.505,110016,28.546878,76.83716
182,Guru Teg Bahadur Cardiology Super Speciality Hospital,Delhi,Tier-1,Cardiology,4.0,True,high,0.739,110005,28.747436,77.11138
183,Safdarjung Cardiology Healthcare,Delhi,Tier-1,Cardiology,4.4,True,high,0.774,110092,28.614222,77.204643
184,Sir Ganga Ram ENT Medical Center,Delhi,Tier-1,ENT,4.1,True,medium,0.508,110001,28.478526,76.922389
185,Maharaja Agrasen Dermatology Hospital,Delhi,Tier-1,Dermatology,4.2,True,high,0.704,110005,28.568316,77.109323
186,Venkateshwar Gynaecology Medical Center,Delhi,Tier-1,Gynaecology,3.2,False,low,0.227,110016,28.870567,77.119571
187,Charak Cardiology Institute,Delhi,Tier-1,Cardiology,4.2,True,high,0.823,110049,28.432338,77.037672
188,Moolchand Gastroenterology Super Speciality Hospital,Delhi,Tier-1,Gastroenterology,4.5,True,high,0.925,110002,28.435719,77.085947
189,Holy Family Nephrology Medical Center,Delhi,Tier-1,Nephrology,3.6,True,medium,0.511,110001,28.765245,76.851242
190,BLK-Max Psychiatry Institute,Delhi,Tier-1,Psychiatry,4.3,True,high,0.811,110016,28.439927,77.125225
191,Dharamshila Ophthalmology Hospital,Delhi,Tier-1,Ophthalmology,3.4,False,medium,0.425,110049,28.651012,76.84625
192,Indraprastha Psychiatry Clinic,Delhi,Tier-1,Psychiatry,3.8,False,medium,0.613,110049,28.568688,76.840852
193,Guru Teg Bahadur Nephrology Clinic,Delhi,Tier-1,Nephrology,3.1,False,low,0.06,110060,28.748832,77.050823
194,Safdarjung Gynaecology Super Speciality Hospital,Delhi,Tier-1,Gynaecology,3.2,False,low,0.116,110049,28.536169,77.195247
195,Sir Ganga Ram Ophthalmology Hospital,Delhi,Tier-1,Ophthalmology,3.0,False,low,0.043,110005,28.865586,77.230329
196,Maharaja Agrasen Gynaecology Institute,Delhi,Tier-1,Gynaecology,4.0,True,medium,0.659,110005,28.463248,76.901071
197,Venkateshwar Oncology Clinic,Delhi,Tier-1,Oncology,4.3,True,high,0.766,110016,28.607917,76.850093
198,Charak Gastroenterology Super Speciality Hospital,Delhi,Tier-1,Gastroenterology,4.0,False,medium,0.614,110049,28.61991,77.198456
199,Moolchand Psychiatry Super Speciality Hospital,Delhi,Tier-1,Psychiatry,4.3,True,high,0.88,110016,28.623699,77.220801
200,Holy Family Nephrology Institute,Delhi,Tier-1,Nephrology,4.2,True,high,0.828,110002,28.870547,76.876154
201,BLK-Max Gastroenterology Super Speciality Hospital,Delhi,Tier-1,Gastroenterology,4.2,True,medium,0.625,110002,28.682829,76.829257
202,Dharamshila Dermatology Hospital,Delhi,Tier-1,Dermatology,4.0,False,medium,0.614,110025,28.716074,76.93653
203,Indraprastha Gastroenterology Hospital,Delhi,Tier-1,Gastroenterology,4.4,True,high,0.811,110060,28.737272,76.806476
204,Guru Teg Bahadur General Medicine Institute,Delhi,Tier-1,General Medicine,3.2,False,low,0.16,110001,28.814739,77.178103
205,Safdarjung Cardiology Hospital,Delhi,Tier-1,Cardiology,4.0,False,medium,0.573,110005,28.566986,76.965065
206,Sir Ganga Ram Pediatrics Medical Center,Delhi,Tier-1,Pediatrics,3.6,True,low,0.285,110025,28.521955,77.296268
207,Maharaja Agrasen Cardiology Super Speciality Hospital,Delhi,Tier-1,Cardiology,3.3,False,low,0.299,110016,28.43544,77.092012
208,Venkateshwar Gynaecology Clinic,Delhi,Tier-1,Gynaecology,3.0,True,low,0.016,110025,28.848694,76.968783
209,Charak Pediatrics Medical Center,Delhi,Tier-1,Pediatrics,4.1,False,medium,0.651,110016,28.855185,76.931842
210,Moolchand Psychiatry Hospital,Delhi,Tier-1,Psychiatry,4.1,True,high,0.835,110002,28.410978,77.173397
211,Holy Family Gastroenterology Institute,Delhi,Tier-1,Gastroenterology,4.2,True,high,0.718,110002,28.749951,76.805825
212,BLK-Max Oncology Healthcare,Delhi,Tier-1,Oncology,4.3,True,high,0.867,110025,28.447846,76.939476
213,Dharamshila ENT Healthcare,Delhi,Tier-1,ENT,3.3,True,low,0.038,110016,28.843971,77.074902
214,Indraprastha Gastroenterology Super Speciality Hospital,Delhi,Tier-1,Gastroenterology,3.5,False,low,0.363,110025,28.599528,76.971916
215,Guru Teg Bahadur ENT Hospital,Delhi,Tier-1,ENT,4.0,False,high,0.796,110001,28.495355,76.976217
216,Safdarjung Ophthalmology Healthcare,Delhi,Tier-1,Ophthalmology,4.1,False,medium,0.656,110025,28.735212,77.113235
217,Sir Ganga Ram Gynaecology Medical Center,Delhi,Tier-1,Gynaecology,4.5,True,high,0.857,110001,28.535316,76.83115
218,Maharaja Agrasen Pulmonology Institute,Delhi,Tier-1,Pulmonology,3.7,False,medium,0.631,110060,28.739013,77.197737
219,Venkateshwar ENT Healthcare,Delhi,Tier-1,ENT,3.6,False,low,0.347,110002,28.813674,76.940699
220,Charak Orthopedics Healthcare,Delhi,Tier-1,Orthopedics,4.2,True,high,0.832,110002,28.676634,76.927175
221,Moolchand Ophthalmology Medical Center,Delhi,Tier-1,Ophthalmology,4.0,True,medium,0.524,110001,28.505491,77.151367
222,Holy Family Orthopedics Clinic,Delhi,Tier-1,Orthopedics,3.5,False,low,0.176,110092,28.530521,77.056421
223,BLK-Max Neurology Institute,Delhi,Tier-1,Neurology,3.1,True,low,0.243,110001,28.54196,76.931595
224,Dharamshila Gastroenterology Institute,Delhi,Tier-1,Gastroenterology,3.1,False,low,0.014,110001,28.687291,76.810539
225,Indraprastha Pediatrics Healthcare,Delhi,Tier-1,Pediatrics,3.8,True,medium,0.536,110002,28.498972,77.119106
226,Guru Teg Bahadur Neurology Hospital,Delhi,Tier-1,Neurology,4.3,False,medium,0.689,110060,28.589902,77.068065
227,Safdarjung Oncology Institute,Delhi,Tier-1,Oncology,3.2,False,low,0.255,110005,28.758481,77.289657
228,Sir Ganga Ram Pediatrics Super Speciality Hospital,Delhi,Tier-1,Pediatrics,3.1,False,low,0.101,110005,28.789073,77.143579
229,Maharaja Agrasen General Medicine Medical Center,Delhi,Tier-1,General Medicine,3.5,False,low,0.318,110016,28.722883,76.954404
230,Venkateshwar Neurology Medical Center,Delhi,Tier-1,Neurology,3.4,False,medium,0.423,110025,28.671859,77.062852
231,Charak Orthopedics Super Speciality Hospital,Delhi,Tier-1,Orthopedics,3.9,True,high,0.758,110016,28.576664,77.263318
232,Moolchand Gynaecology Medical Center,Delhi,Tier-1,Gynaecology,4.0,False,medium,0.533,110016,28.724899,76.802297
233,Holy Family Psychiatry Clinic,Delhi,Tier-1,Psychiatry,4.6,True,high,0.858,110016,28.529812,77.282776
234,BLK-Max General Medicine Hospital,Delhi,Tier-1,General Medicine,4.4,True,high,0.962,110001,28.702471,77.284533
235,Dharamshila Neurology Medical Center,Delhi,Tier-1,Neurology,3.2,False,low,0.249,110025,28.631179,76.818194
236,Indraprastha ENT Clinic,Delhi,Tier-1,ENT,4.5,True,high,0.817,110049,28.653851,77.041949
237,Guru Teg Bahadur Urology Hospital,Delhi,Tier-1,Urology,4.3,True,high,0.71,110005,28.72625,77.041106
238,Safdarjung Pediatrics Super Speciality Hospital,Delhi,Tier-1,Pediatrics,3.7,False,medium,0.603,110016,28.567942,77.045384
239,Sir Ganga Ram Gynaecology Institute,Delhi,Tier-1,Gynaecology,4.4,True,high,0.84,110016,28.422736,77.216968
240,Maharaja Agrasen Orthopedics Super Speciality Hospital,Delhi,Tier-1,Orthopedics,3.7,False,medium,0.635,110002,28.504648,77.216279
241,Venkateshwar Gynaecology Healthcare,Delhi,Tier-1,Gynaecology,3.6,True,medium,0.483,110092,28.753588,76.826885
242,Charak Dermatology Medical Center,Delhi,Tier-1,Dermatology,4.0,True,high,0.756,110016,28.526576,77.068452
243,Moolchand Urology Healthcare,Delhi,Tier-1,Urology,3.6,False,low,0.26,110092,28.432092,77.289194
244,Holy Family Cardiology Hospital,Delhi,Tier-1,Cardiology,4.6,True,high,0.983,110001,28.86928,77.252278
245,BLK-Max General Medicine Super Speciality Hospital,Delhi,Tier-1,General Medicine,4.5,True,high,0.896,110001,28.476783,76.856778
246,Dharamshila ENT Super Speciality Hospital,Delhi,Tier-1,ENT,4.4,True,high,0.889,110049,28.584228,76.80005
247,Indraprastha Nephrology Institute,Delhi,Tier-1,Nephrology,3.4,False,low,0.181,110002,28.458262,76.850706
248,Guru Teg Bahadur Gynaecology Super Speciality Hospital,Delhi,Tier-1,Gynaecology,4.3,True,high,0.974,110060,28.480663,77.222214
249,Safdarjung Pediatrics Medical Center,Delhi,Tier-1,Pediatrics,3.3,True,low,0.313,110025,28.505393,76.801222
250,Sir Ganga Ram General Medicine Clinic,Delhi,Tier-1,General Medicine,4.5,True,high,0.846,110060,28.463547,76.986167
251,Maharaja Agrasen Orthopedics Super Speciality Hospital,Delhi,Tier-1,Orthopedics,3.7,False,medium,0.568,110049,28.833259,76.933476
252,Venkateshwar Cardiology Super Speciality Hospital,Delhi,Tier-1,Cardiology,4.5,True,high,0.972,110005,28.605542,77.133514
253,Charak Orthopedics Hospital,Delhi,Tier-1,Orthopedics,4.5,True,high,0.825,110016,28.618424,77.028559
254,Moolchand Cardiology Institute,Delhi,Tier-1,Cardiology,3.0,False,low,0.081,110049,28.858132,77.196015
255,Holy Family Oncology Medical Center,Delhi,Tier-1,Oncology,3.5,False,medium,0.472,110025,28.438218,77.046099
256,BLK-Max Gastroenterology Clinic,Delhi,Tier-1,Gastroenterology,4.2,True,high,0.988,110002,28.642045,77.210854
257,Dharamshila Ophthalmology Clinic,Delhi,Tier-1,Ophthalmology,3.2,False,low,0.323,110002,28.579878,77.078628
258,Indraprastha Gynaecology Medical Center,Delhi,Tier-1,Gynaecology,3.2,False,low,0.224,110060,28.555524,76.990185
259,Guru Teg Bahadur Pediatrics Institute,Delhi,Tier-1,Pediatrics,4.6,True,high,0.913,110016,28.406603,77.111137
260,Safdarjung Ophthalmology Super Speciality Hospital,Delhi,Tier-1,Ophthalmology,3.0,False,low,0.158,110092,28.486169,77.212105
261,Sir Ganga Ram Gynaecology Healthcare,Delhi,Tier-1,Gynaecology,4.4,True,high,0.896,110060,28.675398,77.097451
262,Maharaja Agrasen Cardiology Clinic,Delhi,Tier-1,Cardiology,4.1,True,high,0.796,110025,28.476305,77.269212
263,Venkateshwar Pediatrics Super Speciality Hospital,Delhi,Tier-1,Pediatrics,3.9,True,medium,0.452,110002,28.874491,77.224052
264,Charak Ophthalmology Hospital,Delhi,Tier-1,Ophthalmology,3.6,True,medium,0.437,110025,28.651558,77.291471
265,Moolchand Gynaecology Medical Center,Delhi,Tier-1,Gynaecology,3.3,False,low,0.131,110049,28.66417,76.840815
266,Holy Family Neurology Clinic,Delhi,Tier-1,Neurology,3.5,True,medium,0.498,110016,28.405858,76.872351
267,BLK-Max ENT Healthcare,Delhi,Tier-1,ENT,4.4,True,high,0.824,110025,28.72449,76.987385
268,Dharamshila General Medicine Medical Center,Delhi,Tier-1,General Medicine,4.4,False,high,0.759,110005,28.606845,77.291801
269,Indraprastha Oncology Super Speciality Hospital,Delhi,Tier-1,Oncology,4.4,True,high,0.926,110025,28.476908,77.265607
270,Guru Teg Bahadur Oncology Healthcare,Delhi,Tier-1,Oncology,3.6,True,medium,0.484,110060,28.598694,77.253814
271,Safdarjung Cardiology Institute,Delhi,Tier-1,Cardiology,4.2,True,high,0.943,110049,28.516722,77.199621
272,Sir Ganga Ram Pediatrics Institute,Delhi,Tier-1,Pediatrics,4.1,True,high,0.926,110016,28.482305,77.258427
273,Maharaja Agrasen General Medicine Medical Center,Delhi,Tier-1,General Medicine,3.0,False,low,0.172,110001,28.613417,76.96234
274,Venkateshwar Psychiatry Super Speciality Hospital,Delhi,Tier-1,Psychiatry,4.1,False,high,0.744,110016,28.581455,77.035986
275,Charak ENT Medical Center,Delhi,Tier-1,ENT,4.4,True,high,0.805,110049,28.512609,77.07779
276,Moolchand Urology Clinic,Delhi,Tier-1,Urology,4.1,True,medium,0.677,110060,28.650367,76.950141
277,Holy Family Urology Hospital,Delhi,Tier-1,Urology,3.8,True,medium,0.405,110001,28.765712,76.821648
278,BLK-Max Oncology Super Speciality Hospital,Delhi,Tier-1,Oncology,4.3,True,high,0.761,110002,28.415299,77.075425
279,Dharamshila General Medicine Healthcare,Delhi,Tier-1,General Medicine,4.2,True,high,0.812,110016,28.783537,77.111734
280,Indraprastha Ophthalmology Super Speciality Hospital,Delhi,Tier-1,Ophthalmology,4.4,True,high,0.872,110002,28.609514,76.899501
281,Guru Teg Bahadur General Medicine Healthcare,Delhi,Tier-1,General Medicine,3.9,True,high,0.7,110025,28.54477,77.273441
282,Safdarjung General Medicine Super Speciality Hospital,Delhi,Tier-1,General Medicine,4.2,True,high,0.998,110092,28.757792,76.898472
283,Sir Ganga Ram Gastroenterology Healthcare,Delhi,Tier-1,Gastroenterology,3.5,True,medium,0.551,110025,28.467392,76.879513
284,Maharaja Agrasen Cardiology Super Speciality Hospital,Delhi,Tier-1,Cardiology,4.2,True,high,0.851,110016,28.428097,76.885884
285,Venkateshwar Gynaecology Institute,Delhi,Tier-1,Gynaecology,3.0,True,low,0.088,110016,28.778274,77.048487
286,Charak General Medicine Medical Center,Delhi,Tier-1,General Medicine,3.0,False,low,0.089,110060,28.754679,76.856757
287,Moolchand Nephrology Medical Center,Delhi,Tier-1,Nephrology,4.4,True,high,0.945,110025,28.50422,76.808028
288,Holy Family ENT Healthcare,Delhi,Tier-1,ENT,4.0,True,high,0.843,110092,28.526403,76.810436
289,BLK-Max Cardiology Institute,Delhi,Tier-1,Cardiology,3.8,False,medium,0.679,110001,28.645418,76.898294
290,Dharamshila ENT Institute,Delhi,Tier-1,ENT,3.7,False,low,0.341,110005,28.75404,76.896636
291,Indraprastha General Medicine Super Speciality Hospital,Delhi,Tier-1,General Medicine,4.4,True,high,0.924,110092,28.50846,76.995372
292,Guru Teg Bahadur ENT Medical Center,Delhi,Tier-1,ENT,3.6,True,medium,0.542,110049,28.778422,77.180073
293,Safdarjung Ophthalmology Medical Center,Delhi,Tier-1,Ophthalmology,4.4,True,high,0.88,110005,28.72139,77.179484
294,Sir Ganga Ram Pediatrics Institute,Delhi,Tier-1,Pediatrics,3.9,True,high,0.82,110005,28.568214,77.230614
295,Maharaja Agrasen Ophthalmology Medical Center,Delhi,Tier-1,Ophthalmology,4.2,True,high,0.948,110060,28.871665,77.181467
296,Venkateshwar Neurology Institute,Delhi,Tier-1,Neurology,4.1,False,medium,0.557,110049,28.743063,77.230275
297,Charak Orthopedics Super Speciality Hospital,Delhi,Tier-1,Orthopedics,3.0,False,low,0.107,110060,28.861134,77.140074
298,Moolchand Gastroenterology Medical Center,Delhi,Tier-1,Gastroenterology,3.3,False,low,0.268,110025,28.497084,76.906867
299,Holy Family Pediatrics Institute,Delhi,Tier-1,Pediatrics,3.6,False,medium,0.41,110092,28.638147,77.298018
300,BLK-Max Gynaecology Super Speciality Hospital,Delhi,Tier-1,Gynaecology,4.0,True,high,0.714,110025,28.502108,77.08261
301,Kempegowda Orthopedics Clinic,Bangalore,Tier-1,Orthopedics,4.4,True,high,0.954,560102,12.855983,77.53233
302,Sri Jayadeva ENT Super Speciality Hospital,Bangalore,Tier-1,ENT,3.8,True,medium,0.676,560102,13.022169,77.543669
303,Narayana Hrudayalaya Cardiology Medical Center,Bangalore,Tier-1,Cardiology,3.7,False,medium,0.636,560002,12.994434,77.682672
304,Manipal General Medicine Super Speciality Hospital,Bangalore,Tier-1,General Medicine,4.2,False,medium,0.594,560086,12.926693,77.653829
305,MS Ramaiah Gastroenterology Hospital,Bangalore,Tier-1,Gastroenterology,4.3,False,high,0.905,560102,13.086362,77.5645
306,Sparsh Pediatrics Hospital,Bangalore,Tier-1,Pediatrics,4.3,True,high,0.99,560086,12.997181,77.616711
307,Sagar ENT Clinic,Bangalore,Tier-1,ENT,3.3,False,low,0.057,560002,12.963864,77.568007
308,Chinmaya Psychiatry Super Speciality Hospital,Bangalore,Tier-1,Psychiatry,3.2,False,low,0.168,560004,12.877637,77.53039
309,St. John's Pediatrics Healthcare,Bangalore,Tier-1,Pediatrics,3.8,False,medium,0.506,560001,13.087438,77.666709
310,Vydehi Pulmonology Super Speciality Hospital,Bangalore,Tier-1,Pulmonology,4.3,True,high,0.806,560034,13.096659,77.567386
311,Basaveshwara Nephrology Institute,Bangalore,Tier-1,Nephrology,3.7,False,low,0.284,560025,13.078797,77.632878
312,Kempegowda ENT Super Speciality Hospital,Bangalore,Tier-1,ENT,4.5,True,high,0.843,560102,13.026643,77.618885
313,Sri Jayadeva Neurology Hospital,Bangalore,Tier-1,Neurology,4.0,True,high,0.767,560034,13.048632,77.545988
314,Narayana Hrudayalaya Ophthalmology Hospital,Bangalore,Tier-1,Ophthalmology,4.2,True,high,0.762,560025,12.868564,77.573792
315,Manipal ENT Hospital,Bangalore,Tier-1,ENT,3.9,True,high,0.718,560102,13.091407,77.659785
316,MS Ramaiah Nephrology Medical Center,Bangalore,Tier-1,Nephrology,4.0,True,high,0.79,560004,12.904961,77.559286
317,Sparsh Nephrology Hospital,Bangalore,Tier-1,Nephrology,4.3,True,high,0.959,560002,12.857254,77.511812
318,Sagar Urology Clinic,Bangalore,Tier-1,Urology,4.0,False,high,0.803,560076,12.913458,77.559226
319,Chinmaya Urology Institute,Bangalore,Tier-1,Urology,3.9,True,medium,0.676,560034,12.992409,77.571291
320,St. John's Orthopedics Super Speciality Hospital,Bangalore,Tier-1,Orthopedics,4.4,True,high,0.882,560076,12.871311,77.506343
321,Vydehi Neurology Hospital,Bangalore,Tier-1,Neurology,3.6,False,medium,0.595,560004,13.095142,77.668058
322,Basaveshwara Psychiatry Medical Center,Bangalore,Tier-1,Psychiatry,4.1,True,high,0.874,560004,12.896328,77.669408
323,Kempegowda General Medicine Medical Center,Bangalore,Tier-1,General Medicine,3.1,False,low,0.237,560076,12.887089,77.638189
324,Sri Jayadeva Gynaecology Super Speciality Hospital,Bangalore,Tier-1,Gynaecology,4.4,True,high,0.787,560102,12.860234,77.539817
325,Narayana Hrudayalaya ENT Clinic,Bangalore,Tier-1,ENT,4.3,True,high,0.954,560076,12.997541,77.677662
326,Manipal Oncology Super Speciality Hospital,Bangalore,Tier-1,Oncology,3.4,True,low,0.258,560076,12.85618,77.50934
327,MS Ramaiah Pulmonology Institute,Bangalore,Tier-1,Pulmonology,4.3,True,high,0.948,560004,12.98141,77.624146
328,Sparsh Pediatrics Super Speciality Hospital,Bangalore,Tier-1,Pediatrics,3.6,False,medium,0.573,560025,12.973333,77.656186
329,Sagar General Medicine Medical Center,Bangalore,Tier-1,General Medicine,3.4,False,low,0.225,560102,13.019314,77.644917
330,Chinmaya Gynaecology Super Speciality Hospital,Bangalore,Tier-1,Gynaecology,3.9,True,medium,0.448,560034,12.987697,77.528276
331,St. John's Neurology Healthcare,Bangalore,Tier-1,Neurology,4.4,True,high,0.96,560086,13.070471,77.572371
332,Vydehi Oncology Hospital,Bangalore,Tier-1,Oncology,3.6,True,medium,0.401,560086,12.902918,77.69798
333,Basaveshwara Cardiology Clinic,Bangalore,Tier-1,Cardiology,3.6,False,low,0.289,560025,13.039484,77.578246
334,Kempegowda Urology Healthcare,Bangalore,Tier-1,Urology,4.0,True,high,0.773,560086,12.867157,77.643897
335,Sri Jayadeva Gastroenterology Institute,Bangalore,Tier-1,Gastroenterology,3.9,True,medium,0.466,560102,13.053726,77.546959
336,Narayana Hrudayalaya Gynaecology Institute,Bangalore,Tier-1,Gynaecology,3.7,False,medium,0.537,560004,13.019743,77.656518
337,Manipal Ophthalmology Institute,Bangalore,Tier-1,Ophthalmology,3.9,False,medium,0.428,560025,12.94171,77.639372
338,MS Ramaiah Pediatrics Healthcare,Bangalore,Tier-1,Pediatrics,3.4,False,medium,0.437,560034,13.024874,77.580662
339,Sparsh General Medicine Institute,Bangalore,Tier-1,General Medicine,4.4,True,high,0.882,560002,12.946959,77.574205
340,Sagar Gastroenterology Hospital,Bangalore,Tier-1,Gastroenterology,4.2,True,high,0.82,560002,12.976762,77.612472
341,Chinmaya Nephrology Medical Center,Bangalore,Tier-1,Nephrology,3.9,True,medium,0.485,560102,12.851427,77.564961
342,St. John's Gastroenterology Clinic,Bangalore,Tier-1,Gastroenterology,4.2,True,high,0.952,560034,13.04327,77.557761
343,Vydehi Orthopedics Super Speciality Hospital,Bangalore,Tier-1,Orthopedics,4.4,True,high,0.788,560076,13.001292,77.682723
344,Basaveshwara Pulmonology Clinic,Bangalore,Tier-1,Pulmonology,4.0,True,medium,0.568,560076,13.063509,77.646947
345,Kempegowda Pediatrics Hospital,Bangalore,Tier-1,Pediatrics,4.4,True,high,0.846,560102,13.032575,77.589851
346,Sri Jayadeva Ophthalmology Healthcare,Bangalore,Tier-1,Ophthalmology,4.3,True,high,0.767,560002,13.089203,77.528849
347,Narayana Hrudayalaya General Medicine Hospital,Bangalore,Tier-1,General Medicine,3.6,False,low,0.239,560025,12.92467,77.563346
348,Manipal ENT Healthcare,Bangalore,Tier-1,ENT,3.7,False,medium,0.624,560076,12.896123,77.527813
349,MS Ramaiah General Medicine Medical Center,Bangalore,Tier-1,General Medicine,4.2,True,high,0.947,560002,12.911774,77.518773
350,Sparsh Gynaecology Hospital,Bangalore,Tier-1,Gynaecology,3.2,False,low,0.215,560102,12.938654,77.58699
351,Sagar Nephrology Hospital,Bangalore,Tier-1,Nephrology,3.8,False,medium,0.572,560002,12.888391,77.603336
352,Chinmaya Cardiology Medical Center,Bangalore,Tier-1,Cardiology,4.0,True,high,0.775,560004,12.949723,77.579567
353,St. John's Nephrology Super Speciality Hospital,Bangalore,Tier-1,Nephrology,3.8,False,medium,0.428,560034,13.044068,77.518873
354,Vydehi Pediatrics Hospital,Bangalore,Tier-1,Pediatrics,4.2,True,high,0.754,560004,13.049334,77.690338
355,Basaveshwara Ophthalmology Clinic,Bangalore,Tier-1,Ophthalmology,3.5,False,low,0.172,560034,13.032608,77.538469
356,Kempegowda Cardiology Hospital,Bangalore,Tier-1,Cardiology,4.0,False,medium,0.633,560002,12.85432,77.645058
357,Sri Jayadeva General Medicine Medical Center,Bangalore,Tier-1,General Medicine,3.5,False,low,0.193,560002,13.081173,77.553194
358,Narayana Hrudayalaya Urology Clinic,Bangalore,Tier-1,Urology,4.2,True,high,0.852,560086,13.019503,77.642991
359,Manipal Neurology Super Speciality Hospital,Bangalore,Tier-1,Neurology,4.1,True,medium,0.594,560102,13.05891,77.652451
360,MS Ramaiah General Medicine Hospital,Bangalore,Tier-1,General Medicine,4.0,True,medium,0.499,560004,13.095003,77.635461
361,Sparsh Pediatrics Medical Center,Bangalore,Tier-1,Pediatrics,4.3,True,high,0.859,560002,12.990151,77.607653
362,Sagar Urology Healthcare,Bangalore,Tier-1,Urology,4.2,True,high,0.718,560025,13.014248,77.578754
363,Chinmaya General Medicine Super Speciality Hospital,Bangalore,Tier-1,General Medicine,3.8,False,medium,0.412,560102,12.934853,77.568596
364,St. John's Orthopedics Healthcare,Bangalore,Tier-1,Orthopedics,4.1,False,medium,0.529,560002,12.909402,77.573295
365,Vydehi Neurology Institute,Bangalore,Tier-1,Neurology,3.9,True,medium,0.647,560004,12.952772,77.598837
366,Basaveshwara Dermatology Institute,Bangalore,Tier-1,Dermatology,3.1,False,low,0.152,560001,12.957826,77.582655
367,Kempegowda Orthopedics Clinic,Bangalore,Tier-1,Orthopedics,3.2,False,low,0.16,560102,12.984744,77.622808
368,Sri Jayadeva Cardiology Clinic,Bangalore,Tier-1,Cardiology,3.8,True,medium,0.513,560076,13.081615,77.632624
369,Narayana Hrudayalaya General Medicine Institute,Bangalore,Tier-1,General Medicine,4.3,True,high,0.938,560004,13.08804,77.6263
370,Manipal Urology Medical Center,Bangalore,Tier-1,Urology,3.8,False,medium,0.639,560076,12.871524,77.52264
371,MS Ramaiah Oncology Clinic,Bangalore,Tier-1,Oncology,3.4,True,low,0.082,560001,13.074268,77.589823
372,Sparsh Orthopedics Hospital,Bangalore,Tier-1,Orthopedics,3.9,True,high,0.747,560086,12.909305,77.575299
373,Sagar Nephrology Healthcare,Bangalore,Tier-1,Nephrology,4.1,False,high,0.804,560076,12.932448,77.529556
374,Chinmaya Neurology Super Speciality Hospital,Bangalore,Tier-1,Neurology,3.2,False,low,0.098,560102,12.994641,77.612371
375,St. John's Cardiology Clinic,Bangalore,Tier-1,Cardiology,4.2,True,high,0.955,560076,13.041703,77.563254
376,Vydehi Psychiatry Medical Center,Bangalore,Tier-1,Psychiatry,4.2,True,high,0.797,560002,13.075682,77.668738
377,Basaveshwara Orthopedics Hospital,Bangalore,Tier-1,Orthopedics,4.5,True,high,0.94,560034,12.904267,77.675745
378,Kempegowda Gastroenterology Super Speciality Hospital,Bangalore,Tier-1,Gastroenterology,3.6,False,low,0.252,560004,12.895172,77.641194
379,Sri Jayadeva Neurology Hospital,Bangalore,Tier-1,Neurology,3.2,False,low,0.003,560086,12.908701,77.677874
380,Narayana Hrudayalaya Pediatrics Medical Center,Bangalore,Tier-1,Pediatrics,4.3,False,high,0.747,560086,13.040568,77.520783
381,Manipal General Medicine Healthcare,Bangalore,Tier-1,General Medicine,4.3,True,high,0.794,560034,13.089368,77.608506
382,MS Ramaiah Orthopedics Clinic,Bangalore,Tier-1,Orthopedics,3.6,False,medium,0.55,560086,13.077586,77.600938
383,Sparsh Orthopedics Hospital,Bangalore,Tier-1,Orthopedics,4.0,False,high,0.737,560076,12.875679,77.669824
384,Sagar Pediatrics Super Speciality Hospital,Bangalore,Tier-1,Pediatrics,3.8,False,medium,0.516,560002,12.952401,77.590531
385,Chinmaya Psychiatry Clinic,Bangalore,Tier-1,Psychiatry,4.5,True,high,0.795,560102,12.906006,77.641766
386,St. John's Cardiology Medical Center,Bangalore,Tier-1,Cardiology,4.4,True,high,0.939,560004,13.084043,77.530557
387,Vydehi Neurology Super Speciality Hospital,Bangalore,Tier-1,Neurology,4.1,True,high,0.733,560004,13.00787,77.592973
388,Basaveshwara General Medicine Hospital,Bangalore,Tier-1,General Medicine,4.4,True,high,0.739,560004,12.981756,77.672319
389,Kempegowda Cardiology Clinic,Bangalore,Tier-1,Cardiology,4.3,True,high,0.752,560001,12.866442,77.628518
390,Sri Jayadeva Neurology Clinic,Bangalore,Tier-1,Neurology,4.4,False,high,0.888,560076,12.978919,77.573521
391,Narayana Hrudayalaya Ophthalmology Medical Center,Bangalore,Tier-1,Ophthalmology,4.2,True,high,0.962,560001,12.947594,77.624017
392,Manipal Cardiology Hospital,Bangalore,Tier-1,Cardiology,3.8,False,low,0.354,560076,12.910982,77.615709
393,MS Ramaiah Pulmonology Institute,Bangalore,Tier-1,Pulmonology,3.0,True,low,0.102,560002,13.087569,77.602161
394,Sparsh Psychiatry Super Speciality Hospital,Bangalore,Tier-1,Psychiatry,3.2,False,low,0.044,560025,13.086882,77.679591
395,Sagar ENT Healthcare,Bangalore,Tier-1,ENT,3.9,False,medium,0.588,560002,13.025743,77.528921
396,Chinmaya Pulmonology Clinic,Bangalore,Tier-1,Pulmonology,4.0,True,medium,0.605,560076,13.073084,77.510581
397,St. John's Ophthalmology Super Speciality Hospital,Bangalore,Tier-1,Ophthalmology,4.1,True,medium,0.658,560086,13.089386,77.517827
398,Vydehi Nephrology Super Speciality Hospital,Bangalore,Tier-1,Nephrology,3.9,True,medium,0.681,560004,13.027909,77.658814
399,Basaveshwara Cardiology Clinic,Bangalore,Tier-1,Cardiology,4.4,True,high,0.998,560034,12.892361,77.694507
400,Kempegowda ENT Clinic,Bangalore,Tier-1,ENT,3.8,False,medium,0.677,560004,13.04122,77.561098
401,Sri Jayadeva Cardiology Institute,Bangalore,Tier-1,Cardiology,4.3,True,high,0.87,560002,12.871209,77.571878
402,Narayana Hrudayalaya Oncology Healthcare,Bangalore,Tier-1,Oncology,3.1,False,low,0.097,560002,13.057241,77.648215
403,Manipal Oncology Hospital,Bangalore,Tier-1,Oncology,3.8,True,high,0.709,560004,12.982491,77.572708
404,MS Ramaiah Neurology Hospital,Bangalore,Tier-1,Neurology,3.9,True,medium,0.669,560025,12.945956,77.625258
405,Sparsh Ophthalmology Institute,Bangalore,Tier-1,Ophthalmology,4.2,True,high,0.888,560025,12.934196,77.671069
406,Sagar Urology Medical Center,Bangalore,Tier-1,Urology,4.6,True,high,0.992,560004,12.889282,77.640912
407,Chinmaya Pulmonology Institute,Bangalore,Tier-1,Pulmonology,4.5,True,high,0.841,560025,13.063428,77.655133
408,St. John's Orthopedics Hospital,Bangalore,Tier-1,Orthopedics,4.2,True,medium,0.619,560102,12.853754,77.632867
409,Vydehi Neurology Clinic,Bangalore,Tier-1,Neurology,4.4,True,high,0.776,560002,12.994449,77.679077
410,Basaveshwara Pulmonology Super Speciality Hospital,Bangalore,Tier-1,Pulmonology,3.0,False,low,0.109,560025,12.861139,77.548311
411,Kempegowda Psychiatry Clinic,Bangalore,Tier-1,Psychiatry,4.3,True,high,0.894,560086,12.864412,77.511471
412,Sri Jayadeva Nephrology Clinic,Bangalore,Tier-1,Nephrology,3.0,False,low,0.021,560086,12.890798,77.656609
413,Narayana Hrudayalaya Gynaecology Medical Center,Bangalore,Tier-1,Gynaecology,3.9,False,medium,0.685,560086,12.919378,77.660736
414,Manipal General Medicine Hospital,Bangalore,Tier-1,General Medicine,4.4,True,high,0.885,560001,12.984267,77.66281
415,MS Ramaiah Gynaecology Super Speciality Hospital,Bangalore,Tier-1,Gynaecology,4.6,True,high,0.861,560002,12.88467,77.554254
416,Sparsh Oncology Super Speciality Hospital,Bangalore,Tier-1,Oncology,4.2,False,high,0.738,560102,12.883477,77.530025
417,Sagar Pediatrics Institute,Bangalore,Tier-1,Pediatrics,4.4,True,high,0.843,560025,12.967256,77.528312
418,Chinmaya Pediatrics Clinic,Bangalore,Tier-1,Pediatrics,3.7,False,medium,0.655,560025,12.920253,77.640284
419,St. John's Nephrology Super Speciality Hospital,Bangalore,Tier-1,Nephrology,3.5,False,medium,0.41,560002,13.04277,77.575461
420,Vydehi General Medicine Super Speciality Hospital,Bangalore,Tier-1,General Medicine,3.7,False,medium,0.586,560002,12.961445,77.695911
421,Basaveshwara General Medicine Medical Center,Bangalore,Tier-1,General Medicine,3.7,True,medium,0.537,560102,12.914874,77.699888
422,Kempegowda Oncology Healthcare,Bangalore,Tier-1,Oncology,4.4,True,high,0.847,560102,12.983116,77.563332
423,Sri Jayadeva Oncology Super Speciality Hospital,Bangalore,Tier-1,Oncology,3.9,True,medium,0.461,560002,12.975941,77.531319
424,Narayana Hrudayalaya Neurology Clinic,Bangalore,Tier-1,Neurology,3.9,True,medium,0.447,560076,13.004354,77.538371
425,Manipal Ophthalmology Healthcare,Bangalore,Tier-1,Ophthalmology,3.8,True,medium,0.591,560025,13.053833,77.629703
426,MS Ramaiah Oncology Hospital,Bangalore,Tier-1,Oncology,4.6,True,high,0.875,560034,13.040141,77.552333
427,Sparsh Urology Super Speciality Hospital,Bangalore,Tier-1,Urology,3.9,False,medium,0.689,560076,13.076684,77.651532
428,Sagar Gastroenterology Medical Center,Bangalore,Tier-1,Gastroenterology,3.8,False,medium,0.599,560034,13.046473,77.517975
429,Chinmaya Gastroenterology Medical Center,Bangalore,Tier-1,Gastroenterology,4.4,True,high,0.892,560001,13.027517,77.604075
430,St. John's Cardiology Clinic,Bangalore,Tier-1,Cardiology,4.1,True,high,0.826,560076,12.989123,77.590291
431,Vydehi Cardiology Institute,Bangalore,Tier-1,Cardiology,3.9,False,medium,0.61,560076,12.932304,77.571479
432,Basaveshwara Ophthalmology Hospital,Bangalore,Tier-1,Ophthalmology,4.2,True,high,0.705,560102,12.959517,77.613358
433,Kempegowda Gynaecology Institute,Bangalore,Tier-1,Gynaecology,4.6,True,high,0.916,560025,12.939263,77.620894
434,Sri Jayadeva Cardiology Medical Center,Bangalore,Tier-1,Cardiology,4.1,True,high,0.708,560102,13.092668,77.642348
435,Narayana Hrudayalaya ENT Super Speciality Hospital,Bangalore,Tier-1,ENT,4.1,True,high,0.88,560025,12.9299,77.614935
436,Manipal Cardiology Healthcare,Bangalore,Tier-1,Cardiology,4.1,True,medium,0.63,560076,12.861251,77.666143
437,MS Ramaiah Gastroenterology Clinic,Bangalore,Tier-1,Gastroenterology,4.0,True,high,0.737,560102,12.940552,77.621084
438,Sparsh Cardiology Super Speciality Hospital,Bangalore,Tier-1,Cardiology,4.5,True,high,0.801,560076,12.903084,77.666589
439,Sagar Gastroenterology Institute,Bangalore,Tier-1,Gastroenterology,3.5,False,medium,0.418,560034,13.049249,77.537202
440,Chinmaya Pediatrics Medical Center,Bangalore,Tier-1,Pediatrics,3.7,True,medium,0.609,560034,12.998728,77.614912
441,St. John's Orthopedics Hospital,Bangalore,Tier-1,Orthopedics,4.0,False,high,0.729,560034,12.98207,77.542909
442,Vydehi Nephrology Healthcare,Bangalore,Tier-1,Nephrology,4.5,True,high,0.815,560086,13.069456,77.528951
443,Basaveshwara Orthopedics Hospital,Bangalore,Tier-1,Orthopedics,3.8,False,medium,0.643,560025,12.855866,77.582646
444,Kempegowda Pulmonology Medical Center,Bangalore,Tier-1,Pulmonology,3.2,False,low,0.081,560004,13.00714,77.677689
445,Sri Jayadeva Neurology Institute,Bangalore,Tier-1,Neurology,4.1,False,high,0.886,560034,12.868954,77.524132
446,Narayana Hrudayalaya Pulmonology Institute,Bangalore,Tier-1,Pulmonology,4.4,False,high,0.838,560086,13.024642,77.509972
447,Manipal Urology Super Speciality Hospital,Bangalore,Tier-1,Urology,4.1,True,medium,0.567,560076,12.946823,77.518625
448,MS Ramaiah Psychiatry Healthcare,Bangalore,Tier-1,Psychiatry,3.0,False,low,0.142,560002,13.013499,77.538008
449,Sparsh Urology Super Speciality Hospital,Bangalore,Tier-1,Urology,3.3,False,low,0.363,560086,12.95679,77.698385
450,Sagar Dermatology Hospital,Bangalore,Tier-1,Dermatology,4.1,True,high,0.895,560034,13.090994,77.517941
451,Nizam's Pulmonology Healthcare,Hyderabad,Tier-1,Pulmonology,3.9,False,medium,0.534,500002,17.435796,78.393708
452,Yashoda Cardiology Medical Center,Hyderabad,Tier-1,Cardiology,3.0,True,low,0.007,500004,17.385528,78.405815
453,KIMS Pediatrics Medical Center,Hyderabad,Tier-1,Pediatrics,3.8,True,medium,0.636,500002,17.440163,78.47586
454,Basavatarakam General Medicine Super Speciality Hospital,Hyderabad,Tier-1,General Medicine,4.2,True,high,0.815,500016,17.327608,78.344326
455,Osmania Oncology Super Speciality Hospital,Hyderabad,Tier-1,Oncology,4.2,True,high,0.876,500002,17.430317,78.452049
456,Sunshine Orthopedics Institute,Hyderabad,Tier-1,Orthopedics,4.1,True,high,0.95,500034,17.316555,78.37138
457,Medicover General Medicine Medical Center,Hyderabad,Tier-1,General Medicine,3.4,False,low,0.261,500002,17.35451,78.519039
458,Star Cardiology Medical Center,Hyderabad,Tier-1,Cardiology,3.6,False,low,0.356,500034,17.415335,78.413113
459,Owaisi Dermatology Super Speciality Hospital,Hyderabad,Tier-1,Dermatology,4.2,True,high,0.767,500016,17.452186,78.456132
460,Sri Balaji Cardiology Healthcare,Hyderabad,Tier-1,Cardiology,3.8,True,medium,0.523,500004,17.415933,78.509129
461,Kakatiya Ophthalmology Super Speciality Hospital,Hyderabad,Tier-1,Ophthalmology,3.6,False,medium,0.527,500034,17.306989,78.323378
462,Nizam's Oncology Hospital,Hyderabad,Tier-1,Oncology,3.8,True,high,0.721,500002,17.383712,78.399014
463,Yashoda Psychiatry Institute,Hyderabad,Tier-1,Psychiatry,3.2,False,low,0.063,500095,17.454518,78.525021
464,KIMS Cardiology Healthcare,Hyderabad,Tier-1,Cardiology,4.0,True,high,0.836,500016,17.367829,78.321776
465,Basavatarakam Pediatrics Healthcare,Hyderabad,Tier-1,Pediatrics,4.2,True,high,0.836,500034,17.367668,78.403944
466,Osmania Urology Super Speciality Hospital,Hyderabad,Tier-1,Urology,3.7,False,medium,0.412,500001,17.446903,78.507769
467,Sunshine Cardiology Hospital,Hyderabad,Tier-1,Cardiology,4.0,True,high,0.746,500082,17.403939,78.430727
468,Medicover Neurology Healthcare,Hyderabad,Tier-1,Neurology,4.4,True,high,0.891,500082,17.340491,78.449512
469,Star Oncology Healthcare,Hyderabad,Tier-1,Oncology,4.6,True,high,0.992,500001,17.404419,78.353278
470,Owaisi Dermatology Healthcare,Hyderabad,Tier-1,Dermatology,3.9,True,medium,0.655,500082,17.479602,78.335364
471,Sri Balaji ENT Institute,Hyderabad,Tier-1,ENT,4.1,False,high,0.812,500004,17.414569,78.430705
472,Kakatiya Oncology Institute,Hyderabad,Tier-1,Oncology,3.7,False,medium,0.552,500082,17.477712,78.368602
473,Nizam's Oncology Clinic,Hyderabad,Tier-1,Oncology,4.2,True,high,0.843,500034,17.475503,78.32019
474,Yashoda Oncology Institute,Hyderabad,Tier-1,Oncology,3.4,True,medium,0.416,500001,17.334746,78.519188
475,KIMS Orthopedics Medical Center,Hyderabad,Tier-1,Orthopedics,3.1,True,low,0.006,500016,17.41029,78.395217
476,Basavatarakam Nephrology Institute,Hyderabad,Tier-1,Nephrology,3.1,False,low,0.181,500004,17.341242,78.353062
477,Osmania Nephrology Medical Center,Hyderabad,Tier-1,Nephrology,3.0,True,low,0.053,500004,17.449115,78.355651
478,Sunshine General Medicine Healthcare,Hyderabad,Tier-1,General Medicine,3.6,False,medium,0.464,500082,17.431854,78.300352
479,Medicover Nephrology Institute,Hyderabad,Tier-1,Nephrology,3.1,True,low,0.171,500004,17.461098,78.333904
480,Star Orthopedics Healthcare,Hyderabad,Tier-1,Orthopedics,3.8,True,medium,0.512,500004,17.495105,78.346238
481,Owaisi Cardiology Clinic,Hyderabad,Tier-1,Cardiology,3.4,False,low,0.235,500034,17.365883,78.375611
482,Sri Balaji Orthopedics Super Speciality Hospital,Hyderabad,Tier-1,Orthopedics,3.9,True,high,0.811,500016,17.364486,78.3246
483,Kakatiya Dermatology Hospital,Hyderabad,Tier-1,Dermatology,4.3,True,high,0.731,500034,17.33343,78.404169
484,Nizam's Cardiology Clinic,Hyderabad,Tier-1,Cardiology,3.6,False,medium,0.557,500004,17.468927,78.34612
485,Yashoda Gynaecology Medical Center,Hyderabad,Tier-1,Gynaecology,4.5,True,high,0.949,500004,17.346869,78.467815
486,KIMS Pediatrics Super Speciality Hospital,Hyderabad,Tier-1,Pediatrics,3.3,False,low,0.373,500095,17.394585,78.399369
487,Basavatarakam Cardiology Institute,Hyderabad,Tier-1,Cardiology,4.3,True,high,0.838,500016,17.323492,78.382485
488,Osmania Cardiology Institute,Hyderabad,Tier-1,Cardiology,3.8,True,medium,0.401,500082,17.490429,78.523486
489,Sunshine Dermatology Medical Center,Hyderabad,Tier-1,Dermatology,4.3,True,high,0.954,500082,17.449581,78.499205
490,Medicover Psychiatry Super Speciality Hospital,Hyderabad,Tier-1,Psychiatry,4.0,False,medium,0.593,500001,17.328626,78.371936
491,Star Gastroenterology Super Speciality Hospital,Hyderabad,Tier-1,Gastroenterology,4.5,True,high,0.87,500001,17.419584,78.512702
492,Owaisi Oncology Super Speciality Hospital,Hyderabad,Tier-1,Oncology,4.7,True,high,0.971,500004,17.471323,78.310511
493,Sri Balaji ENT Super Speciality Hospital,Hyderabad,Tier-1,ENT,4.2,True,high,0.705,500034,17.370008,78.462043
494,Kakatiya Cardiology Healthcare,Hyderabad,Tier-1,Cardiology,4.1,True,medium,0.68,500004,17.37848,78.489774
495,Nizam's General Medicine Institute,Hyderabad,Tier-1,General Medicine,4.5,True,high,0.919,500095,17.329078,78.329197
496,Yashoda Pediatrics Hospital,Hyderabad,Tier-1,Pediatrics,3.6,True,medium,0.562,500002,17.39971,78.312532
497,KIMS Gastroenterology Healthcare,Hyderabad,Tier-1,Gastroenterology,4.4,True,high,0.789,500034,17.430886,78.384521
498,Basavatarakam Dermatology Healthcare,Hyderabad,Tier-1,Dermatology,3.8,False,medium,0.446,500004,17.384178,78.474912
499,Osmania Ophthalmology Medical Center,Hyderabad,Tier-1,Ophthalmology,4.3,True,high,0.723,500082,17.424194,78.428646
500,Sunshine Ophthalmology Healthcare,Hyderabad,Tier-1,Ophthalmology,4.3,True,high,0.713,500034,17.356919,78.54574
501,Medicover Oncology Institute,Hyderabad,Tier-1,Oncology,3.3,False,low,0.259,500095,17.493062,78.373274
502,Star Dermatology Healthcare,Hyderabad,Tier-1,Dermatology,4.1,True,high,0.818,500095,17.41613,78.425898
503,Owaisi Ophthalmology Institute,Hyderabad,Tier-1,Ophthalmology,4.1,True,high,0.954,500001,17.367575,78.454819
504,Sri Balaji General Medicine Medical Center,Hyderabad,Tier-1,General Medicine,3.9,True,high,0.784,500082,17.323066,78.535219
505,Kakatiya Gynaecology Healthcare,Hyderabad,Tier-1,Gynaecology,4.2,True,high,0.747,500034,17.341771,78.505203
506,Nizam's Cardiology Healthcare,Hyderabad,Tier-1,Cardiology,4.1,False,medium,0.687,500095,17.311009,78.517379
507,Yashoda ENT Healthcare,Hyderabad,Tier-1,ENT,4.1,False,medium,0.515,500016,17.386143,78.484894
508,KIMS Oncology Healthcare,Hyderabad,Tier-1,Oncology,3.8,True,medium,0.594,500016,17.368546,78.419353
509,Basavatarakam Cardiology Super Speciality Hospital,Hyderabad,Tier-1,Cardiology,4.4,True,high,0.847,500016,17.434991,78.332512
510,Osmania Cardiology Clinic,Hyderabad,Tier-1,Cardiology,3.7,False,medium,0.42,500001,17.475248,78.38516
511,Sunshine Nephrology Super Speciality Hospital,Hyderabad,Tier-1,Nephrology,3.6,False,low,0.288,500001,17.378735,78.317891
512,Medicover Nephrology Healthcare,Hyderabad,Tier-1,Nephrology,3.3,False,low,0.111,500016,17.30283,78.354397
513,Star Pulmonology Healthcare,Hyderabad,Tier-1,Pulmonology,4.1,True,medium,0.631,500082,17.331987,78.346603
514,Owaisi Nephrology Medical Center,Hyderabad,Tier-1,Nephrology,4.1,True,high,0.856,500095,17.35647,78.467116
515,Sri Balaji Orthopedics Super Speciality Hospital,Hyderabad,Tier-1,Orthopedics,4.1,True,medium,0.637,500001,17.439825,78.372465
516,Kakatiya Oncology Institute,Hyderabad,Tier-1,Oncology,3.2,False,low,0.105,500001,17.440302,78.309256
517,Nizam's Cardiology Medical Center,Hyderabad,Tier-1,Cardiology,3.0,False,low,0.109,500002,17.474701,78.334305
518,Yashoda Dermatology Hospital,Hyderabad,Tier-1,Dermatology,3.5,False,low,0.215,500004,17.421433,78.32725
519,KIMS General Medicine Clinic,Hyderabad,Tier-1,General Medicine,4.5,True,high,0.963,500001,17.396706,78.547264
520,Basavatarakam Gynaecology Medical Center,Hyderabad,Tier-1,Gynaecology,3.2,False,low,0.217,500016,17.350079,78.368559
521,Osmania Dermatology Super Speciality Hospital,Hyderabad,Tier-1,Dermatology,4.3,True,high,0.975,500082,17.498426,78.445287
522,Sunshine Gynaecology Healthcare,Hyderabad,Tier-1,Gynaecology,4.0,True,high,0.774,500001,17.401163,78.401782
523,Medicover Orthopedics Medical Center,Hyderabad,Tier-1,Orthopedics,4.4,True,high,0.937,500002,17.310688,78.374653
524,Star Pediatrics Institute,Hyderabad,Tier-1,Pediatrics,3.1,True,low,0.185,500082,17.473535,78.472278
525,Owaisi Oncology Institute,Hyderabad,Tier-1,Oncology,4.1,True,high,0.866,500082,17.42545,78.415027
526,Sri Balaji Pediatrics Institute,Hyderabad,Tier-1,Pediatrics,3.7,True,medium,0.411,500082,17.471029,78.38315
527,Kakatiya ENT Hospital,Hyderabad,Tier-1,ENT,3.7,False,low,0.243,500001,17.485996,78.418799
528,Nizam's Gastroenterology Clinic,Hyderabad,Tier-1,Gastroenterology,4.3,True,high,0.748,500082,17.40801,78.349443
529,Yashoda Gastroenterology Hospital,Hyderabad,Tier-1,Gastroenterology,3.4,False,low,0.066,500001,17.429731,78.474686
530,KIMS Cardiology Clinic,Hyderabad,Tier-1,Cardiology,4.2,False,medium,0.685,500004,17.327347,78.388013
531,Basavatarakam Cardiology Healthcare,Hyderabad,Tier-1,Cardiology,3.4,True,low,0.308,500082,17.424248,78.304623
532,Osmania Pediatrics Institute,Hyderabad,Tier-1,Pediatrics,3.2,False,low,0.055,500002,17.34208,78.337699
533,Sunshine Pediatrics Medical Center,Hyderabad,Tier-1,Pediatrics,4.4,True,high,0.734,500004,17.457759,78.353706
534,Medicover Oncology Healthcare,Hyderabad,Tier-1,Oncology,3.2,False,low,0.212,500034,17.484032,78.314676
535,Star Psychiatry Clinic,Hyderabad,Tier-1,Psychiatry,4.4,False,high,0.847,500001,17.490679,78.4974
536,Owaisi General Medicine Super Speciality Hospital,Hyderabad,Tier-1,General Medicine,3.8,False,medium,0.507,500095,17.302777,78.488356
537,Sri Balaji Cardiology Medical Center,Hyderabad,Tier-1,Cardiology,4.0,False,medium,0.607,500002,17.393426,78.384978
538,Kakatiya Gastroenterology Medical Center,Hyderabad,Tier-1,Gastroenterology,3.1,False,low,0.176,500016,17.310455,78.365031
539,Nizam's Ophthalmology Super Speciality Hospital,Hyderabad,Tier-1,Ophthalmology,3.3,False,low,0.337,500001,17.313728,78.442282
540,Yashoda Pulmonology Medical Center,Hyderabad,Tier-1,Pulmonology,4.1,True,medium,0.596,500095,17.398771,78.548538
541,KIMS General Medicine Institute,Hyderabad,Tier-1,General Medicine,4.0,True,medium,0.601,500002,17.422282,78.338291
542,Basavatarakam ENT Institute,Hyderabad,Tier-1,ENT,3.7,True,medium,0.519,500016,17.39368,78.513405
543,Osmania Pediatrics Institute,Hyderabad,Tier-1,Pediatrics,4.3,True,high,0.912,500001,17.3513,78.329639
544,Sunshine Neurology Super Speciality Hospital,Hyderabad,Tier-1,Neurology,4.1,True,medium,0.607,500002,17.417489,78.371216
545,Medicover Gastroenterology Clinic,Hyderabad,Tier-1,Gastroenterology,4.0,False,high,0.788,500095,17.361721,78.503968
546,Star Gastroenterology Institute,Hyderabad,Tier-1,Gastroenterology,4.1,False,high,0.778,500034,17.457967,78.342796
547,Owaisi Cardiology Clinic,Hyderabad,Tier-1,Cardiology,4.2,False,high,0.791,500082,17.49165,78.345783
548,Sri Balaji Cardiology Clinic,Hyderabad,Tier-1,Cardiology,4.0,True,medium,0.506,500004,17.363953,78.459238
549,Kakatiya Pediatrics Super Speciality Hospital,Hyderabad,Tier-1,Pediatrics,4.0,True,high,0.883,500095,17.461873,78.336521
550,Nizam's Oncology Institute,Hyderabad,Tier-1,Oncology,3.7,True,medium,0.62,500082,17.476488,78.364201
551,Yashoda Ophthalmology Clinic,Hyderabad,Tier-1,Ophthalmology,3.2,False,low,0.277,500034,17.469976,78.444092
552,KIMS Neurology Super Speciality Hospital,Hyderabad,Tier-1,Neurology,4.0,False,medium,0.669,500095,17.373946,78.439783
553,Basavatarakam ENT Healthcare,Hyderabad,Tier-1,ENT,4.4,True,high,0.798,500082,17.43594,78.518229
554,Osmania Gynaecology Super Speciality Hospital,Hyderabad,Tier-1,Gynaecology,4.0,True,medium,0.46,500082,17.307907,78.364008
555,Sunshine Urology Super Speciality Hospital,Hyderabad,Tier-1,Urology,4.4,True,high,0.817,500082,17.455628,78.496154
556,Medicover Gynaecology Healthcare,Hyderabad,Tier-1,Gynaecology,3.1,False,low,0.006,500001,17.402303,78.528379
557,Star Gastroenterology Medical Center,Hyderabad,Tier-1,Gastroenterology,3.5,False,low,0.347,500001,17.340421,78.385818
558,Owaisi Cardiology Hospital,Hyderabad,Tier-1,Cardiology,4.5,True,high,0.934,500004,17.448972,78.350059
559,Sri Balaji General Medicine Hospital,Hyderabad,Tier-1,General Medicine,3.7,True,medium,0.402,500082,17.413436,78.522864
560,Kakatiya Orthopedics Institute,Hyderabad,Tier-1,Orthopedics,3.8,False,medium,0.617,500034,17.373172,78.429968
561,Nizam's Oncology Healthcare,Hyderabad,Tier-1,Oncology,3.9,False,medium,0.502,500004,17.345523,78.437858
562,Yashoda Gynaecology Super Speciality Hospital,Hyderabad,Tier-1,Gynaecology,3.7,False,medium,0.423,500082,17.461726,78.484134
563,KIMS Oncology Institute,Hyderabad,Tier-1,Oncology,3.8,False,medium,0.415,500082,17.436896,78.351917
564,Basavatarakam Orthopedics Super Speciality Hospital,Hyderabad,Tier-1,Orthopedics,3.9,True,high,0.718,500001,17.460718,78.330385
565,Osmania General Medicine Medical Center,Hyderabad,Tier-1,General Medicine,3.4,False,low,0.096,500016,17.413324,78.379181
566,Sunshine Pediatrics Super Speciality Hospital,Hyderabad,Tier-1,Pediatrics,3.9,True,high,0.712,500001,17.3019,78.386521
567,Medicover Gynaecology Hospital,Hyderabad,Tier-1,Gynaecology,4.2,True,high,0.967,500082,17.429169,78.5055
568,Star Orthopedics Healthcare,Hyderabad,Tier-1,Orthopedics,3.5,False,low,0.111,500082,17.434555,78.400411
569,Owaisi Orthopedics Super Speciality Hospital,Hyderabad,Tier-1,Orthopedics,4.5,True,high,0.919,500082,17.494253,78.485487
570,Sri Balaji Nephrology Healthcare,Hyderabad,Tier-1,Nephrology,4.0,False,high,0.866,500082,17.367674,78.530871
571,Kakatiya Neurology Clinic,Hyderabad,Tier-1,Neurology,4.4,True,high,0.765,500095,17.332094,78.34285
572,Nizam's Gynaecology Medical Center,Hyderabad,Tier-1,Gynaecology,4.8,False,high,0.998,500095,17.437296,78.439694
573,Yashoda Gynaecology Super Speciality Hospital,Hyderabad,Tier-1,Gynaecology,4.0,False,high,0.744,500016,17.333208,78.478857
574,KIMS Dermatology Hospital,Hyderabad,Tier-1,Dermatology,3.9,False,medium,0.54,500004,17.381167,78.534787
575,Basavatarakam Gastroenterology Hospital,Hyderabad,Tier-1,Gastroenterology,4.2,True,high,0.764,500002,17.356235,78.378396
576,Osmania Gynaecology Healthcare,Hyderabad,Tier-1,Gynaecology,3.7,True,medium,0.576,500034,17.40624,78.337332
577,Sunshine Pediatrics Clinic,Hyderabad,Tier-1,Pediatrics,4.3,True,high,0.959,500004,17.398569,78.486214
578,Medicover Gastroenterology Institute,Hyderabad,Tier-1,Gastroenterology,4.5,True,high,0.996,500034,17.380996,78.452248
579,Star Gastroenterology Hospital,Hyderabad,Tier-1,Gastroenterology,4.1,True,high,0.885,500016,17.376393,78.355121
580,Owaisi Nephrology Medical Center,Hyderabad,Tier-1,Nephrology,4.5,True,high,0.844,500001,17.404044,78.337065
581,Sri Balaji Pediatrics Hospital,Hyderabad,Tier-1,Pediatrics,3.6,False,medium,0.461,500004,17.302678,78.441662
582,Kakatiya Neurology Hospital,Hyderabad,Tier-1,Neurology,3.9,False,medium,0.654,500082,17.312569,78.445784
583,Nizam's Orthopedics Clinic,Hyderabad,Tier-1,Orthopedics,4.1,True,medium,0.527,500016,17.496481,78.457662
584,Yashoda Orthopedics Hospital,Hyderabad,Tier-1,Orthopedics,3.2,False,low,0.007,500034,17.375203,78.46234
585,KIMS General Medicine Healthcare,Hyderabad,Tier-1,General Medicine,4.4,True,high,0.752,500095,17.383721,78.416795
586,Basavatarakam Oncology Institute,Hyderabad,Tier-1,Oncology,3.4,False,low,0.138,500034,17.342321,78.521437
587,Osmania General Medicine Hospital,Hyderabad,Tier-1,General Medicine,4.1,False,medium,0.621,500001,17.354533,78.367332
588,Sunshine ENT Institute,Hyderabad,Tier-1,ENT,4.3,True,high,0.967,500002,17.459247,78.42736
589,Medicover Orthopedics Healthcare,Hyderabad,Tier-1,Orthopedics,3.9,True,medium,0.56,500016,17.42827,78.330732
590,Star General Medicine Medical Center,Hyderabad,Tier-1,General Medicine,3.7,False,medium,0.595,500004,17.466128,78.462604
591,Owaisi Urology Hospital,Hyderabad,Tier-1,Urology,3.0,False,low,0.138,500082,17.441298,78.505254
592,Sri Balaji Urology Institute,Hyderabad,Tier-1,Urology,4.0,True,high,0.829,500082,17.325696,78.348251
593,Kakatiya Neurology Medical Center,Hyderabad,Tier-1,Neurology,3.2,True,low,0.127,500002,17.351398,78.371356
594,Nizam's General Medicine Hospital,Hyderabad,Tier-1,General Medicine,4.7,True,high,0.988,500001,17.300963,78.33517
595,Yashoda Cardiology Healthcare,Hyderabad,Tier-1,Cardiology,4.2,True,high,0.981,500002,17.349225,78.360434
596,KIMS Dermatology Institute,Hyderabad,Tier-1,Dermatology,4.4,False,high,0.805,500016,17.352241,78.477128
597,Basavatarakam Dermatology Clinic,Hyderabad,Tier-1,Dermatology,4.1,True,high,0.795,500004,17.43803,78.534276
598,Osmania Oncology Medical Center,Hyderabad,Tier-1,Oncology,3.4,True,medium,0.407,500002,17.322631,78.384905
599,Sunshine Pediatrics Institute,Hyderabad,Tier-1,Pediatrics,4.2,True,medium,0.656,500002,17.343362,78.481114
600,Medicover Pediatrics Medical Center,Hyderabad,Tier-1,Pediatrics,4.2,True,high,0.784,500004,17.439136,78.421672
601,Kauvery General Medicine Medical Center,Chennai,Tier-1,General Medicine,3.9,False,high,0.783,600004,13.172829,80.151811
602,MIOT Orthopedics Healthcare,Chennai,Tier-1,Orthopedics,3.7,True,medium,0.532,600034,13.153161,80.197919
603,SIMS Neurology Super Speciality Hospital,Chennai,Tier-1,Neurology,3.9,True,medium,0.67,600034,12.926139,80.233074
604,Sri Ramachandra Ophthalmology Clinic,Chennai,Tier-1,Ophthalmology,4.2,True,high,0.902,600090,13.042001,80.208488
605,MGM ENT Healthcare,Chennai,Tier-1,ENT,4.7,True,high,0.944,600001,13.065206,80.142426
606,Billroth Oncology Hospital,Chennai,Tier-1,Oncology,4.2,True,high,0.86,600004,12.937941,80.290299
607,Dr. Mehta's Urology Hospital,Chennai,Tier-1,Urology,4.1,True,high,0.728,600004,12.927329,80.115965
608,Chettinad Oncology Clinic,Chennai,Tier-1,Oncology,4.1,True,high,0.85,600014,13.033239,80.267785
609,Stanley Orthopedics Clinic,Chennai,Tier-1,Orthopedics,4.2,False,high,0.769,600034,13.031206,80.233296
610,Kamakshi Gynaecology Institute,Chennai,Tier-1,Gynaecology,4.0,False,medium,0.479,600090,12.964869,80.232817
611,Meenakshi Neurology Clinic,Chennai,Tier-1,Neurology,3.7,True,medium,0.428,600004,12.975596,80.120652
612,Kauvery Gynaecology Institute,Chennai,Tier-1,Gynaecology,3.4,True,low,0.342,600004,12.903116,80.242135
613,MIOT ENT Hospital,Chennai,Tier-1,ENT,4.2,True,high,0.934,600090,12.914855,80.119822
614,SIMS Gynaecology Healthcare,Chennai,Tier-1,Gynaecology,4.0,True,high,0.832,600001,13.054041,80.219122
615,Sri Ramachandra Gastroenterology Hospital,Chennai,Tier-1,Gastroenterology,4.5,True,high,0.856,600001,12.947542,80.272233
616,MGM Pediatrics Institute,Chennai,Tier-1,Pediatrics,4.2,True,medium,0.636,600004,13.054646,80.100265
617,Billroth Nephrology Super Speciality Hospital,Chennai,Tier-1,Nephrology,3.9,False,medium,0.675,600006,12.981197,80.10254
618,Dr. Mehta's Pediatrics Clinic,Chennai,Tier-1,Pediatrics,3.7,True,medium,0.441,600001,13.138208,80.253559
619,Chettinad Oncology Hospital,Chennai,Tier-1,Oncology,3.4,False,low,0.156,600001,12.949884,80.181219
620,Stanley Ophthalmology Hospital,Chennai,Tier-1,Ophthalmology,3.8,True,medium,0.515,600034,13.00486,80.169604
621,Kamakshi Gastroenterology Institute,Chennai,Tier-1,Gastroenterology,4.2,True,medium,0.67,600006,13.061944,80.116478
622,Meenakshi Orthopedics Healthcare,Chennai,Tier-1,Orthopedics,4.3,True,high,0.742,600002,13.047866,80.233739
623,Kauvery Orthopedics Clinic,Chennai,Tier-1,Orthopedics,4.1,True,high,0.743,600004,13.090766,80.22703
624,MIOT Pediatrics Clinic,Chennai,Tier-1,Pediatrics,4.3,True,high,0.895,600002,13.008213,80.110826
625,SIMS Gastroenterology Clinic,Chennai,Tier-1,Gastroenterology,3.0,False,low,0.045,600090,13.105535,80.282369
626,Sri Ramachandra Gynaecology Institute,Chennai,Tier-1,Gynaecology,4.1,True,high,0.825,600006,12.96407,80.277618
627,MGM Psychiatry Healthcare,Chennai,Tier-1,Psychiatry,4.0,True,medium,0.579,600001,13.125776,80.264
628,Billroth Psychiatry Hospital,Chennai,Tier-1,Psychiatry,4.4,True,high,0.922,600004,12.987835,80.284901
629,Dr. Mehta's Nephrology Clinic,Chennai,Tier-1,Nephrology,4.2,True,high,0.789,600001,12.937037,80.209348
630,Chettinad Orthopedics Super Speciality Hospital,Chennai,Tier-1,Orthopedics,4.3,True,high,0.913,600006,12.905018,80.184067
631,Stanley Pediatrics Clinic,Chennai,Tier-1,Pediatrics,3.4,True,low,0.182,600014,13.119014,80.228272
632,Kamakshi Orthopedics Healthcare,Chennai,Tier-1,Orthopedics,3.9,True,high,0.735,600014,13.119296,80.103339
633,Meenakshi Dermatology Clinic,Chennai,Tier-1,Dermatology,3.9,True,medium,0.479,600004,13.032749,80.251551
634,Kauvery Nephrology Healthcare,Chennai,Tier-1,Nephrology,4.2,False,medium,0.626,600090,12.906935,80.259618
635,MIOT Gynaecology Medical Center,Chennai,Tier-1,Gynaecology,3.6,True,low,0.226,600090,13.120929,80.213901
636,SIMS Dermatology Super Speciality Hospital,Chennai,Tier-1,Dermatology,4.3,True,high,0.838,600006,13.113599,80.220585
637,Sri Ramachandra Psychiatry Medical Center,Chennai,Tier-1,Psychiatry,3.6,False,low,0.261,600002,12.984155,80.210858
638,MGM Neurology Clinic,Chennai,Tier-1,Neurology,3.7,False,low,0.381,600014,13.177688,80.285598
639,Billroth Orthopedics Institute,Chennai,Tier-1,Orthopedics,4.3,True,high,0.799,600002,12.927515,80.10805
640,Dr. Mehta's Orthopedics Healthcare,Chennai,Tier-1,Orthopedics,3.9,True,medium,0.425,600002,12.937698,80.254765
641,Chettinad Orthopedics Healthcare,Chennai,Tier-1,Orthopedics,4.6,True,high,0.926,600034,12.969294,80.262396
642,Stanley Gastroenterology Hospital,Chennai,Tier-1,Gastroenterology,3.7,False,medium,0.609,600004,13.143136,80.160854
643,Kamakshi Orthopedics Super Speciality Hospital,Chennai,Tier-1,Orthopedics,4.2,True,high,0.817,600001,12.959887,80.223236
644,Meenakshi Orthopedics Medical Center,Chennai,Tier-1,Orthopedics,3.9,False,medium,0.421,600014,12.914854,80.162573
645,Kauvery ENT Clinic,Chennai,Tier-1,ENT,4.1,False,high,0.871,600014,13.115853,80.173706
646,MIOT Gynaecology Institute,Chennai,Tier-1,Gynaecology,3.6,True,medium,0.419,600014,12.97916,80.226628
647,SIMS ENT Clinic,Chennai,Tier-1,ENT,3.1,True,low,0.052,600090,12.917852,80.259591
648,Sri Ramachandra Cardiology Medical Center,Chennai,Tier-1,Cardiology,3.1,True,low,0.082,600034,13.021578,80.218904
649,MGM Neurology Clinic,Chennai,Tier-1,Neurology,4.2,True,high,0.777,600034,12.926907,80.165573
650,Billroth General Medicine Super Speciality Hospital,Chennai,Tier-1,General Medicine,3.5,True,low,0.135,600014,13.153214,80.129735
651,Dr. Mehta's Neurology Clinic,Chennai,Tier-1,Neurology,3.6,True,medium,0.401,600090,13.181246,80.170535
652,Chettinad Pediatrics Medical Center,Chennai,Tier-1,Pediatrics,4.1,True,high,0.8,600034,13.07842,80.211669
653,Stanley Oncology Medical Center,Chennai,Tier-1,Oncology,4.4,True,high,0.943,600014,13.168793,80.143761
654,Kamakshi Neurology Clinic,Chennai,Tier-1,Neurology,4.3,True,high,0.91,600001,12.95636,80.244378
655,Meenakshi General Medicine Hospital,Chennai,Tier-1,General Medicine,4.0,False,medium,0.501,600090,12.906071,80.22133
656,Kauvery Psychiatry Super Speciality Hospital,Chennai,Tier-1,Psychiatry,4.1,False,medium,0.67,600014,13.121072,80.188348
657,MIOT Cardiology Healthcare,Chennai,Tier-1,Cardiology,4.4,True,high,0.819,600014,13.182571,80.286882
658,SIMS Neurology Institute,Chennai,Tier-1,Neurology,4.2,True,high,0.827,600001,13.052888,80.160576
659,Sri Ramachandra Gastroenterology Super Speciality Hospital,Chennai,Tier-1,Gastroenterology,4.1,True,high,0.861,600004,12.961337,80.172569
660,MGM General Medicine Medical Center,Chennai,Tier-1,General Medicine,3.9,True,medium,0.538,600006,12.913849,80.260399
661,Billroth Nephrology Medical Center,Chennai,Tier-1,Nephrology,3.3,False,low,0.154,600090,12.95504,80.197035
662,Dr. Mehta's Ophthalmology Medical Center,Chennai,Tier-1,Ophthalmology,4.3,True,high,0.767,600004,13.18063,80.200503
663,Chettinad Urology Institute,Chennai,Tier-1,Urology,4.0,True,high,0.868,600006,13.05974,80.295285
664,Stanley Urology Clinic,Chennai,Tier-1,Urology,3.7,True,medium,0.523,600004,12.958513,80.178996
665,Kamakshi Cardiology Clinic,Chennai,Tier-1,Cardiology,3.0,False,low,0.211,600004,12.906159,80.274831
666,Meenakshi Oncology Institute,Chennai,Tier-1,Oncology,4.2,False,high,0.816,600034,13.117356,80.230417
667,Kauvery Dermatology Healthcare,Chennai,Tier-1,Dermatology,3.9,False,medium,0.667,600006,12.991187,80.218921
668,MIOT Orthopedics Institute,Chennai,Tier-1,Orthopedics,4.1,False,high,0.908,600001,12.903271,80.105755
669,SIMS ENT Clinic,Chennai,Tier-1,ENT,4.4,True,high,0.78,600090,13.099188,80.1699
670,Sri Ramachandra Orthopedics Institute,Chennai,Tier-1,Orthopedics,3.9,True,high,0.713,600004,13.169182,80.225173
671,MGM Cardiology Medical Center,Chennai,Tier-1,Cardiology,3.8,False,medium,0.611,600002,12.947096,80.244714
672,Billroth Cardiology Clinic,Chennai,Tier-1,Cardiology,4.2,True,high,0.809,600014,13.169945,80.176981
673,Dr. Mehta's Ophthalmology Healthcare,Chennai,Tier-1,Ophthalmology,4.5,True,high,0.857,600006,12.963972,80.195643
674,Chettinad Orthopedics Institute,Chennai,Tier-1,Orthopedics,3.0,False,low,0.043,600090,13.026715,80.277668
675,Stanley Gastroenterology Clinic,Chennai,Tier-1,Gastroenterology,3.3,False,low,0.305,600004,13.109448,80.111482
676,Kamakshi Gynaecology Medical Center,Chennai,Tier-1,Gynaecology,3.8,False,medium,0.429,600090,12.931112,80.116385
677,Meenakshi Ophthalmology Clinic,Chennai,Tier-1,Ophthalmology,3.6,False,medium,0.561,600002,13.052572,80.247812
678,Kauvery ENT Super Speciality Hospital,Chennai,Tier-1,ENT,3.7,False,medium,0.669,600014,12.996254,80.222345
679,MIOT Oncology Healthcare,Chennai,Tier-1,Oncology,3.0,False,low,0.043,600004,13.077582,80.185387
680,SIMS Cardiology Super Speciality Hospital,Chennai,Tier-1,Cardiology,3.4,False,low,0.129,600002,12.900284,80.229268
681,Sri Ramachandra Pediatrics Clinic,Chennai,Tier-1,Pediatrics,3.4,False,low,0.082,600090,13.040297,80.186861
682,MGM General Medicine Healthcare,Chennai,Tier-1,General Medicine,3.6,False,medium,0.554,600006,13.012328,80.127124
683,Billroth Dermatology Super Speciality Hospital,Chennai,Tier-1,Dermatology,3.6,True,medium,0.438,600001,13.114171,80.261224
684,Dr. Mehta's ENT Institute,Chennai,Tier-1,ENT,4.3,True,high,0.832,600090,13.093883,80.202379
685,Chettinad Pediatrics Institute,Chennai,Tier-1,Pediatrics,4.1,True,medium,0.603,600004,13.19142,80.177195
686,Stanley Pediatrics Clinic,Chennai,Tier-1,Pediatrics,4.4,False,high,0.962,600034,12.928996,80.147056
687,Kamakshi Cardiology Healthcare,Chennai,Tier-1,Cardiology,4.0,True,medium,0.581,600002,13.199378,80.28015
688,Meenakshi Neurology Healthcare,Chennai,Tier-1,Neurology,3.6,False,medium,0.435,600001,12.912854,80.12664
689,Kauvery Urology Medical Center,Chennai,Tier-1,Urology,3.9,False,medium,0.539,600034,13.136259,80.107282
690,MIOT Ophthalmology Institute,Chennai,Tier-1,Ophthalmology,4.1,True,high,0.735,600001,13.149209,80.149379
691,SIMS Dermatology Institute,Chennai,Tier-1,Dermatology,3.0,False,low,0.049,600034,13.089586,80.295191
692,Sri Ramachandra ENT Medical Center,Chennai,Tier-1,ENT,4.0,True,medium,0.556,600004,12.94028,80.191491
693,MGM Psychiatry Healthcare,Chennai,Tier-1,Psychiatry,4.4,True,high,0.939,600006,12.93531,80.106132
694,Billroth Oncology Hospital,Chennai,Tier-1,Oncology,3.9,False,medium,0.605,600002,13.01319,80.244184
695,Dr. Mehta's Gynaecology Healthcare,Chennai,Tier-1,Gynaecology,4.1,True,high,0.754,600014,13.145507,80.131584
696,Chettinad Nephrology Healthcare,Chennai,Tier-1,Nephrology,4.1,True,high,0.848,600006,12.900092,80.154609
697,Stanley Dermatology Clinic,Chennai,Tier-1,Dermatology,3.7,False,low,0.375,600004,13.1532,80.124014
698,Kamakshi Neurology Healthcare,Chennai,Tier-1,Neurology,4.0,True,medium,0.51,600001,13.117684,80.162563
699,Meenakshi Neurology Healthcare,Chennai,Tier-1,Neurology,3.7,False,low,0.32,600090,13.087166,80.15281
700,Kauvery Gastroenterology Hospital,Chennai,Tier-1,Gastroenterology,4.2,True,high,0.855,600004,13.149282,80.192726
701,MIOT Cardiology Institute,Chennai,Tier-1,Cardiology,4.3,True,high,0.721,600034,12.93397,80.106035
702,SIMS Ophthalmology Healthcare,Chennai,Tier-1,Ophthalmology,3.5,False,medium,0.459,600001,13.004215,80.100089
703,Sri Ramachandra Gynaecology Hospital,Chennai,Tier-1,Gynaecology,4.1,True,high,0.817,600090,12.961185,80.111656
704,MGM Gastroenterology Medical Center,Chennai,Tier-1,Gastroenterology,3.0,False,low,0.121,600001,12.990343,80.230918
705,Billroth Pediatrics Super Speciality Hospital,Chennai,Tier-1,Pediatrics,4.5,True,high,0.924,600014,13.054703,80.266964
706,Dr. Mehta's Orthopedics Super Speciality Hospital,Chennai,Tier-1,Orthopedics,4.4,False,high,0.79,600014,13.089421,80.154403
707,Chettinad Ophthalmology Clinic,Chennai,Tier-1,Ophthalmology,4.0,True,high,0.797,600090,13.027254,80.218401
708,Stanley Cardiology Medical Center,Chennai,Tier-1,Cardiology,3.9,False,medium,0.452,600001,13.046532,80.254579
709,Kamakshi Pediatrics Medical Center,Chennai,Tier-1,Pediatrics,3.8,False,medium,0.438,600002,13.002808,80.186865
710,Meenakshi Gastroenterology Hospital,Chennai,Tier-1,Gastroenterology,3.0,True,low,0.128,600034,13.056849,80.142404
711,Kauvery Gastroenterology Hospital,Chennai,Tier-1,Gastroenterology,4.2,False,medium,0.649,600001,13.134508,80.148582
712,MIOT Dermatology Medical Center,Chennai,Tier-1,Dermatology,4.2,True,high,0.798,600090,13.05577,80.155006
713,SIMS Dermatology Institute,Chennai,Tier-1,Dermatology,3.2,False,low,0.146,600004,12.987101,80.230397
714,Sri Ramachandra Dermatology Institute,Chennai,Tier-1,Dermatology,3.4,True,low,0.287,600002,13.073609,80.150519
715,MGM Gynaecology Clinic,Chennai,Tier-1,Gynaecology,4.1,True,high,0.728,600034,12.98373,80.166875
716,Billroth Pediatrics Healthcare,Chennai,Tier-1,Pediatrics,4.2,True,high,0.856,600034,12.989179,80.135035
717,Dr. Mehta's Neurology Clinic,Chennai,Tier-1,Neurology,4.2,False,high,0.971,600002,13.117737,80.143936
718,Chettinad Orthopedics Medical Center,Chennai,Tier-1,Orthopedics,3.5,False,low,0.126,600014,12.949086,80.175737
719,Stanley Dermatology Super Speciality Hospital,Chennai,Tier-1,Dermatology,3.5,False,medium,0.463,600002,12.913994,80.222941
720,Kamakshi ENT Hospital,Chennai,Tier-1,ENT,4.4,False,high,0.999,600034,12.963358,80.182087
721,Meenakshi Gynaecology Hospital,Chennai,Tier-1,Gynaecology,4.3,True,high,0.936,600006,13.061357,80.227528
722,Kauvery Pediatrics Hospital,Chennai,Tier-1,Pediatrics,3.8,True,medium,0.494,600014,13.001638,80.284983
723,MIOT Gynaecology Institute,Chennai,Tier-1,Gynaecology,3.9,False,medium,0.463,600090,12.989842,80.165835
724,SIMS Pulmonology Medical Center,Chennai,Tier-1,Pulmonology,4.1,False,medium,0.599,600014,13.17963,80.153744
725,Sri Ramachandra General Medicine Medical Center,Chennai,Tier-1,General Medicine,4.2,True,high,0.9,600002,13.097065,80.268109
726,MGM Ophthalmology Clinic,Chennai,Tier-1,Ophthalmology,4.2,True,medium,0.602,600001,12.937971,80.274406
727,Billroth Pediatrics Medical Center,Chennai,Tier-1,Pediatrics,3.5,True,medium,0.49,600006,13.162516,80.195547
728,Dr. Mehta's Nephrology Hospital,Chennai,Tier-1,Nephrology,4.2,False,high,0.831,600014,12.988068,80.13547
729,Chettinad Cardiology Super Speciality Hospital,Chennai,Tier-1,Cardiology,4.3,True,high,0.829,600001,12.958449,80.227715
730,Stanley Oncology Hospital,Chennai,Tier-1,Oncology,4.3,True,high,0.856,600006,12.917429,80.103594
731,Kamakshi General Medicine Clinic,Chennai,Tier-1,General Medicine,4.5,True,high,0.893,600090,12.950046,80.155962
732,Meenakshi General Medicine Institute,Chennai,Tier-1,General Medicine,3.0,False,low,0.107,600034,13.066093,80.121304
733,Kauvery Pediatrics Hospital,Chennai,Tier-1,Pediatrics,4.4,True,high,0.767,600014,13.163653,80.299752
734,MIOT Neurology Medical Center,Chennai,Tier-1,Neurology,4.4,True,high,0.966,600002,13.106235,80.270023
735,SIMS Ophthalmology Medical Center,Chennai,Tier-1,Ophthalmology,3.8,True,medium,0.61,600034,12.95345,80.251537
736,Sri Ramachandra Ophthalmology Hospital,Chennai,Tier-1,Ophthalmology,3.4,True,low,0.369,600034,12.901084,80.203587
737,MGM Gynaecology Medical Center,Chennai,Tier-1,Gynaecology,3.0,False,low,0.112,600014,12.970162,80.172281
738,Billroth Gynaecology Clinic,Chennai,Tier-1,Gynaecology,4.3,True,high,0.797,600004,13.069177,80.218949
739,Dr. Mehta's Gynaecology Institute,Chennai,Tier-1,Gynaecology,3.7,False,medium,0.638,600014,13.034954,80.185097
740,Chettinad ENT Institute,Chennai,Tier-1,ENT,3.6,True,medium,0.449,600001,13.126721,80.116022
741,Stanley General Medicine Super Speciality Hospital,Chennai,Tier-1,General Medicine,4.4,True,high,0.792,600002,13.03011,80.15778
742,Kamakshi ENT Institute,Chennai,Tier-1,ENT,3.9,True,high,0.726,600090,13.185462,80.116256
743,Meenakshi Dermatology Hospital,Chennai,Tier-1,Dermatology,3.8,False,low,0.389,600034,13.027633,80.1303
744,Kauvery General Medicine Medical Center,Chennai,Tier-1,General Medicine,3.9,True,high,0.747,600034,13.020624,80.162747
745,MIOT Neurology Super Speciality Hospital,Chennai,Tier-1,Neurology,4.3,True,high,0.876,600001,12.994012,80.232308
746,SIMS Dermatology Hospital,Chennai,Tier-1,Dermatology,3.8,True,medium,0.601,600090,13.157231,80.277568
747,Sri Ramachandra Gynaecology Super Speciality Hospital,Chennai,Tier-1,Gynaecology,4.4,True,high,0.971,600014,13.15458,80.295297
748,MGM Nephrology Super Speciality Hospital,Chennai,Tier-1,Nephrology,3.1,False,low,0.019,600001,12.906924,80.293581
749,Billroth General Medicine Super Speciality Hospital,Chennai,Tier-1,General Medicine,4.1,True,high,0.865,600001,12.903297,80.195853
750,Dr. Mehta's Psychiatry Clinic,Chennai,Tier-1,Psychiatry,4.1,True,high,0.851,600002,13.198528,80.181778
751,Belle Vue Pediatrics Super Speciality Hospital,Kolkata,Tier-1,Pediatrics,3.2,False,low,0.321,700001,22.495755,88.320821
752,Woodlands Pediatrics Clinic,Kolkata,Tier-1,Pediatrics,4.5,True,high,0.867,700016,22.594262,88.393493
753,Rabindranath Tagore Gastroenterology Super Speciality Hospital,Kolkata,Tier-1,Gastroenterology,4.3,True,high,0.973,700001,22.625026,88.4145
754,Peerless General Medicine Hospital,Kolkata,Tier-1,General Medicine,3.8,False,medium,0.536,700002,22.524629,88.434718
755,Ruby Cardiology Institute,Kolkata,Tier-1,Cardiology,4.1,False,high,0.779,700012,22.563162,88.430151
756,Desun Orthopedics Clinic,Kolkata,Tier-1,Orthopedics,3.7,False,medium,0.476,700001,22.621549,88.391358
757,Medica Psychiatry Medical Center,Kolkata,Tier-1,Psychiatry,3.1,False,low,0.102,700001,22.54645,88.398165
758,CMRI Nephrology Medical Center,Kolkata,Tier-1,Nephrology,3.9,False,medium,0.657,700071,22.599582,88.340598
759,Charnock General Medicine Medical Center,Kolkata,Tier-1,General Medicine,4.0,True,high,0.705,700020,22.505213,88.421155
760,Anandalok Neurology Healthcare,Kolkata,Tier-1,Neurology,4.4,True,high,0.963,700001,22.452847,88.312537
761,Nightingale Neurology Institute,Kolkata,Tier-1,Neurology,4.5,True,high,0.988,700020,22.61289,88.369116
762,Belle Vue ENT Medical Center,Kolkata,Tier-1,ENT,3.9,True,high,0.765,700016,22.618498,88.402816
763,Woodlands ENT Healthcare,Kolkata,Tier-1,ENT,4.2,False,high,0.963,700001,22.505059,88.416718
764,Rabindranath Tagore General Medicine Medical Center,Kolkata,Tier-1,General Medicine,4.1,True,high,0.821,700091,22.494184,88.444088
765,Peerless Oncology Institute,Kolkata,Tier-1,Oncology,3.9,True,medium,0.51,700091,22.61817,88.403793
766,Ruby Gynaecology Super Speciality Hospital,Kolkata,Tier-1,Gynaecology,4.2,True,high,0.91,700016,22.461791,88.432624
767,Desun Gynaecology Super Speciality Hospital,Kolkata,Tier-1,Gynaecology,3.3,False,low,0.175,700091,22.603423,88.385059
768,Medica Urology Hospital,Kolkata,Tier-1,Urology,4.1,True,high,0.918,700012,22.605214,88.440795
769,CMRI Cardiology Super Speciality Hospital,Kolkata,Tier-1,Cardiology,4.1,False,medium,0.595,700071,22.549103,88.344062
770,Charnock Cardiology Medical Center,Kolkata,Tier-1,Cardiology,3.9,False,medium,0.65,700091,22.644027,88.345558
771,Anandalok Pediatrics Clinic,Kolkata,Tier-1,Pediatrics,3.3,False,low,0.296,700001,22.638147,88.359816
772,Nightingale Ophthalmology Healthcare,Kolkata,Tier-1,Ophthalmology,4.2,True,high,0.883,700091,22.463978,88.378807
773,Belle Vue Gynaecology Super Speciality Hospital,Kolkata,Tier-1,Gynaecology,3.2,False,low,0.343,700071,22.597004,88.396564
774,Woodlands Pediatrics Clinic,Kolkata,Tier-1,Pediatrics,4.3,True,high,0.843,700071,22.551052,88.42029
775,Rabindranath Tagore Pediatrics Healthcare,Kolkata,Tier-1,Pediatrics,3.0,True,low,0.152,700002,22.541884,88.322746
776,Peerless Ophthalmology Clinic,Kolkata,Tier-1,Ophthalmology,4.5,True,high,0.844,700020,22.502831,88.427215
777,Ruby Urology Healthcare,Kolkata,Tier-1,Urology,4.2,True,high,0.833,700020,22.502788,88.353038
778,Desun Cardiology Hospital,Kolkata,Tier-1,Cardiology,4.0,True,high,0.705,700071,22.567765,88.353655
779,Medica Dermatology Hospital,Kolkata,Tier-1,Dermatology,4.5,True,high,0.921,700002,22.510231,88.362472
780,CMRI Gastroenterology Medical Center,Kolkata,Tier-1,Gastroenterology,3.2,False,low,0.217,700001,22.616026,88.380741
781,Charnock Oncology Super Speciality Hospital,Kolkata,Tier-1,Oncology,4.0,False,medium,0.511,700002,22.478815,88.373428
782,Anandalok Cardiology Healthcare,Kolkata,Tier-1,Cardiology,4.2,True,high,0.849,700016,22.618877,88.438141
783,Nightingale Pediatrics Super Speciality Hospital,Kolkata,Tier-1,Pediatrics,3.5,False,low,0.144,700016,22.487955,88.362317
784,Belle Vue Pediatrics Hospital,Kolkata,Tier-1,Pediatrics,4.3,True,high,1.0,700001,22.555868,88.431279
785,Woodlands Dermatology Hospital,Kolkata,Tier-1,Dermatology,3.7,False,low,0.32,700071,22.639554,88.424288
786,Rabindranath Tagore Oncology Medical Center,Kolkata,Tier-1,Oncology,3.5,False,medium,0.486,700071,22.520783,88.422852
787,Peerless Urology Clinic,Kolkata,Tier-1,Urology,4.3,True,high,0.843,700016,22.634437,88.429225
788,Ruby Orthopedics Super Speciality Hospital,Kolkata,Tier-1,Orthopedics,3.1,False,low,0.223,700012,22.450084,88.367663
789,Desun Orthopedics Hospital,Kolkata,Tier-1,Orthopedics,3.8,False,medium,0.41,700001,22.600792,88.359623
790,Medica Pediatrics Institute,Kolkata,Tier-1,Pediatrics,4.3,True,high,0.867,700012,22.560714,88.396748
791,CMRI Gastroenterology Hospital,Kolkata,Tier-1,Gastroenterology,3.4,True,low,0.239,700016,22.62577,88.442935
792,Charnock Ophthalmology Super Speciality Hospital,Kolkata,Tier-1,Ophthalmology,4.0,True,high,0.703,700002,22.626017,88.300765
793,Anandalok Urology Institute,Kolkata,Tier-1,Urology,4.2,True,high,0.85,700091,22.52232,88.410727
794,Nightingale Gynaecology Clinic,Kolkata,Tier-1,Gynaecology,3.5,True,medium,0.492,700020,22.609828,88.38746
795,Belle Vue General Medicine Clinic,Kolkata,Tier-1,General Medicine,4.3,True,high,0.956,700012,22.485535,88.421904
796,Woodlands Dermatology Hospital,Kolkata,Tier-1,Dermatology,3.0,False,low,0.023,700016,22.529288,88.446822
797,Rabindranath Tagore General Medicine Institute,Kolkata,Tier-1,General Medicine,3.1,True,low,0.211,700091,22.585232,88.417596
798,Peerless ENT Medical Center,Kolkata,Tier-1,ENT,3.7,False,medium,0.584,700002,22.57624,88.432974
799,Ruby Orthopedics Hospital,Kolkata,Tier-1,Orthopedics,4.1,True,high,0.776,700001,22.506072,88.433828
800,Desun Ophthalmology Institute,Kolkata,Tier-1,Ophthalmology,3.6,False,medium,0.526,700016,22.647295,88.340428
801,Medica Neurology Medical Center,Kolkata,Tier-1,Neurology,3.8,True,high,0.716,700091,22.5357,88.351985
802,CMRI Cardiology Hospital,Kolkata,Tier-1,Cardiology,4.1,True,high,0.714,700001,22.57453,88.361408
803,Charnock Cardiology Medical Center,Kolkata,Tier-1,Cardiology,4.7,True,high,0.994,700071,22.47932,88.377545
804,Anandalok Orthopedics Institute,Kolkata,Tier-1,Orthopedics,3.7,False,medium,0.49,700001,22.481668,88.395163
805,Nightingale Orthopedics Healthcare,Kolkata,Tier-1,Orthopedics,3.7,True,medium,0.544,700091,22.560513,88.361284
806,Belle Vue Pediatrics Healthcare,Kolkata,Tier-1,Pediatrics,3.7,False,low,0.316,700016,22.611747,88.374202
807,Woodlands Oncology Super Speciality Hospital,Kolkata,Tier-1,Oncology,3.8,False,medium,0.431,700002,22.503667,88.370941
808,Rabindranath Tagore Psychiatry Super Speciality Hospital,Kolkata,Tier-1,Psychiatry,4.4,True,high,0.939,700001,22.543862,88.389714
809,Peerless Urology Institute,Kolkata,Tier-1,Urology,3.9,True,high,0.757,700016,22.633349,88.311698
810,Ruby Cardiology Healthcare,Kolkata,Tier-1,Cardiology,4.8,True,high,1.0,700002,22.585703,88.337064
811,Desun ENT Super Speciality Hospital,Kolkata,Tier-1,ENT,4.4,True,high,0.805,700071,22.590949,88.323849
812,Medica Gastroenterology Institute,Kolkata,Tier-1,Gastroenterology,4.1,True,high,0.817,700002,22.626756,88.307698
813,CMRI Neurology Medical Center,Kolkata,Tier-1,Neurology,3.5,True,low,0.22,700001,22.535373,88.376408
814,Charnock ENT Super Speciality Hospital,Kolkata,Tier-1,ENT,4.3,True,high,0.846,700071,22.57065,88.374106
815,Anandalok General Medicine Super Speciality Hospital,Kolkata,Tier-1,General Medicine,3.9,True,high,0.75,700001,22.465595,88.326293
816,Nightingale Neurology Medical Center,Kolkata,Tier-1,Neurology,4.3,True,high,0.725,700016,22.521679,88.351779
817,Belle Vue Gastroenterology Hospital,Kolkata,Tier-1,Gastroenterology,3.9,False,medium,0.625,700020,22.483121,88.404344
818,Woodlands Cardiology Medical Center,Kolkata,Tier-1,Cardiology,3.9,True,high,0.785,700001,22.457573,88.42275
819,Rabindranath Tagore Pediatrics Institute,Kolkata,Tier-1,Pediatrics,3.6,True,medium,0.519,700071,22.619617,88.442376
820,Peerless Pediatrics Healthcare,Kolkata,Tier-1,Pediatrics,4.0,True,high,0.845,700001,22.542349,88.339054
821,Ruby Orthopedics Super Speciality Hospital,Kolkata,Tier-1,Orthopedics,4.1,True,high,0.791,700002,22.532493,88.35219
822,Desun Gynaecology Hospital,Kolkata,Tier-1,Gynaecology,4.0,True,high,0.746,700012,22.506102,88.327818
823,Medica Cardiology Super Speciality Hospital,Kolkata,Tier-1,Cardiology,4.3,True,high,0.728,700091,22.63814,88.403294
824,CMRI Gastroenterology Clinic,Kolkata,Tier-1,Gastroenterology,3.6,False,low,0.366,700002,22.584853,88.433855
825,Charnock Gynaecology Clinic,Kolkata,Tier-1,Gynaecology,3.2,False,low,0.103,700001,22.642995,88.445842
826,Anandalok Orthopedics Super Speciality Hospital,Kolkata,Tier-1,Orthopedics,3.5,False,low,0.232,700001,22.457695,88.422948
827,Nightingale Pediatrics Institute,Kolkata,Tier-1,Pediatrics,3.7,True,low,0.321,700012,22.564756,88.395868
828,Belle Vue Cardiology Institute,Kolkata,Tier-1,Cardiology,3.7,False,medium,0.482,700012,22.613186,88.359935
829,Woodlands Cardiology Medical Center,Kolkata,Tier-1,Cardiology,3.6,True,medium,0.561,700071,22.481306,88.303383
830,Rabindranath Tagore General Medicine Institute,Kolkata,Tier-1,General Medicine,3.5,False,low,0.175,700020,22.471924,88.373224
831,Peerless Cardiology Institute,Kolkata,Tier-1,Cardiology,3.6,False,medium,0.548,700012,22.53016,88.445996
832,Ruby Orthopedics Super Speciality Hospital,Kolkata,Tier-1,Orthopedics,3.8,False,medium,0.621,700020,22.595832,88.369467
833,Desun Oncology Super Speciality Hospital,Kolkata,Tier-1,Oncology,4.4,True,high,0.994,700012,22.4787,88.30481
834,Medica Gastroenterology Institute,Kolkata,Tier-1,Gastroenterology,3.0,False,low,0.029,700020,22.627457,88.343687
835,CMRI Neurology Hospital,Kolkata,Tier-1,Neurology,3.7,True,medium,0.574,700012,22.64658,88.388432
836,Charnock Oncology Medical Center,Kolkata,Tier-1,Oncology,4.0,False,medium,0.565,700001,22.450073,88.418085
837,Anandalok Pediatrics Healthcare,Kolkata,Tier-1,Pediatrics,3.2,False,low,0.319,700020,22.550104,88.399843
838,Nightingale Orthopedics Institute,Kolkata,Tier-1,Orthopedics,4.3,False,high,0.922,700012,22.491981,88.329676
839,Belle Vue Orthopedics Healthcare,Kolkata,Tier-1,Orthopedics,4.0,True,high,0.879,700016,22.478402,88.357202
840,Woodlands Orthopedics Hospital,Kolkata,Tier-1,Orthopedics,3.9,False,high,0.714,700001,22.642325,88.302961
841,Rabindranath Tagore Urology Hospital,Kolkata,Tier-1,Urology,4.2,True,high,0.772,700020,22.467339,88.371953
842,Peerless Orthopedics Institute,Kolkata,Tier-1,Orthopedics,3.6,False,medium,0.513,700091,22.510958,88.420688
843,Ruby Nephrology Hospital,Kolkata,Tier-1,Nephrology,3.2,True,low,0.307,700020,22.649512,88.342674
844,Desun General Medicine Medical Center,Kolkata,Tier-1,General Medicine,4.3,False,high,0.899,700001,22.556319,88.322271
845,Medica General Medicine Clinic,Kolkata,Tier-1,General Medicine,4.1,True,high,0.729,700012,22.4573,88.417483
846,CMRI General Medicine Healthcare,Kolkata,Tier-1,General Medicine,4.0,True,medium,0.577,700012,22.451378,88.361095
847,Charnock Gynaecology Super Speciality Hospital,Kolkata,Tier-1,Gynaecology,3.9,True,medium,0.543,700016,22.562987,88.416969
848,Anandalok Pediatrics Medical Center,Kolkata,Tier-1,Pediatrics,3.9,True,high,0.734,700002,22.635591,88.352634
849,Nightingale General Medicine Institute,Kolkata,Tier-1,General Medicine,3.6,False,medium,0.442,700001,22.557229,88.426201
850,Belle Vue Ophthalmology Healthcare,Kolkata,Tier-1,Ophthalmology,4.1,True,high,0.856,700016,22.496978,88.329332
851,Woodlands Urology Super Speciality Hospital,Kolkata,Tier-1,Urology,3.3,False,low,0.362,700016,22.629062,88.343021
852,Rabindranath Tagore Gastroenterology Super Speciality Hospital,Kolkata,Tier-1,Gastroenterology,4.4,False,high,0.794,700001,22.525925,88.381411
853,Peerless Oncology Healthcare,Kolkata,Tier-1,Oncology,4.4,True,high,0.764,700091,22.536625,88.305791
854,Ruby General Medicine Super Speciality Hospital,Kolkata,Tier-1,General Medicine,3.6,False,medium,0.444,700071,22.530114,88.339904
855,Desun Cardiology Hospital,Kolkata,Tier-1,Cardiology,3.8,True,high,0.758,700091,22.520885,88.367357
856,Medica Pediatrics Hospital,Kolkata,Tier-1,Pediatrics,4.1,True,medium,0.632,700001,22.574183,88.315952
857,CMRI General Medicine Healthcare,Kolkata,Tier-1,General Medicine,3.9,False,medium,0.688,700016,22.539142,88.336364
858,Charnock Dermatology Super Speciality Hospital,Kolkata,Tier-1,Dermatology,3.8,True,medium,0.585,700012,22.467251,88.448231
859,Anandalok Orthopedics Medical Center,Kolkata,Tier-1,Orthopedics,4.6,True,high,0.877,700016,22.512805,88.345264
860,Nightingale Orthopedics Institute,Kolkata,Tier-1,Orthopedics,3.2,True,low,0.112,700071,22.515943,88.428207
861,Belle Vue Oncology Healthcare,Kolkata,Tier-1,Oncology,4.1,True,high,0.775,700012,22.521701,88.444801
862,Woodlands Pediatrics Medical Center,Kolkata,Tier-1,Pediatrics,3.8,True,medium,0.531,700016,22.574533,88.372109
863,Rabindranath Tagore General Medicine Healthcare,Kolkata,Tier-1,General Medicine,3.2,False,low,0.296,700016,22.58421,88.356388
864,Peerless Gynaecology Super Speciality Hospital,Kolkata,Tier-1,Gynaecology,3.7,False,medium,0.521,700020,22.562017,88.319447
865,Ruby Gynaecology Institute,Kolkata,Tier-1,Gynaecology,4.7,False,high,0.972,700002,22.562516,88.447775
866,Desun Pulmonology Clinic,Kolkata,Tier-1,Pulmonology,4.4,True,high,0.984,700012,22.492063,88.359318
867,Medica General Medicine Hospital,Kolkata,Tier-1,General Medicine,3.7,False,medium,0.572,700002,22.563586,88.318149
868,CMRI Pediatrics Healthcare,Kolkata,Tier-1,Pediatrics,4.8,True,high,0.991,700071,22.46386,88.382728
869,Charnock Neurology Medical Center,Kolkata,Tier-1,Neurology,3.6,False,low,0.348,700020,22.458523,88.441606
870,Anandalok Ophthalmology Super Speciality Hospital,Kolkata,Tier-1,Ophthalmology,3.8,True,medium,0.519,700091,22.594067,88.389028
871,Nightingale Ophthalmology Clinic,Kolkata,Tier-1,Ophthalmology,3.3,True,low,0.219,700091,22.550174,88.310881
872,Belle Vue Orthopedics Institute,Kolkata,Tier-1,Orthopedics,4.5,True,high,0.956,700002,22.473263,88.430722
873,Woodlands Pediatrics Clinic,Kolkata,Tier-1,Pediatrics,4.5,True,high,0.848,700001,22.630848,88.406853
874,Rabindranath Tagore Gastroenterology Healthcare,Kolkata,Tier-1,Gastroenterology,4.8,True,high,1.0,700012,22.55238,88.417754
875,Peerless Orthopedics Institute,Kolkata,Tier-1,Orthopedics,3.1,True,low,0.163,700016,22.607889,88.333646
876,Ruby Orthopedics Hospital,Kolkata,Tier-1,Orthopedics,4.6,True,high,0.998,700016,22.45581,88.352207
877,Desun Orthopedics Institute,Kolkata,Tier-1,Orthopedics,3.6,True,medium,0.505,700016,22.64553,88.412499
878,Medica General Medicine Hospital,Kolkata,Tier-1,General Medicine,3.1,False,low,0.015,700091,22.606777,88.342901
879,CMRI Dermatology Hospital,Kolkata,Tier-1,Dermatology,4.8,False,high,1.0,700020,22.505481,88.306879
880,Charnock General Medicine Institute,Kolkata,Tier-1,General Medicine,3.9,True,medium,0.495,700002,22.55562,88.429882
881,Anandalok Neurology Healthcare,Kolkata,Tier-1,Neurology,4.0,False,medium,0.635,700012,22.461895,88.357956
882,Nightingale Cardiology Super Speciality Hospital,Kolkata,Tier-1,Cardiology,4.1,True,high,0.912,700002,22.523505,88.433525
883,Belle Vue Psychiatry Super Speciality Hospital,Kolkata,Tier-1,Psychiatry,4.2,True,medium,0.653,700071,22.531936,88.429363
884,Woodlands General Medicine Hospital,Kolkata,Tier-1,General Medicine,3.9,True,high,0.766,700020,22.524042,88.434557
885,Rabindranath Tagore Urology Hospital,Kolkata,Tier-1,Urology,3.2,False,low,0.15,700071,22.469826,88.380388
886,Peerless Orthopedics Medical Center,Kolkata,Tier-1,Orthopedics,4.1,True,high,0.878,700012,22.455676,88.343233
887,Ruby Neurology Clinic,Kolkata,Tier-1,Neurology,3.9,True,high,0.753,700002,22.524934,88.330707
888,Desun Neurology Clinic,Kolkata,Tier-1,Neurology,4.3,True,high,0.983,700001,22.488288,88.342693
889,Medica Gynaecology Healthcare,Kolkata,Tier-1,Gynaecology,4.7,True,high,0.941,700071,22.633041,88.368937
890,CMRI General Medicine Healthcare,Kolkata,Tier-1,General Medicine,3.4,False,low,0.208,700001,22.569718,88.320814
891,Charnock ENT Healthcare,Kolkata,Tier-1,ENT,3.5,False,medium,0.454,700001,22.525646,88.345542
892,Anandalok Urology Institute,Kolkata,Tier-1,Urology,3.2,False,low,0.014,700012,22.567214,88.433226
893,Nightingale Pediatrics Hospital,Kolkata,Tier-1,Pediatrics,3.5,True,medium,0.505,700071,22.578032,88.383621
894,Belle Vue Orthopedics Super Speciality Hospital,Kolkata,Tier-1,Orthopedics,4.3,True,high,0.969,700071,22.46919,88.315553
895,Woodlands General Medicine Institute,Kolkata,Tier-1,General Medicine,4.2,True,high,0.767,700002,22.620886,88.379484
896,Rabindranath Tagore Orthopedics Clinic,Kolkata,Tier-1,Orthopedics,3.8,True,high,0.727,700016,22.598128,88.394501
897,Peerless Cardiology Super Speciality Hospital,Kolkata,Tier-1,Cardiology,4.0,True,medium,0.639,700020,22.644428,88.331827
898,Ruby Pediatrics Healthcare,Kolkata,Tier-1,Pediatrics,4.5,True,high,0.857,700071,22.453953,88.348828
899,Desun Orthopedics Healthcare,Kolkata,Tier-1,Orthopedics,4.2,True,high,0.909,700001,22.499806,88.345757
900,Medica Orthopedics Hospital,Kolkata,Tier-1,Orthopedics,3.2,False,low,0.245,700020,22.564465,88.329544
901,Deenanath Mangeshkar Psychiatry Super Speciality Hospital,Pune,Tier-1,Psychiatry,4.0,False,medium,0.596,411045,18.406734,73.903316
902,Sahyadri Dermatology Healthcare,Pune,Tier-1,Dermatology,4.5,True,high,0.908,411011,18.481352,73.798467
903,Jehangir Neurology Hospital,Pune,Tier-1,Neurology,4.2,True,high,0.764,411001,18.443422,73.936368
904,Ruby Hall Oncology Clinic,Pune,Tier-1,Oncology,4.3,True,high,0.774,411001,18.496875,73.882883
905,Sancheti Orthopedics Clinic,Pune,Tier-1,Orthopedics,3.9,True,medium,0.469,411030,18.503156,73.841182
906,Inlaks Cardiology Super Speciality Hospital,Pune,Tier-1,Cardiology,3.0,False,low,0.057,411030,18.555116,73.773116
907,Noble General Medicine Institute,Pune,Tier-1,General Medicine,4.2,True,high,0.918,411038,18.545488,73.93332
908,Bharati Pediatrics Institute,Pune,Tier-1,Pediatrics,3.3,False,low,0.061,411001,18.544168,73.89143
909,Jupiter Cardiology Hospital,Pune,Tier-1,Cardiology,4.1,True,medium,0.566,411011,18.405674,73.809308
910,Lokmanya Gastroenterology Healthcare,Pune,Tier-1,Gastroenterology,4.0,False,high,0.732,411045,18.503922,73.922701
911,Deenanath Mangeshkar Cardiology Institute,Pune,Tier-1,Cardiology,4.2,True,medium,0.657,411004,18.414093,73.907222
912,Sahyadri Cardiology Super Speciality Hospital,Pune,Tier-1,Cardiology,4.2,True,high,0.71,411038,18.459518,73.783205
913,Jehangir ENT Medical Center,Pune,Tier-1,ENT,3.9,True,high,0.774,411038,18.577155,73.901771
914,Ruby Hall Urology Clinic,Pune,Tier-1,Urology,4.4,True,high,0.835,411011,18.40151,73.867898
915,Sancheti Cardiology Hospital,Pune,Tier-1,Cardiology,3.7,True,medium,0.41,411004,18.455501,73.856525
916,Inlaks Neurology Super Speciality Hospital,Pune,Tier-1,Neurology,3.5,False,low,0.215,411038,18.592395,73.871388
917,Noble Ophthalmology Medical Center,Pune,Tier-1,Ophthalmology,4.0,True,high,0.763,411045,18.480631,73.858319
918,Bharati Cardiology Institute,Pune,Tier-1,Cardiology,4.3,True,high,0.801,411002,18.417057,73.911118
919,Jupiter Orthopedics Super Speciality Hospital,Pune,Tier-1,Orthopedics,4.2,True,high,0.801,411011,18.497266,73.755689
920,Lokmanya Urology Healthcare,Pune,Tier-1,Urology,4.2,True,high,0.851,411002,18.528337,73.83341
921,Deenanath Mangeshkar Dermatology Medical Center,Pune,Tier-1,Dermatology,3.6,False,low,0.235,411038,18.504187,73.7948
922,Sahyadri Cardiology Institute,Pune,Tier-1,Cardiology,4.1,False,high,0.734,411038,18.453749,73.927005
923,Jehangir Pediatrics Institute,Pune,Tier-1,Pediatrics,3.0,False,low,0.049,411002,18.536577,73.901498
924,Ruby Hall Cardiology Institute,Pune,Tier-1,Cardiology,3.0,True,low,0.179,411001,18.598174,73.89038
925,Sancheti Pediatrics Super Speciality Hospital,Pune,Tier-1,Pediatrics,3.9,False,medium,0.447,411002,18.594879,73.816202
926,Inlaks Gastroenterology Super Speciality Hospital,Pune,Tier-1,Gastroenterology,4.4,True,high,0.988,411011,18.562832,73.945713
927,Noble Orthopedics Medical Center,Pune,Tier-1,Orthopedics,3.2,True,low,0.245,411045,18.456417,73.753658
928,Bharati Ophthalmology Clinic,Pune,Tier-1,Ophthalmology,4.3,True,high,0.751,411001,18.470242,73.938722
929,Jupiter Oncology Medical Center,Pune,Tier-1,Oncology,4.1,True,high,0.758,411001,18.59683,73.758467
930,Lokmanya Cardiology Institute,Pune,Tier-1,Cardiology,4.5,True,high,0.843,411002,18.492524,73.941087
931,Deenanath Mangeshkar ENT Institute,Pune,Tier-1,ENT,3.0,False,low,0.121,411038,18.538559,73.925938
932,Sahyadri Pediatrics Clinic,Pune,Tier-1,Pediatrics,4.4,False,high,0.871,411038,18.448144,73.869012
933,Jehangir Gastroenterology Hospital,Pune,Tier-1,Gastroenterology,3.9,True,medium,0.428,411002,18.451666,73.914379
934,Ruby Hall Ophthalmology Healthcare,Pune,Tier-1,Ophthalmology,4.2,True,high,0.718,411038,18.55362,73.778095
935,Sancheti Ophthalmology Healthcare,Pune,Tier-1,Ophthalmology,4.2,True,high,0.803,411030,18.540772,73.772364
936,Inlaks Neurology Super Speciality Hospital,Pune,Tier-1,Neurology,4.3,True,high,0.926,411030,18.495417,73.876859
937,Noble Cardiology Healthcare,Pune,Tier-1,Cardiology,4.1,False,medium,0.665,411004,18.576726,73.755424
938,Bharati Cardiology Hospital,Pune,Tier-1,Cardiology,4.4,True,high,0.968,411002,18.502016,73.906885
939,Jupiter Neurology Healthcare,Pune,Tier-1,Neurology,3.9,True,medium,0.468,411002,18.451331,73.823211
940,Lokmanya Dermatology Hospital,Pune,Tier-1,Dermatology,4.1,False,high,0.868,411002,18.463992,73.913553
941,Deenanath Mangeshkar Cardiology Super Speciality Hospital,Pune,Tier-1,Cardiology,4.2,True,high,0.772,411038,18.519087,73.783749
942,Sahyadri Gynaecology Super Speciality Hospital,Pune,Tier-1,Gynaecology,3.6,False,low,0.346,411038,18.431094,73.881585
943,Jehangir Psychiatry Medical Center,Pune,Tier-1,Psychiatry,4.3,True,high,0.831,411011,18.456906,73.893262
944,Ruby Hall Gynaecology Hospital,Pune,Tier-1,Gynaecology,4.2,True,high,0.958,411030,18.535548,73.826351
945,Sancheti Dermatology Healthcare,Pune,Tier-1,Dermatology,4.7,True,high,0.998,411045,18.451805,73.890838
946,Inlaks Gastroenterology Clinic,Pune,Tier-1,Gastroenterology,3.9,False,medium,0.666,411045,18.487249,73.921888
947,Noble ENT Healthcare,Pune,Tier-1,ENT,3.6,False,low,0.367,411001,18.492562,73.805509
948,Bharati Nephrology Clinic,Pune,Tier-1,Nephrology,4.0,True,high,0.742,411004,18.499424,73.910797
949,Jupiter Gynaecology Hospital,Pune,Tier-1,Gynaecology,4.1,True,high,0.852,411001,18.513613,73.811049
950,Lokmanya Gynaecology Clinic,Pune,Tier-1,Gynaecology,4.1,True,high,0.797,411011,18.542326,73.82656
951,Deenanath Mangeshkar Cardiology Institute,Pune,Tier-1,Cardiology,3.6,True,medium,0.577,411030,18.551391,73.878451
952,Sahyadri Psychiatry Clinic,Pune,Tier-1,Psychiatry,4.2,True,medium,0.581,411001,18.541702,73.797192
953,Jehangir Neurology Medical Center,Pune,Tier-1,Neurology,4.4,False,high,0.916,411001,18.564483,73.83648
954,Ruby Hall General Medicine Super Speciality Hospital,Pune,Tier-1,General Medicine,4.5,True,high,0.812,411004,18.514898,73.853353
955,Sancheti Urology Clinic,Pune,Tier-1,Urology,3.9,True,high,0.726,411004,18.443175,73.932263
956,Inlaks Gastroenterology Institute,Pune,Tier-1,Gastroenterology,3.3,True,low,0.2,411004,18.555501,73.856187
957,Noble Pediatrics Clinic,Pune,Tier-1,Pediatrics,4.0,True,medium,0.436,411002,18.551416,73.78894
958,Bharati Gynaecology Medical Center,Pune,Tier-1,Gynaecology,3.7,False,medium,0.414,411030,18.511355,73.828203
959,Jupiter ENT Medical Center,Pune,Tier-1,ENT,3.8,True,high,0.733,411002,18.56668,73.82612
960,Lokmanya Nephrology Institute,Pune,Tier-1,Nephrology,3.6,False,medium,0.611,411001,18.529052,73.762803
961,Deenanath Mangeshkar Gastroenterology Healthcare,Pune,Tier-1,Gastroenterology,4.5,True,high,0.973,411002,18.425491,73.905006
962,Sahyadri Dermatology Healthcare,Pune,Tier-1,Dermatology,4.1,True,high,0.726,411045,18.450451,73.931797
963,Jehangir Neurology Institute,Pune,Tier-1,Neurology,4.5,True,high,0.946,411011,18.403884,73.79791
964,Ruby Hall ENT Medical Center,Pune,Tier-1,ENT,3.5,True,medium,0.453,411004,18.519977,73.787529
965,Sancheti Ophthalmology Clinic,Pune,Tier-1,Ophthalmology,4.0,True,high,0.788,411045,18.483604,73.871846
966,Inlaks Dermatology Institute,Pune,Tier-1,Dermatology,4.0,False,high,0.775,411001,18.431743,73.942175
967,Noble ENT Institute,Pune,Tier-1,ENT,3.7,True,medium,0.679,411045,18.54289,73.817735
968,Bharati Gastroenterology Hospital,Pune,Tier-1,Gastroenterology,3.8,False,medium,0.678,411045,18.426197,73.766444
969,Jupiter General Medicine Medical Center,Pune,Tier-1,General Medicine,3.1,False,low,0.145,411045,18.506825,73.871417
970,Lokmanya Nephrology Medical Center,Pune,Tier-1,Nephrology,4.3,False,high,0.915,411011,18.478686,73.83383
971,Deenanath Mangeshkar Gynaecology Medical Center,Pune,Tier-1,Gynaecology,4.6,True,high,0.944,411004,18.576728,73.772976
972,Sahyadri Neurology Medical Center,Pune,Tier-1,Neurology,3.6,False,low,0.363,411001,18.483981,73.824391
973,Jehangir Neurology Hospital,Pune,Tier-1,Neurology,4.0,True,high,0.763,411038,18.433363,73.842618
974,Ruby Hall Pediatrics Medical Center,Pune,Tier-1,Pediatrics,3.5,False,medium,0.523,411045,18.449375,73.759624
975,Sancheti Ophthalmology Hospital,Pune,Tier-1,Ophthalmology,4.2,True,high,0.893,411045,18.424429,73.804355
976,Inlaks Orthopedics Healthcare,Pune,Tier-1,Orthopedics,4.2,True,medium,0.639,411011,18.507061,73.800039
977,Noble General Medicine Super Speciality Hospital,Pune,Tier-1,General Medicine,3.6,False,medium,0.547,411030,18.494446,73.843833
978,Bharati Dermatology Medical Center,Pune,Tier-1,Dermatology,3.7,False,medium,0.427,411004,18.483319,73.756464
979,Jupiter Urology Institute,Pune,Tier-1,Urology,3.0,False,low,0.162,411045,18.429668,73.787993
980,Lokmanya Gynaecology Super Speciality Hospital,Pune,Tier-1,Gynaecology,3.8,True,medium,0.523,411030,18.414597,73.754009
981,Deenanath Mangeshkar Pediatrics Clinic,Pune,Tier-1,Pediatrics,3.7,True,medium,0.578,411038,18.528404,73.930335
982,Sahyadri Pediatrics Clinic,Pune,Tier-1,Pediatrics,3.4,False,low,0.265,411002,18.593788,73.776987
983,Jehangir Psychiatry Hospital,Pune,Tier-1,Psychiatry,3.0,False,low,0.016,411011,18.47232,73.901075
984,Ruby Hall ENT Institute,Pune,Tier-1,ENT,3.9,True,medium,0.65,411002,18.523158,73.916285
985,Sancheti ENT Healthcare,Pune,Tier-1,ENT,4.4,True,high,0.736,411002,18.539889,73.896946
986,Inlaks Gastroenterology Medical Center,Pune,Tier-1,Gastroenterology,3.8,True,medium,0.458,411038,18.519601,73.819443
987,Noble Pediatrics Institute,Pune,Tier-1,Pediatrics,4.4,True,high,0.773,411011,18.594301,73.88629
988,Bharati Orthopedics Super Speciality Hospital,Pune,Tier-1,Orthopedics,4.3,True,high,0.8,411004,18.546218,73.824321
989,Jupiter ENT Clinic,Pune,Tier-1,ENT,4.3,False,high,0.784,411011,18.431818,73.894684
990,Lokmanya General Medicine Institute,Pune,Tier-1,General Medicine,4.0,True,high,0.751,411038,18.586247,73.837201
991,Deenanath Mangeshkar ENT Super Speciality Hospital,Pune,Tier-1,ENT,3.9,True,high,0.747,411004,18.569656,73.84941
992,Sahyadri Oncology Hospital,Pune,Tier-1,Oncology,4.6,True,high,0.96,411030,18.469733,73.949479
993,Jehangir Cardiology Hospital,Pune,Tier-1,Cardiology,4.5,False,high,0.942,411011,18.502939,73.883042
994,Ruby Hall Nephrology Clinic,Pune,Tier-1,Nephrology,4.0,False,medium,0.593,411045,18.411561,73.802537
995,Sancheti Gastroenterology Super Speciality Hospital,Pune,Tier-1,Gastroenterology,4.2,True,high,0.725,411045,18.565145,73.761633
996,Inlaks Pulmonology Medical Center,Pune,Tier-1,Pulmonology,4.2,True,medium,0.624,411011,18.406938,73.817124
997,Noble Cardiology Healthcare,Pune,Tier-1,Cardiology,3.8,False,medium,0.407,411038,18.597881,73.760723
998,Bharati Nephrology Institute,Pune,Tier-1,Nephrology,3.2,True,low,0.171,411038,18.572657,73.947212
999,Jupiter Cardiology Hospital,Pune,Tier-1,Cardiology,3.0,False,low,0.134,411004,18.577822,73.855061
1000,Lokmanya Cardiology Institute,Pune,Tier-1,Cardiology,4.3,True,high,0.883,411045,18.451011,73.907326
1001,Deenanath Mangeshkar Oncology Healthcare,Pune,Tier-1,Oncology,4.3,True,high,0.733,411004,18.410999,73.789183
1002,Sahyadri Neurology Medical Center,Pune,Tier-1,Neurology,4.3,True,high,0.822,411038,18.496476,73.82917
1003,Jehangir Neurology Hospital,Pune,Tier-1,Neurology,3.6,True,low,0.329,411002,18.56782,73.833027
1004,Ruby Hall Psychiatry Institute,Pune,Tier-1,Psychiatry,4.3,True,high,0.954,411030,18.518261,73.751695
1005,Sancheti Cardiology Hospital,Pune,Tier-1,Cardiology,3.3,False,low,0.138,411002,18.410896,73.890914
1006,Inlaks Neurology Hospital,Pune,Tier-1,Neurology,3.9,True,medium,0.519,411001,18.412125,73.89623
1007,Noble General Medicine Healthcare,Pune,Tier-1,General Medicine,4.4,False,high,0.941,411030,18.427605,73.772877
1008,Bharati Psychiatry Hospital,Pune,Tier-1,Psychiatry,4.2,True,medium,0.652,411038,18.584592,73.922526
1009,Jupiter General Medicine Healthcare,Pune,Tier-1,General Medicine,4.2,True,high,0.948,411030,18.590654,73.76353
1010,Lokmanya Gynaecology Clinic,Pune,Tier-1,Gynaecology,3.7,True,medium,0.521,411038,18.447508,73.820836
1011,Deenanath Mangeshkar Psychiatry Healthcare,Pune,Tier-1,Psychiatry,4.7,True,high,0.968,411002,18.59537,73.846209
1012,Sahyadri Ophthalmology Medical Center,Pune,Tier-1,Ophthalmology,3.9,True,medium,0.564,411004,18.502625,73.877205
1013,Jehangir Gynaecology Healthcare,Pune,Tier-1,Gynaecology,3.4,False,low,0.209,411011,18.400894,73.840446
1014,Ruby Hall Gastroenterology Institute,Pune,Tier-1,Gastroenterology,3.9,False,medium,0.497,411030,18.563714,73.939611
1015,Sancheti Ophthalmology Medical Center,Pune,Tier-1,Ophthalmology,3.7,False,low,0.369,411030,18.585657,73.935326
1016,Inlaks Oncology Medical Center,Pune,Tier-1,Oncology,4.1,True,medium,0.605,411001,18.419542,73.874888
1017,Noble Neurology Healthcare,Pune,Tier-1,Neurology,3.4,True,medium,0.434,411002,18.514592,73.839834
1018,Bharati Ophthalmology Hospital,Pune,Tier-1,Ophthalmology,3.8,False,medium,0.618,411030,18.498195,73.918435
1019,Jupiter General Medicine Super Speciality Hospital,Pune,Tier-1,General Medicine,4.2,True,high,0.812,411045,18.464243,73.783775
1020,Lokmanya Nephrology Healthcare,Pune,Tier-1,Nephrology,4.4,True,high,0.985,411011,18.424187,73.807333
1021,Deenanath Mangeshkar Ophthalmology Institute,Pune,Tier-1,Ophthalmology,3.9,True,high,0.711,411030,18.480229,73.783093
1022,Sahyadri Dermatology Medical Center,Pune,Tier-1,Dermatology,3.7,False,low,0.283,411004,18.425121,73.83924
1023,Jehangir Cardiology Hospital,Pune,Tier-1,Cardiology,4.1,False,high,0.726,411045,18.421753,73.852681
1024,Ruby Hall Orthopedics Medical Center,Pune,Tier-1,Orthopedics,3.8,True,medium,0.509,411002,18.510902,73.830435
1025,Sancheti Oncology Healthcare,Pune,Tier-1,Oncology,4.2,True,medium,0.637,411030,18.554543,73.834621
1026,Inlaks Cardiology Healthcare,Pune,Tier-1,Cardiology,3.0,False,low,0.11,411004,18.526382,73.831814
1027,Noble Gynaecology Super Speciality Hospital,Pune,Tier-1,Gynaecology,4.2,True,high,0.791,411002,18.511772,73.892711
1028,Bharati Pulmonology Super Speciality Hospital,Pune,Tier-1,Pulmonology,3.9,True,medium,0.501,411001,18.506637,73.820231
1029,Jupiter Gynaecology Healthcare,Pune,Tier-1,Gynaecology,3.7,True,medium,0.519,411001,18.513033,73.883186
1030,Lokmanya General Medicine Medical Center,Pune,Tier-1,General Medicine,4.4,True,high,0.796,411001,18.574139,73.851944
1031,Deenanath Mangeshkar Gastroenterology Super Speciality Hospital,Pune,Tier-1,Gastroenterology,3.1,False,low,0.032,411030,18.513626,73.754636
1032,Sahyadri Gastroenterology Hospital,Pune,Tier-1,Gastroenterology,3.3,False,low,0.182,411001,18.463568,73.759002
1033,Jehangir Oncology Super Speciality Hospital,Pune,Tier-1,Oncology,4.5,True,high,0.948,411038,18.586938,73.86869
1034,Ruby Hall General Medicine Institute,Pune,Tier-1,General Medicine,4.1,True,high,0.799,411038,18.462512,73.933706
1035,Sancheti Psychiatry Healthcare,Pune,Tier-1,Psychiatry,4.3,True,high,0.89,411011,18.450481,73.915465
1036,Inlaks Psychiatry Medical Center,Pune,Tier-1,Psychiatry,3.9,False,medium,0.581,411004,18.410445,73.762341
1037,Noble Cardiology Institute,Pune,Tier-1,Cardiology,4.5,True,high,0.83,411004,18.589795,73.77921
1038,Bharati Psychiatry Institute,Pune,Tier-1,Psychiatry,3.5,False,medium,0.415,411045,18.584525,73.939912
1039,Jupiter General Medicine Healthcare,Pune,Tier-1,General Medicine,4.7,True,high,0.956,411011,18.496961,73.885815
1040,Lokmanya ENT Healthcare,Pune,Tier-1,ENT,3.1,False,low,0.099,411030,18.487489,73.875205
1041,Deenanath Mangeshkar Orthopedics Healthcare,Pune,Tier-1,Orthopedics,3.7,True,medium,0.587,411038,18.407185,73.937801
1042,Sahyadri Gynaecology Institute,Pune,Tier-1,Gynaecology,3.3,True,low,0.31,411001,18.401746,73.922103
1043,Jehangir Gastroenterology Hospital,Pune,Tier-1,Gastroenterology,3.1,False,low,0.114,411001,18.580854,73.884089
1044,Ruby Hall Pulmonology Medical Center,Pune,Tier-1,Pulmonology,3.7,False,medium,0.576,411011,18.400418,73.82308
1045,Sancheti Cardiology Healthcare,Pune,Tier-1,Cardiology,3.8,True,medium,0.565,411002,18.437726,73.775392
1046,Inlaks Cardiology Hospital,Pune,Tier-1,Cardiology,4.2,True,medium,0.61,411004,18.516664,73.852653
1047,Noble ENT Clinic,Pune,Tier-1,ENT,4.7,True,high,0.979,411045,18.514446,73.892424
1048,Bharati General Medicine Healthcare,Pune,Tier-1,General Medicine,3.3,False,low,0.295,411002,18.589766,73.918978
1049,Jupiter Dermatology Hospital,Pune,Tier-1,Dermatology,3.5,False,low,0.15,411004,18.489765,73.886075
1050,Lokmanya Pediatrics Hospital,Pune,Tier-1,Pediatrics,4.6,True,high,0.981,411002,18.415318,73.759248
1051,Zydus Pulmonology Healthcare,Ahmedabad,Tier-1,Pulmonology,3.8,True,medium,0.413,380061,23.076295,72.556557
1052,SAL Gynaecology Healthcare,Ahmedabad,Tier-1,Gynaecology,3.5,True,medium,0.485,380009,22.980972,72.50085
1053,Sterling Gynaecology Clinic,Ahmedabad,Tier-1,Gynaecology,3.5,False,low,0.347,380004,23.027879,72.624771
1054,Marengo CIMS Pediatrics Hospital,Ahmedabad,Tier-1,Pediatrics,3.0,False,low,0.074,380051,22.983801,72.51572
1055,KD Pediatrics Super Speciality Hospital,Ahmedabad,Tier-1,Pediatrics,3.2,True,low,0.242,380061,22.972482,72.539122
1056,Shalby Ophthalmology Healthcare,Ahmedabad,Tier-1,Ophthalmology,4.3,False,high,0.711,380006,22.983497,72.577633
1057,UN Mehta General Medicine Institute,Ahmedabad,Tier-1,General Medicine,4.5,True,high,0.902,380013,23.025065,72.566091
1058,Sardar Patel Cardiology Institute,Ahmedabad,Tier-1,Cardiology,3.0,True,low,0.014,380013,23.016558,72.64112
1059,Jivraj Mehta General Medicine Clinic,Ahmedabad,Tier-1,General Medicine,4.2,True,high,0.754,380013,23.013375,72.502403
1060,Ganesh Pulmonology Clinic,Ahmedabad,Tier-1,Pulmonology,3.3,True,low,0.127,380004,23.098078,72.564615
1061,Zydus Neurology Hospital,Ahmedabad,Tier-1,Neurology,4.0,True,high,0.8,380013,23.006395,72.55256
1062,SAL ENT Super Speciality Hospital,Ahmedabad,Tier-1,ENT,3.7,False,medium,0.489,380004,23.062311,72.5449
1063,Sterling Neurology Institute,Ahmedabad,Tier-1,Neurology,3.9,False,medium,0.5,380051,22.972902,72.515913
1064,Marengo CIMS Oncology Clinic,Ahmedabad,Tier-1,Oncology,3.8,False,medium,0.424,380051,22.95555,72.566979
1065,KD Cardiology Clinic,Ahmedabad,Tier-1,Cardiology,4.6,True,high,0.967,380004,23.091706,72.63837
1066,Shalby Orthopedics Healthcare,Ahmedabad,Tier-1,Orthopedics,3.5,False,medium,0.492,380013,23.018507,72.583246
1067,UN Mehta Psychiatry Super Speciality Hospital,Ahmedabad,Tier-1,Psychiatry,4.7,True,high,0.955,380004,22.973557,72.597822
1068,Sardar Patel Ophthalmology Super Speciality Hospital,Ahmedabad,Tier-1,Ophthalmology,4.1,True,high,0.917,380009,23.015774,72.558395
1069,Jivraj Mehta Pediatrics Medical Center,Ahmedabad,Tier-1,Pediatrics,4.2,True,high,0.781,380051,22.974425,72.599665
1070,Ganesh Orthopedics Super Speciality Hospital,Ahmedabad,Tier-1,Orthopedics,4.1,True,high,0.82,380061,23.059767,72.558379
1071,Zydus Dermatology Clinic,Ahmedabad,Tier-1,Dermatology,4.1,True,medium,0.593,380051,23.031383,72.574176
1072,SAL Gastroenterology Institute,Ahmedabad,Tier-1,Gastroenterology,4.2,True,high,0.924,380009,22.965775,72.57636
1073,Sterling Oncology Hospital,Ahmedabad,Tier-1,Oncology,3.6,True,medium,0.57,380001,23.028374,72.625924
1074,Marengo CIMS Dermatology Super Speciality Hospital,Ahmedabad,Tier-1,Dermatology,4.3,True,high,0.842,380013,22.989747,72.600167
1075,KD Neurology Healthcare,Ahmedabad,Tier-1,Neurology,4.5,True,high,0.973,380061,23.085985,72.554718
1076,Shalby Pulmonology Medical Center,Ahmedabad,Tier-1,Pulmonology,4.8,True,high,0.993,380001,23.048652,72.520728
1077,UN Mehta Cardiology Medical Center,Ahmedabad,Tier-1,Cardiology,4.3,True,high,1.0,380001,23.087035,72.526119
1078,Sardar Patel Pediatrics Healthcare,Ahmedabad,Tier-1,Pediatrics,4.3,False,high,0.997,380009,23.080908,72.511167
1079,Jivraj Mehta General Medicine Medical Center,Ahmedabad,Tier-1,General Medicine,4.4,True,high,0.942,380061,22.987397,72.509976
1080,Ganesh Ophthalmology Medical Center,Ahmedabad,Tier-1,Ophthalmology,3.9,False,medium,0.434,380013,23.048103,72.549829
1081,Zydus General Medicine Hospital,Ahmedabad,Tier-1,General Medicine,4.2,False,high,0.94,380013,22.991812,72.590194
1082,SAL Psychiatry Healthcare,Ahmedabad,Tier-1,Psychiatry,3.7,False,low,0.342,380061,23.037673,72.563355
1083,Sterling Neurology Super Speciality Hospital,Ahmedabad,Tier-1,Neurology,3.9,True,high,0.733,380051,23.091125,72.582449
1084,Marengo CIMS ENT Super Speciality Hospital,Ahmedabad,Tier-1,ENT,4.5,True,high,0.894,380051,23.009664,72.623005
1085,KD Cardiology Super Speciality Hospital,Ahmedabad,Tier-1,Cardiology,4.5,True,high,0.872,380004,23.078192,72.61448
1086,Shalby Psychiatry Institute,Ahmedabad,Tier-1,Psychiatry,4.4,False,high,0.792,380013,23.083604,72.627135
1087,UN Mehta Pediatrics Institute,Ahmedabad,Tier-1,Pediatrics,4.2,True,high,0.742,380013,22.979347,72.63453
1088,Sardar Patel Neurology Healthcare,Ahmedabad,Tier-1,Neurology,4.3,True,high,0.709,380004,22.994514,72.548551
1089,Jivraj Mehta Ophthalmology Hospital,Ahmedabad,Tier-1,Ophthalmology,3.7,True,medium,0.528,380006,23.027869,72.574712
1090,Ganesh Oncology Super Speciality Hospital,Ahmedabad,Tier-1,Oncology,3.9,True,medium,0.653,380061,23.000708,72.586827
1091,Zydus Ophthalmology Hospital,Ahmedabad,Tier-1,Ophthalmology,3.9,False,medium,0.533,380009,23.094104,72.51339
1092,SAL Dermatology Clinic,Ahmedabad,Tier-1,Dermatology,4.1,True,high,0.833,380061,23.009698,72.624495
1093,Sterling Oncology Clinic,Ahmedabad,Tier-1,Oncology,3.9,False,medium,0.535,380061,22.995258,72.57838
1094,Marengo CIMS Gynaecology Medical Center,Ahmedabad,Tier-1,Gynaecology,4.0,True,high,0.782,380061,23.09665,72.589667
1095,KD General Medicine Super Speciality Hospital,Ahmedabad,Tier-1,General Medicine,4.5,True,high,0.98,380004,23.094564,72.561609
1096,Shalby Orthopedics Healthcare,Ahmedabad,Tier-1,Orthopedics,4.3,False,high,0.826,380051,23.098798,72.532973
1097,UN Mehta Ophthalmology Hospital,Ahmedabad,Tier-1,Ophthalmology,4.3,True,high,0.901,380009,22.98825,72.600265
1098,Sardar Patel Nephrology Super Speciality Hospital,Ahmedabad,Tier-1,Nephrology,3.7,False,medium,0.653,380013,23.074331,72.547564
1099,Jivraj Mehta Gastroenterology Institute,Ahmedabad,Tier-1,Gastroenterology,3.0,False,low,0.107,380061,22.972424,72.60353
1100,Ganesh Pulmonology Medical Center,Ahmedabad,Tier-1,Pulmonology,3.8,True,medium,0.587,380009,22.993607,72.599956
1101,Zydus General Medicine Super Speciality Hospital,Ahmedabad,Tier-1,General Medicine,3.1,False,low,0.172,380004,23.023964,72.568798
1102,SAL Urology Institute,Ahmedabad,Tier-1,Urology,3.4,False,low,0.247,380006,23.013776,72.616689
1103,Sterling Cardiology Medical Center,Ahmedabad,Tier-1,Cardiology,3.2,False,low,0.186,380004,22.965506,72.62502
1104,Marengo CIMS General Medicine Clinic,Ahmedabad,Tier-1,General Medicine,3.7,False,medium,0.432,380013,23.053359,72.637471
1105,KD Neurology Hospital,Ahmedabad,Tier-1,Neurology,3.4,True,low,0.176,380061,22.95056,72.561537
1106,Shalby Cardiology Institute,Ahmedabad,Tier-1,Cardiology,3.1,True,low,0.022,380051,22.977771,72.562856
1107,UN Mehta Gastroenterology Hospital,Ahmedabad,Tier-1,Gastroenterology,4.4,True,high,0.845,380013,22.968282,72.615587
1108,Sardar Patel Neurology Super Speciality Hospital,Ahmedabad,Tier-1,Neurology,4.4,True,high,0.937,380004,22.97709,72.52375
1109,Jivraj Mehta Gastroenterology Hospital,Ahmedabad,Tier-1,Gastroenterology,4.4,False,high,0.989,380004,23.020559,72.55544
1110,Ganesh Oncology Healthcare,Ahmedabad,Tier-1,Oncology,3.2,False,low,0.215,380013,23.042653,72.574336
1111,Zydus Neurology Hospital,Ahmedabad,Tier-1,Neurology,3.7,True,medium,0.446,380006,23.051275,72.588238
1112,SAL Orthopedics Hospital,Ahmedabad,Tier-1,Orthopedics,4.4,True,high,0.948,380009,22.957186,72.589243
1113,Sterling Neurology Super Speciality Hospital,Ahmedabad,Tier-1,Neurology,3.4,False,low,0.342,380051,22.950182,72.542973
1114,Marengo CIMS ENT Healthcare,Ahmedabad,Tier-1,ENT,4.3,False,high,0.956,380061,23.087715,72.619348
1115,KD Orthopedics Medical Center,Ahmedabad,Tier-1,Orthopedics,4.1,True,medium,0.577,380013,22.96353,72.557907
1116,Shalby Ophthalmology Healthcare,Ahmedabad,Tier-1,Ophthalmology,4.0,False,medium,0.529,380061,22.966137,72.532632
1117,UN Mehta General Medicine Institute,Ahmedabad,Tier-1,General Medicine,3.5,False,low,0.2,380004,23.005588,72.623533
1118,Sardar Patel General Medicine Medical Center,Ahmedabad,Tier-1,General Medicine,4.4,True,high,0.989,380051,22.9898,72.612913
1119,Jivraj Mehta Cardiology Institute,Ahmedabad,Tier-1,Cardiology,4.4,False,high,0.782,380006,23.031993,72.536274
1120,Ganesh Ophthalmology Hospital,Ahmedabad,Tier-1,Ophthalmology,4.5,True,high,0.797,380061,23.087124,72.629494
1121,Zydus Gastroenterology Hospital,Ahmedabad,Tier-1,Gastroenterology,3.7,True,medium,0.592,380051,22.971837,72.524965
1122,SAL Psychiatry Super Speciality Hospital,Ahmedabad,Tier-1,Psychiatry,4.4,True,high,0.927,380061,23.097892,72.567393
1123,Sterling ENT Hospital,Ahmedabad,Tier-1,ENT,4.1,False,medium,0.661,380001,23.063141,72.62179
1124,Marengo CIMS Pediatrics Medical Center,Ahmedabad,Tier-1,Pediatrics,3.7,True,medium,0.505,380061,22.986583,72.574303
1125,KD Ophthalmology Medical Center,Ahmedabad,Tier-1,Ophthalmology,4.0,True,high,0.756,380013,22.951224,72.634767
1126,Shalby Nephrology Medical Center,Ahmedabad,Tier-1,Nephrology,3.9,True,high,0.758,380001,23.096644,72.613232
1127,UN Mehta Orthopedics Clinic,Ahmedabad,Tier-1,Orthopedics,4.2,True,high,0.985,380013,23.094761,72.587672
1128,Sardar Patel Cardiology Healthcare,Ahmedabad,Tier-1,Cardiology,3.6,False,low,0.348,380013,22.982044,72.503042
1129,Jivraj Mehta Pediatrics Healthcare,Ahmedabad,Tier-1,Pediatrics,4.2,True,high,0.765,380013,23.094661,72.541265
1130,Ganesh Pulmonology Clinic,Ahmedabad,Tier-1,Pulmonology,3.8,True,high,0.709,380051,23.00344,72.576681
1131,Zydus Dermatology Medical Center,Ahmedabad,Tier-1,Dermatology,4.7,True,high,0.986,380061,23.058522,72.534099
1132,SAL Gynaecology Healthcare,Ahmedabad,Tier-1,Gynaecology,3.5,False,medium,0.452,380009,22.96589,72.612665
1133,Sterling Cardiology Hospital,Ahmedabad,Tier-1,Cardiology,3.6,False,low,0.312,380006,23.039954,72.551012
1134,Marengo CIMS General Medicine Medical Center,Ahmedabad,Tier-1,General Medicine,3.9,True,high,0.738,380004,23.00738,72.635787
1135,KD Oncology Institute,Ahmedabad,Tier-1,Oncology,3.1,False,low,0.044,380001,23.042574,72.598502
1136,Shalby Orthopedics Clinic,Ahmedabad,Tier-1,Orthopedics,4.4,True,high,0.705,380006,22.954905,72.647582
1137,UN Mehta Cardiology Super Speciality Hospital,Ahmedabad,Tier-1,Cardiology,4.0,False,medium,0.624,380009,23.013627,72.592701
1138,Sardar Patel Cardiology Medical Center,Ahmedabad,Tier-1,Cardiology,3.6,True,medium,0.523,380051,23.002019,72.616925
1139,Jivraj Mehta Gynaecology Clinic,Ahmedabad,Tier-1,Gynaecology,4.4,True,high,0.998,380004,23.03222,72.636881
1140,Ganesh Psychiatry Medical Center,Ahmedabad,Tier-1,Psychiatry,4.0,True,high,0.783,380051,23.011801,72.592304
1141,Zydus Ophthalmology Clinic,Ahmedabad,Tier-1,Ophthalmology,4.1,False,medium,0.586,380051,23.039564,72.529692
1142,SAL Pediatrics Super Speciality Hospital,Ahmedabad,Tier-1,Pediatrics,4.6,False,high,0.894,380001,22.951643,72.514118
1143,Sterling Orthopedics Institute,Ahmedabad,Tier-1,Orthopedics,3.6,False,low,0.255,380013,23.089298,72.510904
1144,Marengo CIMS Pulmonology Hospital,Ahmedabad,Tier-1,Pulmonology,3.9,True,medium,0.469,380051,22.977614,72.524963
1145,KD Cardiology Institute,Ahmedabad,Tier-1,Cardiology,3.2,False,low,0.162,380061,23.089961,72.595081
1146,Shalby Gastroenterology Clinic,Ahmedabad,Tier-1,Gastroenterology,4.0,True,high,0.756,380004,22.961399,72.641144
1147,UN Mehta Gynaecology Clinic,Ahmedabad,Tier-1,Gynaecology,3.3,False,low,0.253,380001,23.048348,72.561004
1148,Sardar Patel Urology Healthcare,Ahmedabad,Tier-1,Urology,4.0,True,medium,0.609,380001,22.995265,72.526299
1149,Jivraj Mehta Nephrology Hospital,Ahmedabad,Tier-1,Nephrology,4.6,False,high,0.887,380001,22.969861,72.627015
1150,Ganesh General Medicine Clinic,Ahmedabad,Tier-1,General Medicine,4.3,True,high,0.924,380061,23.037497,72.548457
1151,Zydus Neurology Super Speciality Hospital,Ahmedabad,Tier-1,Neurology,4.4,False,high,0.864,380061,23.069455,72.50356
1152,SAL Ophthalmology Healthcare,Ahmedabad,Tier-1,Ophthalmology,4.4,True,high,0.926,380004,22.983143,72.535956
1153,Sterling Pediatrics Medical Center,Ahmedabad,Tier-1,Pediatrics,3.1,False,low,0.201,380004,22.958801,72.56089
1154,Marengo CIMS Ophthalmology Healthcare,Ahmedabad,Tier-1,Ophthalmology,3.4,True,low,0.303,380006,23.083258,72.521182
1155,KD Gastroenterology Clinic,Ahmedabad,Tier-1,Gastroenterology,4.0,True,medium,0.62,380006,23.084206,72.521308
1156,Shalby Neurology Hospital,Ahmedabad,Tier-1,Neurology,3.4,False,medium,0.402,380051,22.998489,72.55795
1157,UN Mehta Gynaecology Super Speciality Hospital,Ahmedabad,Tier-1,Gynaecology,4.2,True,high,0.833,380004,23.029194,72.607185
1158,Sardar Patel Neurology Hospital,Ahmedabad,Tier-1,Neurology,3.8,True,medium,0.42,380001,23.00315,72.643108
1159,Jivraj Mehta Gastroenterology Hospital,Ahmedabad,Tier-1,Gastroenterology,4.2,True,high,0.9,380061,23.079109,72.577073
1160,Ganesh Oncology Medical Center,Ahmedabad,Tier-1,Oncology,3.6,False,low,0.259,380061,23.07925,72.580906
1161,Zydus Cardiology Institute,Ahmedabad,Tier-1,Cardiology,4.3,True,high,0.867,380004,23.016257,72.505244
1162,SAL Cardiology Healthcare,Ahmedabad,Tier-1,Cardiology,3.1,False,low,0.228,380013,23.068243,72.50647
1163,Sterling Gastroenterology Institute,Ahmedabad,Tier-1,Gastroenterology,3.4,True,low,0.372,380004,23.028631,72.636503
1164,Marengo CIMS General Medicine Institute,Ahmedabad,Tier-1,General Medicine,4.0,False,medium,0.528,380061,23.016626,72.562876
1165,KD Pediatrics Clinic,Ahmedabad,Tier-1,Pediatrics,3.0,False,low,0.195,380051,23.033565,72.614713
1166,Shalby Ophthalmology Hospital,Ahmedabad,Tier-1,Ophthalmology,3.3,True,low,0.038,380001,23.060813,72.551925
1167,UN Mehta Psychiatry Healthcare,Ahmedabad,Tier-1,Psychiatry,3.3,False,low,0.362,380051,23.087456,72.527156
1168,Sardar Patel ENT Hospital,Ahmedabad,Tier-1,ENT,3.6,False,low,0.204,380001,22.995397,72.571093
1169,Jivraj Mehta Urology Super Speciality Hospital,Ahmedabad,Tier-1,Urology,4.5,True,high,0.893,380051,22.964821,72.622144
1170,Ganesh Orthopedics Clinic,Ahmedabad,Tier-1,Orthopedics,3.7,True,medium,0.646,380061,23.029843,72.630231
1171,Zydus Neurology Clinic,Ahmedabad,Tier-1,Neurology,3.3,True,medium,0.402,380001,23.090956,72.515349
1172,SAL Cardiology Medical Center,Ahmedabad,Tier-1,Cardiology,4.2,True,high,0.917,380061,23.066248,72.557791
1173,Sterling Orthopedics Hospital,Ahmedabad,Tier-1,Orthopedics,3.9,False,medium,0.622,380009,23.042212,72.630234
1174,Marengo CIMS Dermatology Institute,Ahmedabad,Tier-1,Dermatology,4.0,False,medium,0.562,380001,23.062921,72.504323
1175,KD Pediatrics Hospital,Ahmedabad,Tier-1,Pediatrics,4.1,False,high,0.726,380006,23.073475,72.586902
1176,Shalby Pulmonology Hospital,Ahmedabad,Tier-1,Pulmonology,3.2,False,low,0.139,380051,23.077513,72.572298
1177,UN Mehta Gastroenterology Super Speciality Hospital,Ahmedabad,Tier-1,Gastroenterology,3.9,False,medium,0.494,380006,23.038397,72.59558
1178,Sardar Patel Gynaecology Super Speciality Hospital,Ahmedabad,Tier-1,Gynaecology,4.6,True,high,0.907,380004,23.030135,72.599082
1179,Jivraj Mehta Cardiology Healthcare,Ahmedabad,Tier-1,Cardiology,3.4,False,low,0.14,380001,23.034799,72.622076
1180,Ganesh Dermatology Hospital,Ahmedabad,Tier-1,Dermatology,4.0,True,high,0.823,380001,22.965298,72.647597
1181,Zydus Dermatology Medical Center,Ahmedabad,Tier-1,Dermatology,3.9,True,medium,0.433,380004,23.068214,72.588167
1182,SAL Orthopedics Medical Center,Ahmedabad,Tier-1,Orthopedics,4.3,True,high,0.999,380051,22.988087,72.64525
1183,Sterling Orthopedics Medical Center,Ahmedabad,Tier-1,Orthopedics,4.2,True,high,0.971,380009,23.029803,72.643498
1184,Marengo CIMS Neurology Clinic,Ahmedabad,Tier-1,Neurology,4.5,True,high,0.856,380051,23.029191,72.564584
1185,KD Ophthalmology Super Speciality Hospital,Ahmedabad,Tier-1,Ophthalmology,4.3,True,high,0.907,380004,23.01915,72.626378
1186,Shalby Cardiology Medical Center,Ahmedabad,Tier-1,Cardiology,3.4,False,low,0.238,380004,23.06757,72.649643
1187,UN Mehta Pediatrics Clinic,Ahmedabad,Tier-1,Pediatrics,4.0,False,medium,0.576,380013,23.050879,72.523914
1188,Sardar Patel Orthopedics Super Speciality Hospital,Ahmedabad,Tier-1,Orthopedics,3.0,False,low,0.001,380051,23.095809,72.604232
1189,Jivraj Mehta Psychiatry Medical Center,Ahmedabad,Tier-1,Psychiatry,4.3,False,high,0.766,380009,23.068439,72.509176
1190,Ganesh Pulmonology Super Speciality Hospital,Ahmedabad,Tier-1,Pulmonology,4.1,True,medium,0.558,380006,23.018627,72.528163
1191,Zydus ENT Institute,Ahmedabad,Tier-1,ENT,4.0,False,medium,0.563,380013,22.993477,72.552835
1192,SAL Gynaecology Super Speciality Hospital,Ahmedabad,Tier-1,Gynaecology,3.3,False,low,0.152,380061,22.977681,72.551013
1193,Sterling Oncology Institute,Ahmedabad,Tier-1,Oncology,3.9,False,medium,0.427,380013,23.093886,72.523926
1194,Marengo CIMS Urology Institute,Ahmedabad,Tier-1,Urology,3.3,False,low,0.236,380004,22.959238,72.549051
1195,KD Neurology Medical Center,Ahmedabad,Tier-1,Neurology,3.6,False,medium,0.521,380051,22.957348,72.572993
1196,Shalby Urology Medical Center,Ahmedabad,Tier-1,Urology,4.3,True,high,0.95,380009,22.982972,72.616413
1197,UN Mehta Cardiology Institute,Ahmedabad,Tier-1,Cardiology,4.4,False,high,0.911,380061,23.096059,72.616871
1198,Sardar Patel Pediatrics Super Speciality Hospital,Ahmedabad,Tier-1,Pediatrics,4.0,True,high,0.813,380004,23.052924,72.562904
1199,Jivraj Mehta Nephrology Healthcare,Ahmedabad,Tier-1,Nephrology,3.7,False,medium,0.639,380013,23.033248,72.526866
1200,Ganesh Oncology Healthcare,Ahmedabad,Tier-1,Oncology,4.5,True,high,0.951,380004,22.987319,72.576838
1201,Santokba Durlabhji Cardiology Institute,Jaipur,Tier-1,Cardiology,3.6,False,low,0.279,302003,26.917097,75.757517
1202,Mahatma Gandhi Pediatrics Super Speciality Hospital,Jaipur,Tier-1,Pediatrics,4.4,True,high,0.919,302004,26.93429,75.740138
1203,Eternal Gynaecology Medical Center,Jaipur,Tier-1,Gynaecology,4.1,False,high,0.858,302003,26.874672,75.707372
1204,Rukmani Birla Gastroenterology Clinic,Jaipur,Tier-1,Gastroenterology,3.7,False,medium,0.563,302015,26.983086,75.731448
1205,Apex Psychiatry Institute,Jaipur,Tier-1,Psychiatry,4.5,True,high,0.891,302002,26.803835,75.757756
1206,Sawai Man Singh Pediatrics Super Speciality Hospital,Jaipur,Tier-1,Pediatrics,4.1,True,high,0.78,302020,26.919742,75.712107
1207,Marudhar Ophthalmology Institute,Jaipur,Tier-1,Ophthalmology,3.8,False,medium,0.628,302001,26.814615,75.704067
1208,Tagore Dermatology Clinic,Jaipur,Tier-1,Dermatology,4.1,True,high,0.706,302015,26.899026,75.742948
1209,Santokba Durlabhji Pediatrics Hospital,Jaipur,Tier-1,Pediatrics,4.3,True,high,0.749,302001,26.827129,75.702828
1210,Mahatma Gandhi Gastroenterology Medical Center,Jaipur,Tier-1,Gastroenterology,3.9,True,medium,0.472,302004,26.91557,75.878606
1211,Eternal Psychiatry Healthcare,Jaipur,Tier-1,Psychiatry,3.5,False,medium,0.416,302020,26.841537,75.864641
1212,Rukmani Birla ENT Healthcare,Jaipur,Tier-1,ENT,4.2,False,high,0.99,302001,26.922838,75.849495
1213,Apex General Medicine Super Speciality Hospital,Jaipur,Tier-1,General Medicine,4.4,True,high,0.787,302002,26.968895,75.763057
1214,Sawai Man Singh Neurology Clinic,Jaipur,Tier-1,Neurology,3.8,True,medium,0.65,302004,26.89442,75.725863
1215,Marudhar General Medicine Healthcare,Jaipur,Tier-1,General Medicine,4.8,True,high,0.996,302004,26.927327,75.843094
1216,Tagore Gastroenterology Super Speciality Hospital,Jaipur,Tier-1,Gastroenterology,3.2,False,low,0.101,302015,26.902294,75.715792
1217,Santokba Durlabhji Urology Medical Center,Jaipur,Tier-1,Urology,4.4,True,high,0.783,302020,26.863931,75.849175
1218,Mahatma Gandhi Gynaecology Clinic,Jaipur,Tier-1,Gynaecology,3.8,False,medium,0.635,302001,26.941462,75.826775
1219,Eternal General Medicine Super Speciality Hospital,Jaipur,Tier-1,General Medicine,4.0,True,medium,0.529,302020,26.884159,75.802458
1220,Rukmani Birla Oncology Super Speciality Hospital,Jaipur,Tier-1,Oncology,4.4,False,high,0.745,302015,26.877417,75.715089
1221,Apex Pulmonology Healthcare,Jaipur,Tier-1,Pulmonology,4.0,True,high,0.752,302020,26.859263,75.751759
1222,Sawai Man Singh Ophthalmology Hospital,Jaipur,Tier-1,Ophthalmology,4.3,False,high,0.82,302017,26.835408,75.819858
1223,Marudhar Psychiatry Hospital,Jaipur,Tier-1,Psychiatry,3.7,False,medium,0.641,302004,26.929999,75.845458
1224,Tagore Gynaecology Clinic,Jaipur,Tier-1,Gynaecology,4.0,False,high,0.863,302001,26.873545,75.849217
1225,Santokba Durlabhji Gastroenterology Super Speciality Hospital,Jaipur,Tier-1,Gastroenterology,3.4,False,low,0.265,302015,26.86653,75.800909
1226,Mahatma Gandhi Urology Clinic,Jaipur,Tier-1,Urology,3.1,False,low,0.04,302003,26.917167,75.785577
1227,Eternal Dermatology Institute,Jaipur,Tier-1,Dermatology,3.3,False,low,0.3,302001,26.862506,75.786305
1228,Rukmani Birla Pulmonology Institute,Jaipur,Tier-1,Pulmonology,3.7,False,medium,0.511,302004,26.928778,75.791103
1229,Apex Oncology Hospital,Jaipur,Tier-1,Oncology,4.1,True,high,0.909,302020,26.983866,75.725537
1230,Sawai Man Singh Cardiology Super Speciality Hospital,Jaipur,Tier-1,Cardiology,3.7,False,medium,0.655,302015,26.969848,75.719926
1231,Marudhar Oncology Institute,Jaipur,Tier-1,Oncology,4.1,True,high,0.876,302001,26.882557,75.889014
1232,Tagore Gynaecology Healthcare,Jaipur,Tier-1,Gynaecology,3.3,False,low,0.251,302015,26.875973,75.733755
1233,Santokba Durlabhji Pulmonology Clinic,Jaipur,Tier-1,Pulmonology,4.0,True,high,0.808,302004,26.997745,75.785579
1234,Mahatma Gandhi Cardiology Super Speciality Hospital,Jaipur,Tier-1,Cardiology,3.0,True,low,0.087,302003,26.961719,75.73182
1235,Eternal Gynaecology Medical Center,Jaipur,Tier-1,Gynaecology,3.0,False,low,0.209,302003,26.864306,75.875883
1236,Rukmani Birla Cardiology Clinic,Jaipur,Tier-1,Cardiology,3.7,False,medium,0.512,302003,26.9775,75.753527
1237,Apex Gynaecology Hospital,Jaipur,Tier-1,Gynaecology,4.2,True,high,0.729,302020,26.967065,75.757186
1238,Sawai Man Singh Gynaecology Super Speciality Hospital,Jaipur,Tier-1,Gynaecology,4.6,False,high,0.983,302017,26.88149,75.842299
1239,Marudhar Ophthalmology Medical Center,Jaipur,Tier-1,Ophthalmology,4.1,True,high,0.789,302001,26.830501,75.799262
1240,Tagore Gastroenterology Hospital,Jaipur,Tier-1,Gastroenterology,3.8,False,medium,0.668,302020,26.950607,75.883351
1241,Santokba Durlabhji Dermatology Medical Center,Jaipur,Tier-1,Dermatology,4.0,False,medium,0.625,302015,26.826215,75.898262
1242,Mahatma Gandhi Gynaecology Clinic,Jaipur,Tier-1,Gynaecology,4.3,True,high,0.945,302003,26.806289,75.790092
1243,Eternal General Medicine Institute,Jaipur,Tier-1,General Medicine,3.9,False,medium,0.475,302017,26.963249,75.732934
1244,Rukmani Birla Orthopedics Hospital,Jaipur,Tier-1,Orthopedics,4.1,True,high,0.828,302015,26.908154,75.770505
1245,Apex Neurology Hospital,Jaipur,Tier-1,Neurology,3.8,True,medium,0.407,302001,26.800865,75.807321
1246,Sawai Man Singh General Medicine Medical Center,Jaipur,Tier-1,General Medicine,3.2,False,low,0.304,302003,26.868838,75.758931
1247,Marudhar Oncology Clinic,Jaipur,Tier-1,Oncology,4.7,True,high,0.991,302020,26.927965,75.782447
1248,Tagore Neurology Medical Center,Jaipur,Tier-1,Neurology,4.3,True,high,0.904,302020,26.849776,75.8195
1249,Santokba Durlabhji Ophthalmology Super Speciality Hospital,Jaipur,Tier-1,Ophthalmology,3.8,False,medium,0.652,302002,26.933111,75.759159
1250,Mahatma Gandhi Pulmonology Healthcare,Jaipur,Tier-1,Pulmonology,3.9,True,high,0.775,302020,26.849306,75.720044
1251,Eternal Orthopedics Healthcare,Jaipur,Tier-1,Orthopedics,4.2,True,medium,0.654,302015,26.978706,75.879059
1252,Rukmani Birla Orthopedics Medical Center,Jaipur,Tier-1,Orthopedics,4.1,False,medium,0.547,302003,26.975641,75.81255
1253,Apex Neurology Institute,Jaipur,Tier-1,Neurology,4.5,True,high,0.787,302004,26.909773,75.861729
1254,Sawai Man Singh Gynaecology Healthcare,Jaipur,Tier-1,Gynaecology,3.0,False,low,0.142,302015,26.809314,75.723994
1255,Marudhar Cardiology Healthcare,Jaipur,Tier-1,Cardiology,4.4,True,high,0.9,302017,26.991237,75.787054
1256,Tagore Ophthalmology Medical Center,Jaipur,Tier-1,Ophthalmology,3.9,True,medium,0.687,302015,26.952351,75.790382
1257,Santokba Durlabhji Psychiatry Healthcare,Jaipur,Tier-1,Psychiatry,4.1,True,high,0.735,302004,26.976309,75.758735
1258,Mahatma Gandhi Cardiology Super Speciality Hospital,Jaipur,Tier-1,Cardiology,4.2,False,high,0.824,302001,26.983352,75.834527
1259,Eternal Gynaecology Hospital,Jaipur,Tier-1,Gynaecology,4.0,True,high,0.882,302001,26.84736,75.861775
1260,Rukmani Birla General Medicine Medical Center,Jaipur,Tier-1,General Medicine,4.3,True,medium,0.658,302001,26.849961,75.736371
1261,Apex Pediatrics Clinic,Jaipur,Tier-1,Pediatrics,4.2,True,high,0.897,302004,26.860222,75.703191
1262,Sawai Man Singh Pediatrics Clinic,Jaipur,Tier-1,Pediatrics,3.4,False,low,0.359,302020,26.847168,75.758482
1263,Marudhar Neurology Healthcare,Jaipur,Tier-1,Neurology,4.0,True,high,0.76,302004,26.898908,75.788879
1264,Tagore Ophthalmology Super Speciality Hospital,Jaipur,Tier-1,Ophthalmology,4.3,True,high,0.811,302002,26.870905,75.815645
1265,Santokba Durlabhji General Medicine Institute,Jaipur,Tier-1,General Medicine,4.7,True,high,0.967,302020,26.938712,75.725687
1266,Mahatma Gandhi General Medicine Hospital,Jaipur,Tier-1,General Medicine,4.2,True,high,0.852,302003,26.897313,75.713114
1267,Eternal Pulmonology Clinic,Jaipur,Tier-1,Pulmonology,3.2,False,low,0.318,302004,26.892555,75.819077
1268,Rukmani Birla Ophthalmology Healthcare,Jaipur,Tier-1,Ophthalmology,4.2,False,medium,0.675,302015,26.821538,75.853962
1269,Apex ENT Institute,Jaipur,Tier-1,ENT,4.1,True,high,0.8,302020,26.814457,75.820672
1270,Sawai Man Singh Nephrology Medical Center,Jaipur,Tier-1,Nephrology,4.0,True,medium,0.48,302015,26.927705,75.792336
1271,Marudhar Nephrology Super Speciality Hospital,Jaipur,Tier-1,Nephrology,3.9,True,medium,0.552,302015,26.818811,75.702682
1272,Tagore General Medicine Medical Center,Jaipur,Tier-1,General Medicine,4.1,False,high,0.861,302001,26.903672,75.787492
1273,Santokba Durlabhji Ophthalmology Clinic,Jaipur,Tier-1,Ophthalmology,4.2,True,high,0.802,302017,26.843058,75.894553
1274,Mahatma Gandhi Dermatology Super Speciality Hospital,Jaipur,Tier-1,Dermatology,3.3,False,low,0.024,302020,26.961151,75.863815
1275,Eternal Cardiology Medical Center,Jaipur,Tier-1,Cardiology,4.2,True,high,0.965,302015,26.896396,75.878305
1276,Rukmani Birla Gynaecology Hospital,Jaipur,Tier-1,Gynaecology,4.1,True,high,0.748,302004,26.989176,75.8164
1277,Apex Orthopedics Medical Center,Jaipur,Tier-1,Orthopedics,3.9,False,high,0.804,302002,26.85954,75.857258
1278,Sawai Man Singh Nephrology Hospital,Jaipur,Tier-1,Nephrology,3.9,True,high,0.754,302004,26.978391,75.759207
1279,Marudhar Pediatrics Medical Center,Jaipur,Tier-1,Pediatrics,3.7,False,low,0.336,302002,26.947408,75.709406
1280,Tagore Gynaecology Super Speciality Hospital,Jaipur,Tier-1,Gynaecology,3.4,False,low,0.26,302017,26.873105,75.729211
1281,Santokba Durlabhji Orthopedics Clinic,Jaipur,Tier-1,Orthopedics,4.3,True,high,0.995,302004,26.91066,75.764681
1282,Mahatma Gandhi Ophthalmology Medical Center,Jaipur,Tier-1,Ophthalmology,4.1,True,high,0.898,302003,26.981406,75.835527
1283,Eternal Orthopedics Clinic,Jaipur,Tier-1,Orthopedics,4.1,True,medium,0.563,302020,26.906399,75.868277
1284,Rukmani Birla Oncology Clinic,Jaipur,Tier-1,Oncology,4.5,False,high,0.974,302003,26.880942,75.823358
1285,Apex Gynaecology Healthcare,Jaipur,Tier-1,Gynaecology,4.4,True,high,0.829,302015,26.92702,75.719235
1286,Sawai Man Singh Gastroenterology Medical Center,Jaipur,Tier-1,Gastroenterology,3.6,False,low,0.375,302003,26.903051,75.885666
1287,Marudhar Ophthalmology Institute,Jaipur,Tier-1,Ophthalmology,4.3,True,high,0.914,302003,26.944321,75.715562
1288,Tagore Nephrology Institute,Jaipur,Tier-1,Nephrology,3.2,True,low,0.21,302001,26.841011,75.847862
1289,Santokba Durlabhji Orthopedics Super Speciality Hospital,Jaipur,Tier-1,Orthopedics,3.4,False,low,0.225,302015,26.908631,75.79839
1290,Mahatma Gandhi Pediatrics Super Speciality Hospital,Jaipur,Tier-1,Pediatrics,3.2,False,low,0.087,302003,26.904865,75.745275
1291,Eternal Gynaecology Clinic,Jaipur,Tier-1,Gynaecology,4.1,True,high,0.759,302015,26.853228,75.76154
1292,Rukmani Birla Gastroenterology Institute,Jaipur,Tier-1,Gastroenterology,4.3,True,high,0.874,302004,26.86335,75.733944
1293,Apex Urology Medical Center,Jaipur,Tier-1,Urology,4.3,True,high,0.918,302004,26.894961,75.70475
1294,Sawai Man Singh Oncology Institute,Jaipur,Tier-1,Oncology,4.5,True,high,0.823,302003,26.879911,75.740817
1295,Marudhar ENT Super Speciality Hospital,Jaipur,Tier-1,ENT,3.3,False,low,0.173,302002,26.950473,75.74868
1296,Tagore ENT Institute,Jaipur,Tier-1,ENT,4.0,True,high,0.777,302017,26.911033,75.852099
1297,Santokba Durlabhji Gastroenterology Healthcare,Jaipur,Tier-1,Gastroenterology,3.9,True,medium,0.672,302002,26.862857,75.891469
1298,Mahatma Gandhi General Medicine Healthcare,Jaipur,Tier-1,General Medicine,3.4,True,low,0.244,302017,26.97815,75.884987
1299,Eternal Cardiology Hospital,Jaipur,Tier-1,Cardiology,4.6,True,high,0.986,302001,26.951065,75.838361
1300,Rukmani Birla Nephrology Healthcare,Jaipur,Tier-1,Nephrology,3.2,False,low,0.041,302020,26.858699,75.728861
1301,Apex Cardiology Super Speciality Hospital,Jaipur,Tier-1,Cardiology,4.1,True,medium,0.618,302003,26.997152,75.784261
1302,Sawai Man Singh Gastroenterology Institute,Jaipur,Tier-1,Gastroenterology,3.7,False,medium,0.52,302002,26.889781,75.899614
1303,Marudhar Gynaecology Super Speciality Hospital,Jaipur,Tier-1,Gynaecology,3.5,False,low,0.342,302001,26.978507,75.78492
1304,Tagore ENT Clinic,Jaipur,Tier-1,ENT,3.5,False,medium,0.476,302015,26.946082,75.820221
1305,Santokba Durlabhji General Medicine Super Speciality Hospital,Jaipur,Tier-1,General Medicine,4.3,True,high,0.891,302001,26.92742,75.77927
1306,Mahatma Gandhi Urology Institute,Jaipur,Tier-1,Urology,3.3,True,low,0.034,302001,26.97173,75.884806
1307,Eternal ENT Healthcare,Jaipur,Tier-1,ENT,3.1,False,low,0.216,302017,26.90857,75.844365
1308,Rukmani Birla Nephrology Institute,Jaipur,Tier-1,Nephrology,3.8,False,medium,0.505,302015,26.86055,75.837484
1309,Apex Psychiatry Hospital,Jaipur,Tier-1,Psychiatry,4.3,True,high,0.832,302017,26.829467,75.703442
1310,Sawai Man Singh Neurology Medical Center,Jaipur,Tier-1,Neurology,4.6,True,high,0.868,302004,26.952504,75.729213
1311,Marudhar Pediatrics Medical Center,Jaipur,Tier-1,Pediatrics,3.7,False,low,0.377,302015,26.994756,75.845632
1312,Tagore Orthopedics Super Speciality Hospital,Jaipur,Tier-1,Orthopedics,3.4,False,low,0.104,302003,26.856107,75.861572
1313,Santokba Durlabhji General Medicine Institute,Jaipur,Tier-1,General Medicine,3.3,False,low,0.217,302001,26.938116,75.718395
1314,Mahatma Gandhi Gastroenterology Super Speciality Hospital,Jaipur,Tier-1,Gastroenterology,4.8,True,high,0.983,302003,26.945789,75.803756
1315,Eternal Urology Medical Center,Jaipur,Tier-1,Urology,3.7,False,low,0.364,302020,26.950982,75.880591
1316,Rukmani Birla Gastroenterology Healthcare,Jaipur,Tier-1,Gastroenterology,4.2,True,high,0.819,302002,26.813099,75.715734
1317,Apex General Medicine Institute,Jaipur,Tier-1,General Medicine,3.4,True,medium,0.43,302020,26.868703,75.892234
1318,Sawai Man Singh General Medicine Institute,Jaipur,Tier-1,General Medicine,4.0,True,high,0.77,302017,26.862566,75.874096
1319,Marudhar Dermatology Super Speciality Hospital,Jaipur,Tier-1,Dermatology,4.1,True,high,0.763,302003,26.887882,75.744004
1320,Tagore Cardiology Healthcare,Jaipur,Tier-1,Cardiology,3.7,False,medium,0.511,302015,26.911856,75.702206
1321,Santokba Durlabhji Oncology Medical Center,Jaipur,Tier-1,Oncology,3.1,False,low,0.095,302003,26.901177,75.784676
1322,Mahatma Gandhi Gynaecology Medical Center,Jaipur,Tier-1,Gynaecology,3.9,True,medium,0.443,302020,26.829079,75.77361
1323,Eternal Gastroenterology Medical Center,Jaipur,Tier-1,Gastroenterology,3.7,False,medium,0.559,302001,26.994701,75.897527
1324,Rukmani Birla Cardiology Hospital,Jaipur,Tier-1,Cardiology,3.0,False,low,0.148,302015,26.818357,75.715271
1325,Apex Cardiology Hospital,Jaipur,Tier-1,Cardiology,4.5,True,high,0.826,302003,26.931471,75.766206
1326,Sawai Man Singh General Medicine Medical Center,Jaipur,Tier-1,General Medicine,4.2,False,medium,0.6,302017,26.851522,75.896212
1327,Marudhar ENT Hospital,Jaipur,Tier-1,ENT,4.2,True,high,0.969,302003,26.812712,75.892498
1328,Tagore Ophthalmology Healthcare,Jaipur,Tier-1,Ophthalmology,3.9,True,high,0.763,302015,26.896049,75.817107
1329,Santokba Durlabhji Nephrology Medical Center,Jaipur,Tier-1,Nephrology,4.4,True,high,0.764,302001,26.991305,75.821615
1330,Mahatma Gandhi General Medicine Medical Center,Jaipur,Tier-1,General Medicine,4.1,True,high,0.823,302001,26.993518,75.85045
1331,Eternal Ophthalmology Medical Center,Jaipur,Tier-1,Ophthalmology,4.4,True,high,0.787,302020,26.941582,75.817027
1332,Rukmani Birla ENT Healthcare,Jaipur,Tier-1,ENT,3.7,False,medium,0.639,302002,26.958117,75.703367
1333,Apex Pediatrics Healthcare,Jaipur,Tier-1,Pediatrics,4.5,True,high,0.825,302001,26.883896,75.812691
1334,Sawai Man Singh Orthopedics Hospital,Jaipur,Tier-1,Orthopedics,4.3,False,high,0.878,302015,26.827925,75.851016
1335,Marudhar Gynaecology Medical Center,Jaipur,Tier-1,Gynaecology,4.6,False,high,0.94,302002,26.909413,75.841717
1336,Tagore Neurology Medical Center,Jaipur,Tier-1,Neurology,3.8,True,medium,0.454,302015,26.843655,75.791311
1337,Santokba Durlabhji General Medicine Hospital,Jaipur,Tier-1,General Medicine,4.5,False,high,0.975,302015,26.836533,75.80793
1338,Mahatma Gandhi Orthopedics Clinic,Jaipur,Tier-1,Orthopedics,3.7,False,low,0.315,302020,26.922506,75.811935
1339,Eternal Pediatrics Hospital,Jaipur,Tier-1,Pediatrics,4.2,True,medium,0.647,302020,26.932294,75.791373
1340,Rukmani Birla Dermatology Super Speciality Hospital,Jaipur,Tier-1,Dermatology,4.1,True,high,0.835,302020,26.914605,75.895097
1341,Apex Gastroenterology Medical Center,Jaipur,Tier-1,Gastroenterology,3.9,False,medium,0.435,302020,26.958726,75.895088
1342,Sawai Man Singh Oncology Institute,Jaipur,Tier-1,Oncology,4.4,True,high,0.792,302020,26.817716,75.799774
1343,Marudhar Urology Institute,Jaipur,Tier-1,Urology,3.3,False,low,0.141,302004,26.877562,75.834355
1344,Tagore Dermatology Healthcare,Jaipur,Tier-1,Dermatology,4.0,True,high,0.832,302015,26.916668,75.718444
1345,Santokba Durlabhji Orthopedics Super Speciality Hospital,Jaipur,Tier-1,Orthopedics,4.2,True,high,0.717,302015,26.99951,75.816362
1346,Mahatma Gandhi Gynaecology Hospital,Jaipur,Tier-1,Gynaecology,4.2,False,high,0.917,302004,26.821681,75.840382
1347,Eternal Urology Hospital,Jaipur,Tier-1,Urology,3.9,True,medium,0.642,302004,26.872635,75.871496
1348,Rukmani Birla ENT Institute,Jaipur,Tier-1,ENT,3.9,False,medium,0.614,302015,26.970044,75.861072
1349,Apex Gynaecology Healthcare,Jaipur,Tier-1,Gynaecology,3.1,False,low,0.257,302017,26.966205,75.884225
1350,Sawai Man Singh Ophthalmology Super Speciality Hospital,Jaipur,Tier-1,Ophthalmology,4.3,True,high,0.88,302015,26.873711,75.722712
1351,Sahara Orthopedics Clinic,Lucknow,Tier-1,Orthopedics,4.4,True,high,0.802,226004,26.860203,80.93312
1352,Chandan General Medicine Clinic,Lucknow,Tier-1,General Medicine,4.5,True,high,0.865,226012,26.864349,80.917242
1353,Vivekanand Gastroenterology Medical Center,Lucknow,Tier-1,Gastroenterology,3.7,False,medium,0.504,226020,26.809286,80.86289
1354,Charak Neurology Hospital,Lucknow,Tier-1,Neurology,3.2,False,low,0.288,226020,26.837632,80.995963
1355,Mayo Ophthalmology Medical Center,Lucknow,Tier-1,Ophthalmology,3.7,True,medium,0.488,226020,26.823638,80.868414
1356,Awadh General Medicine Institute,Lucknow,Tier-1,General Medicine,4.6,True,high,0.919,226012,26.828496,80.859854
1357,Sanjay Gandhi Gastroenterology Healthcare,Lucknow,Tier-1,Gastroenterology,3.2,False,low,0.257,226004,26.8932,80.99315
1358,Begum Hazrat Mahal Pulmonology Healthcare,Lucknow,Tier-1,Pulmonology,4.0,False,high,0.794,226001,26.913061,80.880812
1359,KGMU Orthopedics Institute,Lucknow,Tier-1,Orthopedics,4.4,True,high,0.828,226012,26.844159,81.037317
1360,Sahara General Medicine Medical Center,Lucknow,Tier-1,General Medicine,3.9,False,medium,0.64,226004,26.899747,80.907694
1361,Chandan Dermatology Medical Center,Lucknow,Tier-1,Dermatology,3.7,False,medium,0.493,226004,26.886611,80.9635
1362,Vivekanand Psychiatry Institute,Lucknow,Tier-1,Psychiatry,4.2,True,high,0.89,226004,26.887318,80.912502
1363,Charak Cardiology Clinic,Lucknow,Tier-1,Cardiology,4.5,False,high,0.839,226003,26.933509,80.883474
1364,Mayo Neurology Hospital,Lucknow,Tier-1,Neurology,4.0,True,medium,0.624,226003,26.864398,80.949816
1365,Awadh Dermatology Clinic,Lucknow,Tier-1,Dermatology,4.3,False,high,0.828,226004,26.881963,80.961845
1366,Sanjay Gandhi Dermatology Medical Center,Lucknow,Tier-1,Dermatology,3.6,True,medium,0.497,226002,26.905877,80.880035
1367,Begum Hazrat Mahal Neurology Institute,Lucknow,Tier-1,Neurology,4.0,False,medium,0.509,226010,26.922267,80.878996
1368,KGMU Pediatrics Institute,Lucknow,Tier-1,Pediatrics,3.7,False,medium,0.505,226003,26.856562,81.038094
1369,Sahara Nephrology Medical Center,Lucknow,Tier-1,Nephrology,4.2,True,high,0.795,226004,26.881498,80.991475
1370,Chandan Psychiatry Institute,Lucknow,Tier-1,Psychiatry,3.7,False,medium,0.467,226002,26.920707,80.892367
1371,Vivekanand Nephrology Clinic,Lucknow,Tier-1,Nephrology,3.8,True,medium,0.597,226010,26.865331,80.878375
1372,Charak Nephrology Medical Center,Lucknow,Tier-1,Nephrology,4.2,True,high,0.909,226020,26.850356,80.961304
1373,Mayo Orthopedics Hospital,Lucknow,Tier-1,Orthopedics,4.2,True,high,0.994,226002,26.926859,80.980839
1374,Awadh General Medicine Super Speciality Hospital,Lucknow,Tier-1,General Medicine,3.6,False,low,0.294,226004,26.800482,81.025814
1375,Sanjay Gandhi Ophthalmology Hospital,Lucknow,Tier-1,Ophthalmology,3.1,True,low,0.177,226020,26.901388,80.861718
1376,Begum Hazrat Mahal General Medicine Super Speciality Hospital,Lucknow,Tier-1,General Medicine,3.7,False,medium,0.549,226001,26.878302,80.940192
1377,KGMU Pediatrics Hospital,Lucknow,Tier-1,Pediatrics,3.9,True,medium,0.498,226002,26.830939,80.974492
1378,Sahara Orthopedics Super Speciality Hospital,Lucknow,Tier-1,Orthopedics,3.4,False,medium,0.419,226010,26.864267,80.945046
1379,Chandan Dermatology Institute,Lucknow,Tier-1,Dermatology,4.0,False,medium,0.593,226010,26.870002,80.873533
1380,Vivekanand Orthopedics Medical Center,Lucknow,Tier-1,Orthopedics,4.2,True,medium,0.592,226012,26.944046,81.014777
1381,Charak Pediatrics Clinic,Lucknow,Tier-1,Pediatrics,3.7,True,low,0.244,226003,26.861698,80.957133
1382,Mayo Psychiatry Institute,Lucknow,Tier-1,Psychiatry,4.2,True,high,0.762,226012,26.844438,80.962324
1383,Awadh Pediatrics Medical Center,Lucknow,Tier-1,Pediatrics,4.5,True,high,0.778,226012,26.834371,80.912051
1384,Sanjay Gandhi Ophthalmology Institute,Lucknow,Tier-1,Ophthalmology,4.4,True,high,0.719,226003,26.88807,80.850036
1385,Begum Hazrat Mahal Gynaecology Hospital,Lucknow,Tier-1,Gynaecology,3.5,False,low,0.2,226020,26.931793,80.893739
1386,KGMU Cardiology Hospital,Lucknow,Tier-1,Cardiology,3.8,True,medium,0.568,226004,26.92052,81.014457
1387,Sahara Pediatrics Clinic,Lucknow,Tier-1,Pediatrics,4.1,True,high,0.729,226003,26.910439,80.866622
1388,Chandan Gastroenterology Super Speciality Hospital,Lucknow,Tier-1,Gastroenterology,4.1,True,high,0.735,226020,26.832856,80.850596
1389,Vivekanand General Medicine Super Speciality Hospital,Lucknow,Tier-1,General Medicine,3.7,False,low,0.307,226010,26.89037,81.0052
1390,Charak Cardiology Super Speciality Hospital,Lucknow,Tier-1,Cardiology,4.4,True,high,0.857,226020,26.886095,80.949478
1391,Mayo Orthopedics Clinic,Lucknow,Tier-1,Orthopedics,3.5,True,medium,0.511,226012,26.836219,80.977352
1392,Awadh Pediatrics Medical Center,Lucknow,Tier-1,Pediatrics,3.4,True,medium,0.428,226010,26.880758,80.918699
1393,Sanjay Gandhi Gynaecology Super Speciality Hospital,Lucknow,Tier-1,Gynaecology,4.6,True,high,0.975,226002,26.802039,80.852949
1394,Begum Hazrat Mahal Gynaecology Healthcare,Lucknow,Tier-1,Gynaecology,4.2,False,high,0.952,226012,26.947662,80.880481
1395,KGMU Oncology Healthcare,Lucknow,Tier-1,Oncology,4.4,True,high,0.921,226003,26.856004,80.967797
1396,Sahara Gastroenterology Healthcare,Lucknow,Tier-1,Gastroenterology,3.8,False,high,0.734,226003,26.943743,80.886316
1397,Chandan Gastroenterology Hospital,Lucknow,Tier-1,Gastroenterology,4.1,True,high,0.85,226012,26.83797,80.883258
1398,Vivekanand Pediatrics Super Speciality Hospital,Lucknow,Tier-1,Pediatrics,4.2,True,high,0.836,226020,26.937571,80.975112
1399,Charak Oncology Medical Center,Lucknow,Tier-1,Oncology,3.8,True,medium,0.574,226020,26.841143,81.024319
1400,Mayo Orthopedics Hospital,Lucknow,Tier-1,Orthopedics,3.6,True,medium,0.523,226012,26.940217,81.034953
1401,Awadh Psychiatry Hospital,Lucknow,Tier-1,Psychiatry,4.3,False,high,0.79,226003,26.816979,80.860166
1402,Sanjay Gandhi Cardiology Institute,Lucknow,Tier-1,Cardiology,3.6,True,medium,0.578,226010,26.844897,80.991758
1403,Begum Hazrat Mahal Gastroenterology Institute,Lucknow,Tier-1,Gastroenterology,3.7,False,medium,0.543,226002,26.86223,80.877213
1404,KGMU Orthopedics Hospital,Lucknow,Tier-1,Orthopedics,3.7,False,medium,0.531,226002,26.918824,80.938392
1405,Sahara Cardiology Hospital,Lucknow,Tier-1,Cardiology,3.7,False,low,0.322,226020,26.907648,80.970381
1406,Chandan Psychiatry Institute,Lucknow,Tier-1,Psychiatry,3.9,True,medium,0.406,226003,26.926193,80.933523
1407,Vivekanand Ophthalmology Hospital,Lucknow,Tier-1,Ophthalmology,4.4,True,high,0.739,226003,26.864359,80.988948
1408,Charak Orthopedics Hospital,Lucknow,Tier-1,Orthopedics,3.7,False,medium,0.552,226004,26.829752,80.87657
1409,Mayo Gynaecology Healthcare,Lucknow,Tier-1,Gynaecology,3.9,False,high,0.776,226010,26.835033,80.948551
1410,Awadh Gastroenterology Hospital,Lucknow,Tier-1,Gastroenterology,3.9,False,medium,0.486,226001,26.929604,80.946053
1411,Sanjay Gandhi Ophthalmology Medical Center,Lucknow,Tier-1,Ophthalmology,4.3,True,medium,0.639,226012,26.882075,80.850682
1412,Begum Hazrat Mahal Pulmonology Clinic,Lucknow,Tier-1,Pulmonology,3.4,False,low,0.309,226003,26.827263,81.030466
1413,KGMU General Medicine Hospital,Lucknow,Tier-1,General Medicine,3.0,True,low,0.219,226012,26.859639,80.941905
1414,Sahara General Medicine Institute,Lucknow,Tier-1,General Medicine,3.9,False,medium,0.683,226012,26.925692,80.909304
1415,Chandan Gynaecology Hospital,Lucknow,Tier-1,Gynaecology,4.1,True,high,0.812,226002,26.896962,81.0233
1416,Vivekanand Urology Super Speciality Hospital,Lucknow,Tier-1,Urology,4.0,True,high,0.73,226020,26.946054,81.032361
1417,Charak ENT Clinic,Lucknow,Tier-1,ENT,4.3,True,high,0.74,226020,26.839183,80.96617
1418,Mayo Ophthalmology Super Speciality Hospital,Lucknow,Tier-1,Ophthalmology,3.4,False,low,0.379,226010,26.921867,81.036935
1419,Awadh Ophthalmology Super Speciality Hospital,Lucknow,Tier-1,Ophthalmology,3.4,True,medium,0.465,226002,26.904773,80.864303
1420,Sanjay Gandhi Neurology Super Speciality Hospital,Lucknow,Tier-1,Neurology,4.4,False,high,0.983,226020,26.855481,80.929594
1421,Begum Hazrat Mahal Gastroenterology Healthcare,Lucknow,Tier-1,Gastroenterology,4.0,False,medium,0.631,226001,26.86011,80.975646
1422,KGMU Pulmonology Clinic,Lucknow,Tier-1,Pulmonology,3.7,False,low,0.301,226001,26.874883,81.002558
1423,Sahara General Medicine Super Speciality Hospital,Lucknow,Tier-1,General Medicine,4.2,True,high,0.816,226001,26.901992,80.867905
1424,Chandan Cardiology Super Speciality Hospital,Lucknow,Tier-1,Cardiology,4.5,True,high,0.863,226012,26.907111,81.018238
1425,Vivekanand Gastroenterology Super Speciality Hospital,Lucknow,Tier-1,Gastroenterology,3.8,True,low,0.363,226020,26.820823,81.037247
1426,Charak Urology Clinic,Lucknow,Tier-1,Urology,4.3,True,high,0.871,226001,26.834366,80.865166
1427,Mayo Neurology Hospital,Lucknow,Tier-1,Neurology,3.7,False,medium,0.484,226002,26.881904,80.916328
1428,Awadh Orthopedics Institute,Lucknow,Tier-1,Orthopedics,4.5,False,high,0.934,226012,26.844461,80.910145
1429,Sanjay Gandhi Oncology Healthcare,Lucknow,Tier-1,Oncology,3.5,False,low,0.161,226020,26.875463,80.929534
1430,Begum Hazrat Mahal Orthopedics Healthcare,Lucknow,Tier-1,Orthopedics,4.0,True,medium,0.501,226004,26.895636,81.039954
1431,KGMU Urology Healthcare,Lucknow,Tier-1,Urology,4.4,True,high,0.975,226003,26.867857,80.936812
1432,Sahara Ophthalmology Clinic,Lucknow,Tier-1,Ophthalmology,3.8,True,medium,0.5,226004,26.924485,80.998717
1433,Chandan Gynaecology Hospital,Lucknow,Tier-1,Gynaecology,4.3,False,high,0.952,226012,26.848283,81.030001
1434,Vivekanand Gastroenterology Hospital,Lucknow,Tier-1,Gastroenterology,4.3,True,high,0.889,226003,26.848052,80.861553
1435,Charak Cardiology Hospital,Lucknow,Tier-1,Cardiology,4.6,True,high,0.977,226012,26.828765,80.893943
1436,Mayo Orthopedics Medical Center,Lucknow,Tier-1,Orthopedics,3.8,False,medium,0.503,226002,26.936044,80.882247
1437,Awadh Cardiology Medical Center,Lucknow,Tier-1,Cardiology,4.3,False,high,0.987,226004,26.923267,80.896526
1438,Sanjay Gandhi Gastroenterology Hospital,Lucknow,Tier-1,Gastroenterology,3.5,False,low,0.242,226001,26.932172,80.921749
1439,Begum Hazrat Mahal Dermatology Clinic,Lucknow,Tier-1,Dermatology,3.2,True,low,0.091,226003,26.890616,80.874831
1440,KGMU Cardiology Institute,Lucknow,Tier-1,Cardiology,3.4,False,low,0.374,226001,26.901107,80.951453
1441,Sahara Pediatrics Healthcare,Lucknow,Tier-1,Pediatrics,4.3,True,high,0.703,226004,26.87733,80.956473
1442,Chandan Cardiology Clinic,Lucknow,Tier-1,Cardiology,3.3,False,low,0.207,226020,26.812884,80.984682
1443,Vivekanand Nephrology Medical Center,Lucknow,Tier-1,Nephrology,4.3,True,high,0.886,226003,26.94525,80.96548
1444,Charak Nephrology Medical Center,Lucknow,Tier-1,Nephrology,3.9,False,medium,0.678,226003,26.837044,81.036651
1445,Mayo Pediatrics Institute,Lucknow,Tier-1,Pediatrics,4.3,True,high,0.827,226001,26.873141,80.930411
1446,Awadh Dermatology Clinic,Lucknow,Tier-1,Dermatology,4.4,True,high,0.895,226010,26.839476,80.931791
1447,Sanjay Gandhi Ophthalmology Healthcare,Lucknow,Tier-1,Ophthalmology,3.5,True,low,0.321,226012,26.943104,80.90262
1448,Begum Hazrat Mahal Pulmonology Medical Center,Lucknow,Tier-1,Pulmonology,3.5,False,medium,0.482,226020,26.898033,80.982606
1449,KGMU Gynaecology Super Speciality Hospital,Lucknow,Tier-1,Gynaecology,3.7,False,low,0.291,226020,26.934301,80.980789
1450,Sahara Gynaecology Hospital,Lucknow,Tier-1,Gynaecology,4.7,True,high,0.983,226010,26.853238,81.007567
1451,Chandan Psychiatry Healthcare,Lucknow,Tier-1,Psychiatry,4.2,True,medium,0.672,226004,26.837621,80.936859
1452,Vivekanand Urology Medical Center,Lucknow,Tier-1,Urology,4.3,True,high,0.764,226010,26.949623,80.931443
1453,Charak Orthopedics Medical Center,Lucknow,Tier-1,Orthopedics,4.5,True,high,0.847,226012,26.821664,80.915894
1454,Mayo Orthopedics Healthcare,Lucknow,Tier-1,Orthopedics,4.1,True,high,0.864,226004,26.803131,80.938247
1455,Awadh Pediatrics Super Speciality Hospital,Lucknow,Tier-1,Pediatrics,3.0,True,low,0.222,226002,26.806432,80.999727
1456,Sanjay Gandhi General Medicine Healthcare,Lucknow,Tier-1,General Medicine,3.7,False,medium,0.581,226020,26.906618,80.959661
1457,Begum Hazrat Mahal Orthopedics Hospital,Lucknow,Tier-1,Orthopedics,4.8,True,high,0.987,226001,26.864088,81.042356
1458,KGMU Orthopedics Medical Center,Lucknow,Tier-1,Orthopedics,4.0,True,medium,0.557,226020,26.9126,81.000272
1459,Sahara ENT Hospital,Lucknow,Tier-1,ENT,3.5,False,low,0.205,226012,26.887019,80.931078
1460,Chandan Psychiatry Clinic,Lucknow,Tier-1,Psychiatry,3.0,False,low,0.184,226012,26.882309,80.890583
1461,Vivekanand Cardiology Hospital,Lucknow,Tier-1,Cardiology,4.4,True,high,0.76,226004,26.932222,80.919625
1462,Charak Cardiology Super Speciality Hospital,Lucknow,Tier-1,Cardiology,3.7,True,low,0.339,226002,26.847809,80.916476
1463,Mayo Cardiology Institute,Lucknow,Tier-1,Cardiology,3.6,False,medium,0.539,226001,26.86118,80.914958
1464,Awadh Cardiology Healthcare,Lucknow,Tier-1,Cardiology,3.9,False,medium,0.42,226001,26.815508,80.978577
1465,Sanjay Gandhi Gastroenterology Super Speciality Hospital,Lucknow,Tier-1,Gastroenterology,4.4,False,high,0.806,226020,26.856073,80.993813
1466,Begum Hazrat Mahal ENT Medical Center,Lucknow,Tier-1,ENT,3.4,False,low,0.335,226020,26.859804,80.895792
1467,KGMU Urology Healthcare,Lucknow,Tier-1,Urology,4.7,True,high,0.946,226002,26.898409,80.980411
1468,Sahara Pediatrics Medical Center,Lucknow,Tier-1,Pediatrics,4.5,True,high,0.793,226002,26.89491,80.889334
1469,Chandan Cardiology Hospital,Lucknow,Tier-1,Cardiology,3.9,False,low,0.388,226010,26.846306,81.037685
1470,Vivekanand General Medicine Institute,Lucknow,Tier-1,General Medicine,4.3,True,high,0.714,226020,26.934699,81.014765
1471,Charak Orthopedics Institute,Lucknow,Tier-1,Orthopedics,3.6,False,medium,0.546,226003,26.913824,80.990789
1472,Mayo Dermatology Hospital,Lucknow,Tier-1,Dermatology,4.1,False,high,0.925,226010,26.943548,80.866876
1473,Awadh Oncology Medical Center,Lucknow,Tier-1,Oncology,3.5,True,low,0.337,226001,26.882705,80.939202
1474,Sanjay Gandhi ENT Super Speciality Hospital,Lucknow,Tier-1,ENT,4.6,True,high,0.844,226004,26.889623,80.887213
1475,Begum Hazrat Mahal Cardiology Hospital,Lucknow,Tier-1,Cardiology,4.0,True,medium,0.661,226012,26.827611,80.989666
1476,KGMU Neurology Hospital,Lucknow,Tier-1,Neurology,4.1,True,high,0.793,226001,26.849848,80.92855
1477,Sahara Orthopedics Super Speciality Hospital,Lucknow,Tier-1,Orthopedics,4.2,False,medium,0.623,226003,26.940924,80.945997
1478,Chandan Oncology Hospital,Lucknow,Tier-1,Oncology,4.1,True,high,0.864,226012,26.862301,80.996335
1479,Vivekanand Gynaecology Institute,Lucknow,Tier-1,Gynaecology,4.3,True,high,0.824,226003,26.944765,80.861588
1480,Charak Pulmonology Healthcare,Lucknow,Tier-1,Pulmonology,3.9,True,medium,0.681,226010,26.939105,81.042783
1481,Mayo Dermatology Clinic,Lucknow,Tier-1,Dermatology,4.7,False,high,0.983,226010,26.858087,80.860273
1482,Awadh Cardiology Hospital,Lucknow,Tier-1,Cardiology,3.7,True,medium,0.52,226004,26.911303,80.975487
1483,Sanjay Gandhi Psychiatry Healthcare,Lucknow,Tier-1,Psychiatry,3.6,False,medium,0.417,226002,26.885639,81.036451
1484,Begum Hazrat Mahal Pediatrics Hospital,Lucknow,Tier-1,Pediatrics,3.2,False,low,0.217,226012,26.947235,80.909286
1485,KGMU Neurology Healthcare,Lucknow,Tier-1,Neurology,3.6,True,medium,0.477,226003,26.851003,81.005836
1486,Sahara Nephrology Clinic,Lucknow,Tier-1,Nephrology,3.5,False,low,0.353,226012,26.945183,81.000383
1487,Chandan Pulmonology Institute,Lucknow,Tier-1,Pulmonology,3.8,True,medium,0.465,226002,26.870708,80.95371
1488,Vivekanand General Medicine Healthcare,Lucknow,Tier-1,General Medicine,3.4,True,low,0.267,226020,26.912477,80.862837
1489,Charak Pediatrics Institute,Lucknow,Tier-1,Pediatrics,4.2,True,high,0.907,226003,26.811503,80.869751
1490,Mayo Pediatrics Hospital,Lucknow,Tier-1,Pediatrics,3.5,False,low,0.372,226004,26.900944,80.960711
1491,Awadh Dermatology Super Speciality Hospital,Lucknow,Tier-1,Dermatology,3.0,False,low,0.116,226010,26.863775,80.911444
1492,Sanjay Gandhi Psychiatry Hospital,Lucknow,Tier-1,Psychiatry,3.2,False,low,0.03,226002,26.902702,80.898587
1493,Begum Hazrat Mahal Gynaecology Super Speciality Hospital,Lucknow,Tier-1,Gynaecology,4.4,True,high,0.782,226001,26.84279,81.048703
1494,KGMU Cardiology Healthcare,Lucknow,Tier-1,Cardiology,4.0,True,high,0.807,226001,26.883892,81.02126
1495,Sahara Orthopedics Institute,Lucknow,Tier-1,Orthopedics,4.1,True,high,0.751,226020,26.841743,80.955733
1496,Chandan Gynaecology Clinic,Lucknow,Tier-1,Gynaecology,4.3,True,high,0.72,226020,26.939865,80.988335
1497,Vivekanand ENT Medical Center,Lucknow,Tier-1,ENT,4.1,True,high,0.747,226020,26.846472,80.982245
1498,Charak General Medicine Hospital,Lucknow,Tier-1,General Medicine,3.3,False,low,0.343,226004,26.825894,81.048525
1499,Mayo Urology Healthcare,Lucknow,Tier-1,Urology,4.1,True,high,0.775,226001,26.884158,80.877364
1500,Awadh Nephrology Hospital,Lucknow,Tier-1,Nephrology,3.2,False,low,0.083,226010,26.853955,80.931337
1501,Orange City Orthopedics Hospital,Nagpur,Tier-2,Orthopedics,3.2,False,low,0.057,440013,21.170383,79.142391
1502,Alexis Orthopedics Medical Center,Nagpur,Tier-2,Orthopedics,3.0,False,low,0.174,440013,21.061652,79.057991
1503,Arneja Orthopedics Healthcare,Nagpur,Tier-2,Orthopedics,3.0,True,low,0.007,440013,21.110188,79.193997
1504,Kingsway Gynaecology Clinic,Nagpur,Tier-2,Gynaecology,4.1,False,medium,0.672,440002,21.121709,79.08443
1505,Lata Mangeshkar ENT Healthcare,Nagpur,Tier-2,ENT,4.0,True,medium,0.539,440002,21.145758,79.160522
1506,CIIMS ENT Medical Center,Nagpur,Tier-2,ENT,3.6,True,medium,0.495,440012,21.124183,79.18968
1507,Getwell Gynaecology Institute,Nagpur,Tier-2,Gynaecology,3.9,True,high,0.755,440001,21.154734,79.064874
1508,Neuron Gastroenterology Clinic,Nagpur,Tier-2,Gastroenterology,4.5,True,high,0.82,440013,21.220128,79.163272
1509,Platina Urology Super Speciality Hospital,Nagpur,Tier-2,Urology,4.0,True,high,0.774,440013,21.191769,79.119738
1510,Orange City Nephrology Clinic,Nagpur,Tier-2,Nephrology,3.6,True,medium,0.542,440010,21.196769,79.151665
1511,Alexis Orthopedics Super Speciality Hospital,Nagpur,Tier-2,Orthopedics,3.9,True,medium,0.642,440017,21.074092,79.128568
1512,Arneja Pediatrics Institute,Nagpur,Tier-2,Pediatrics,3.3,False,low,0.219,440017,21.211519,79.112664
1513,Kingsway ENT Super Speciality Hospital,Nagpur,Tier-2,ENT,4.2,True,high,0.887,440017,21.118541,79.121988
1514,Lata Mangeshkar General Medicine Hospital,Nagpur,Tier-2,General Medicine,3.6,False,low,0.275,440002,21.106629,79.072861
1515,CIIMS Psychiatry Super Speciality Hospital,Nagpur,Tier-2,Psychiatry,4.0,True,medium,0.499,440012,21.172882,79.120976
1516,Getwell Orthopedics Institute,Nagpur,Tier-2,Orthopedics,3.4,False,medium,0.425,440013,21.24625,79.136486
1517,Neuron Orthopedics Medical Center,Nagpur,Tier-2,Orthopedics,4.2,True,medium,0.626,440002,21.056217,79.016397
1518,Platina Cardiology Super Speciality Hospital,Nagpur,Tier-2,Cardiology,4.6,True,high,0.995,440001,21.10527,79.193278
1519,Orange City Oncology Institute,Nagpur,Tier-2,Oncology,3.4,False,low,0.1,440012,21.225093,79.1685
1520,Alexis Cardiology Medical Center,Nagpur,Tier-2,Cardiology,3.3,False,low,0.1,440002,21.221324,79.105894
1521,Arneja Orthopedics Medical Center,Nagpur,Tier-2,Orthopedics,3.7,False,medium,0.49,440001,21.170118,79.049374
1522,Kingsway Cardiology Clinic,Nagpur,Tier-2,Cardiology,4.3,False,medium,0.689,440002,21.198941,79.126157
1523,Lata Mangeshkar General Medicine Clinic,Nagpur,Tier-2,General Medicine,3.4,False,medium,0.422,440002,21.117436,79.046213
1524,CIIMS Neurology Hospital,Nagpur,Tier-2,Neurology,3.4,False,medium,0.458,440012,21.208379,79.164117
1525,Getwell Pulmonology Healthcare,Nagpur,Tier-2,Pulmonology,3.6,False,medium,0.511,440012,21.232979,79.195584
1526,Neuron ENT Institute,Nagpur,Tier-2,ENT,4.3,True,high,0.75,440012,21.149569,79.00896
1527,Platina Dermatology Hospital,Nagpur,Tier-2,Dermatology,4.1,False,medium,0.585,440017,21.237114,79.170674
1528,Orange City Neurology Healthcare,Nagpur,Tier-2,Neurology,4.2,True,high,0.947,440002,21.184882,79.010677
1529,Alexis Pediatrics Hospital,Nagpur,Tier-2,Pediatrics,3.3,False,low,0.071,440017,21.160948,79.152375
1530,Arneja Orthopedics Clinic,Nagpur,Tier-2,Orthopedics,3.6,True,medium,0.416,440010,21.198696,79.197628
1531,Kingsway Psychiatry Medical Center,Nagpur,Tier-2,Psychiatry,3.3,False,low,0.178,440017,21.167449,79.119112
1532,Lata Mangeshkar Orthopedics Institute,Nagpur,Tier-2,Orthopedics,3.8,False,medium,0.626,440001,21.127309,79.00596
1533,CIIMS Dermatology Institute,Nagpur,Tier-2,Dermatology,3.5,False,low,0.171,440001,21.115937,79.125591
1534,Getwell ENT Hospital,Nagpur,Tier-2,ENT,3.2,False,low,0.213,440010,21.12252,79.020511
1535,Neuron General Medicine Healthcare,Nagpur,Tier-2,General Medicine,3.1,False,low,0.224,440010,21.059795,79.075055
1536,Platina Gynaecology Hospital,Nagpur,Tier-2,Gynaecology,3.8,False,medium,0.635,440017,21.106696,79.095505
1537,Orange City Ophthalmology Super Speciality Hospital,Nagpur,Tier-2,Ophthalmology,3.7,True,medium,0.497,440010,21.090848,79.034773
1538,Alexis Pediatrics Hospital,Nagpur,Tier-2,Pediatrics,4.0,True,medium,0.477,440010,21.117736,79.051954
1539,Arneja Urology Hospital,Nagpur,Tier-2,Urology,3.5,True,low,0.148,440001,21.075949,79.183982
1540,Kingsway Pediatrics Super Speciality Hospital,Nagpur,Tier-2,Pediatrics,3.5,False,medium,0.435,440017,21.155755,79.038068
1541,Lata Mangeshkar Gastroenterology Healthcare,Nagpur,Tier-2,Gastroenterology,3.7,True,medium,0.417,440017,21.074907,79.095715
1542,CIIMS Cardiology Healthcare,Nagpur,Tier-2,Cardiology,3.0,False,low,0.156,440012,21.055828,79.071874
1543,Getwell Gastroenterology Clinic,Nagpur,Tier-2,Gastroenterology,3.7,True,low,0.31,440012,21.219866,79.174562
1544,Neuron Orthopedics Super Speciality Hospital,Nagpur,Tier-2,Orthopedics,3.9,True,high,0.721,440002,21.249412,79.112089
1545,Platina Pediatrics Hospital,Nagpur,Tier-2,Pediatrics,3.0,True,low,0.022,440012,21.120526,79.113731
1546,Orange City Orthopedics Institute,Nagpur,Tier-2,Orthopedics,4.1,False,medium,0.566,440002,21.051314,79.004046
1547,Alexis Gastroenterology Healthcare,Nagpur,Tier-2,Gastroenterology,4.4,False,high,0.86,440017,21.216657,79.005049
1548,Arneja Oncology Institute,Nagpur,Tier-2,Oncology,3.4,False,medium,0.474,440010,21.127781,79.010993
1549,Kingsway Orthopedics Healthcare,Nagpur,Tier-2,Orthopedics,4.2,False,medium,0.614,440010,21.233289,79.133604
1550,Lata Mangeshkar Pediatrics Institute,Nagpur,Tier-2,Pediatrics,4.2,False,medium,0.599,440010,21.20591,79.083388
1551,CIIMS Pediatrics Healthcare,Nagpur,Tier-2,Pediatrics,4.2,True,high,0.784,440001,21.174031,79.190705
1552,Getwell Gynaecology Hospital,Nagpur,Tier-2,Gynaecology,3.8,False,medium,0.423,440013,21.070959,79.176299
1553,Neuron Orthopedics Institute,Nagpur,Tier-2,Orthopedics,3.2,False,low,0.12,440010,21.073417,79.080662
1554,Platina Cardiology Institute,Nagpur,Tier-2,Cardiology,3.3,False,low,0.28,440010,21.130524,79.150517
1555,Orange City Urology Hospital,Nagpur,Tier-2,Urology,3.3,False,low,0.069,440017,21.149389,79.050184
1556,Alexis Neurology Hospital,Nagpur,Tier-2,Neurology,4.6,False,high,0.922,440013,21.05651,79.073182
1557,Arneja Dermatology Super Speciality Hospital,Nagpur,Tier-2,Dermatology,4.3,True,high,0.794,440017,21.151496,79.190286
1558,Kingsway Orthopedics Healthcare,Nagpur,Tier-2,Orthopedics,4.3,True,high,0.895,440002,21.11397,79.163068
1559,Lata Mangeshkar Ophthalmology Super Speciality Hospital,Nagpur,Tier-2,Ophthalmology,4.1,True,high,0.748,440017,21.050802,79.120365
1560,CIIMS Orthopedics Clinic,Nagpur,Tier-2,Orthopedics,3.4,False,medium,0.407,440010,21.119107,79.009117
1561,Getwell ENT Super Speciality Hospital,Nagpur,Tier-2,ENT,4.0,True,medium,0.503,440013,21.132607,79.059243
1562,Neuron Orthopedics Medical Center,Nagpur,Tier-2,Orthopedics,4.6,True,high,0.982,440013,21.142365,79.052827
1563,Platina Nephrology Healthcare,Nagpur,Tier-2,Nephrology,3.3,False,low,0.355,440010,21.214032,79.02145
1564,Orange City Gynaecology Clinic,Nagpur,Tier-2,Gynaecology,4.2,True,medium,0.596,440002,21.069471,79.050407
1565,Alexis General Medicine Super Speciality Hospital,Nagpur,Tier-2,General Medicine,3.0,False,low,0.054,440002,21.231725,79.140158
1566,Arneja Nephrology Institute,Nagpur,Tier-2,Nephrology,3.5,True,medium,0.458,440013,21.074895,79.153041
1567,Kingsway Pulmonology Institute,Nagpur,Tier-2,Pulmonology,3.3,True,low,0.263,440017,21.126213,79.092222
1568,Lata Mangeshkar Nephrology Medical Center,Nagpur,Tier-2,Nephrology,3.6,False,low,0.29,440001,21.135795,79.071066
1569,CIIMS General Medicine Hospital,Nagpur,Tier-2,General Medicine,4.1,True,medium,0.596,440012,21.050376,79.055735
1570,Getwell Gastroenterology Medical Center,Nagpur,Tier-2,Gastroenterology,3.0,True,low,0.023,440012,21.130852,79.035179
1571,Neuron Dermatology Healthcare,Nagpur,Tier-2,Dermatology,3.8,True,medium,0.533,440012,21.085311,79.014775
1572,Platina Neurology Super Speciality Hospital,Nagpur,Tier-2,Neurology,4.0,False,medium,0.505,440013,21.24991,79.125754
1573,Orange City ENT Hospital,Nagpur,Tier-2,ENT,3.0,True,low,0.012,440010,21.151472,79.15807
1574,Alexis Cardiology Hospital,Nagpur,Tier-2,Cardiology,4.2,False,medium,0.586,440002,21.09475,79.068864
1575,Arneja Pulmonology Medical Center,Nagpur,Tier-2,Pulmonology,4.0,True,high,0.733,440002,21.091291,79.001963
1576,Kingsway Pulmonology Hospital,Nagpur,Tier-2,Pulmonology,4.6,True,high,0.915,440013,21.127407,79.143066
1577,Lata Mangeshkar Pediatrics Clinic,Nagpur,Tier-2,Pediatrics,4.0,True,high,0.848,440013,21.1275,79.082724
1578,CIIMS Neurology Healthcare,Nagpur,Tier-2,Neurology,3.3,False,low,0.219,440010,21.185916,79.003904
1579,Getwell Oncology Institute,Nagpur,Tier-2,Oncology,3.9,False,medium,0.502,440010,21.133377,79.081277
1580,Neuron Pediatrics Healthcare,Nagpur,Tier-2,Pediatrics,4.1,False,medium,0.68,440012,21.166256,79.184573
1581,Choithram Neurology Healthcare,Indore,Tier-2,Neurology,3.5,False,low,0.117,452011,22.797546,75.939852
1582,CHL Cardiology Super Speciality Hospital,Indore,Tier-2,Cardiology,3.8,False,medium,0.476,452016,22.678498,75.905617
1583,Aurobindo ENT Institute,Indore,Tier-2,ENT,3.6,True,low,0.239,452016,22.768956,75.920737
1584,Bhandari Nephrology Medical Center,Indore,Tier-2,Nephrology,3.7,False,low,0.354,452011,22.719369,75.906893
1585,Greater Kailash Oncology Healthcare,Indore,Tier-2,Oncology,4.0,True,medium,0.605,452011,22.732643,75.844706
1586,Suyash Oncology Medical Center,Indore,Tier-2,Oncology,4.5,True,high,0.826,452003,22.755378,75.89681
1587,Malwa Gastroenterology Healthcare,Indore,Tier-2,Gastroenterology,4.3,True,medium,0.641,452011,22.794111,75.850922
1588,Ahilya Bai Gastroenterology Healthcare,Indore,Tier-2,Gastroenterology,3.4,True,low,0.356,452002,22.724494,75.860487
1589,Choithram Dermatology Super Speciality Hospital,Indore,Tier-2,Dermatology,4.2,True,high,0.978,452002,22.717791,75.952009
1590,CHL Nephrology Clinic,Indore,Tier-2,Nephrology,3.3,False,low,0.093,452003,22.78318,75.866261
1591,Aurobindo Pediatrics Medical Center,Indore,Tier-2,Pediatrics,3.8,False,medium,0.401,452010,22.79359,75.936269
1592,Bhandari General Medicine Hospital,Indore,Tier-2,General Medicine,4.6,False,high,0.932,452016,22.782483,75.893602
1593,Greater Kailash ENT Hospital,Indore,Tier-2,ENT,3.7,False,medium,0.621,452011,22.689985,75.89829
1594,Suyash Psychiatry Super Speciality Hospital,Indore,Tier-2,Psychiatry,4.1,True,high,0.916,452001,22.653427,75.95448
1595,Malwa Gastroenterology Super Speciality Hospital,Indore,Tier-2,Gastroenterology,4.1,False,medium,0.553,452011,22.831171,75.943754
1596,Ahilya Bai Ophthalmology Medical Center,Indore,Tier-2,Ophthalmology,3.1,True,low,0.038,452010,22.812903,75.885309
1597,Choithram Cardiology Healthcare,Indore,Tier-2,Cardiology,3.4,False,low,0.332,452011,22.667613,75.879348
1598,CHL Orthopedics Super Speciality Hospital,Indore,Tier-2,Orthopedics,3.5,True,medium,0.532,452011,22.747755,75.999406
1599,Aurobindo Orthopedics Hospital,Indore,Tier-2,Orthopedics,3.8,False,medium,0.651,452010,22.771605,75.964369
1600,Bhandari Pulmonology Super Speciality Hospital,Indore,Tier-2,Pulmonology,3.7,False,medium,0.634,452002,22.834321,75.918396
1601,Greater Kailash Gynaecology Institute,Indore,Tier-2,Gynaecology,4.1,False,medium,0.638,452002,22.848095,75.951961
1602,Suyash Orthopedics Super Speciality Hospital,Indore,Tier-2,Orthopedics,3.4,True,medium,0.405,452002,22.734052,75.969222
1603,Malwa Gynaecology Institute,Indore,Tier-2,Gynaecology,3.4,False,low,0.344,452016,22.792245,75.849817
1604,Ahilya Bai Orthopedics Healthcare,Indore,Tier-2,Orthopedics,3.7,False,low,0.301,452002,22.81509,75.959276
1605,Choithram General Medicine Medical Center,Indore,Tier-2,General Medicine,3.7,False,medium,0.56,452011,22.763902,75.816224
1606,CHL Cardiology Clinic,Indore,Tier-2,Cardiology,4.2,True,high,0.964,452002,22.672712,75.973639
1607,Aurobindo Pediatrics Institute,Indore,Tier-2,Pediatrics,4.0,False,medium,0.548,452016,22.796422,75.955336
1608,Bhandari Neurology Institute,Indore,Tier-2,Neurology,4.1,False,high,0.72,452010,22.724216,75.942381
1609,Greater Kailash Orthopedics Institute,Indore,Tier-2,Orthopedics,3.4,False,low,0.273,452011,22.722046,75.89075
1610,Suyash ENT Super Speciality Hospital,Indore,Tier-2,ENT,3.5,False,medium,0.514,452011,22.724281,75.840253
1611,Malwa Orthopedics Super Speciality Hospital,Indore,Tier-2,Orthopedics,3.6,False,low,0.335,452002,22.836447,75.827385
1612,Ahilya Bai Ophthalmology Medical Center,Indore,Tier-2,Ophthalmology,3.9,False,high,0.709,452011,22.733813,75.810853
1613,Choithram General Medicine Medical Center,Indore,Tier-2,General Medicine,3.4,False,low,0.133,452001,22.821356,75.988921
1614,CHL Urology Super Speciality Hospital,Indore,Tier-2,Urology,4.1,True,high,0.87,452003,22.727833,75.962447
1615,Aurobindo General Medicine Medical Center,Indore,Tier-2,General Medicine,3.6,True,medium,0.429,452002,22.67397,75.927838
1616,Bhandari Pulmonology Hospital,Indore,Tier-2,Pulmonology,3.5,False,low,0.308,452001,22.674831,75.954752
1617,Greater Kailash Pediatrics Medical Center,Indore,Tier-2,Pediatrics,4.1,False,high,0.737,452011,22.684259,75.963977
1618,Suyash Neurology Super Speciality Hospital,Indore,Tier-2,Neurology,4.6,True,high,0.888,452010,22.719587,75.970674
1619,Malwa Orthopedics Hospital,Indore,Tier-2,Orthopedics,3.9,False,medium,0.43,452011,22.654416,75.844955
1620,Ahilya Bai Neurology Medical Center,Indore,Tier-2,Neurology,3.2,False,low,0.06,452002,22.699681,75.932314
1621,Choithram Dermatology Super Speciality Hospital,Indore,Tier-2,Dermatology,4.0,True,high,0.755,452011,22.700573,75.803045
1622,CHL Gastroenterology Medical Center,Indore,Tier-2,Gastroenterology,3.9,True,high,0.743,452003,22.679028,75.829059
1623,Aurobindo Pediatrics Medical Center,Indore,Tier-2,Pediatrics,3.4,True,medium,0.444,452003,22.78977,75.884753
1624,Bhandari Ophthalmology Healthcare,Indore,Tier-2,Ophthalmology,4.2,True,high,0.758,452011,22.784,75.954958
1625,Greater Kailash Cardiology Clinic,Indore,Tier-2,Cardiology,3.6,False,low,0.234,452003,22.69296,75.926811
1626,Suyash Psychiatry Super Speciality Hospital,Indore,Tier-2,Psychiatry,3.9,True,medium,0.656,452003,22.664637,75.804109
1627,Malwa Nephrology Super Speciality Hospital,Indore,Tier-2,Nephrology,3.0,False,low,0.04,452003,22.765665,75.857549
1628,Ahilya Bai Oncology Institute,Indore,Tier-2,Oncology,4.4,True,high,0.824,452001,22.705779,75.938691
1629,Choithram Urology Clinic,Indore,Tier-2,Urology,4.2,True,medium,0.676,452001,22.701881,75.965373
1630,CHL Oncology Super Speciality Hospital,Indore,Tier-2,Oncology,3.5,True,medium,0.517,452003,22.734719,75.836494
1631,Aurobindo Urology Clinic,Indore,Tier-2,Urology,4.1,False,medium,0.585,452011,22.692477,75.850685
1632,Bhandari Orthopedics Hospital,Indore,Tier-2,Orthopedics,4.6,True,high,0.893,452002,22.844463,75.804391
1633,Greater Kailash Pediatrics Hospital,Indore,Tier-2,Pediatrics,4.1,False,medium,0.604,452002,22.715563,75.958925
1634,Suyash Cardiology Institute,Indore,Tier-2,Cardiology,3.1,False,low,0.115,452011,22.715521,75.920892
1635,Malwa Ophthalmology Healthcare,Indore,Tier-2,Ophthalmology,3.9,False,medium,0.544,452003,22.757497,75.876694
1636,Ahilya Bai Orthopedics Healthcare,Indore,Tier-2,Orthopedics,4.0,False,medium,0.574,452003,22.833549,75.933113
1637,Choithram Pediatrics Super Speciality Hospital,Indore,Tier-2,Pediatrics,3.3,False,low,0.188,452002,22.800726,75.924404
1638,CHL Gastroenterology Healthcare,Indore,Tier-2,Gastroenterology,3.3,False,low,0.377,452003,22.692953,75.949474
1639,Aurobindo Gastroenterology Clinic,Indore,Tier-2,Gastroenterology,3.8,False,medium,0.446,452001,22.655578,75.924447
1640,Bhandari Cardiology Healthcare,Indore,Tier-2,Cardiology,3.7,False,medium,0.667,452001,22.764135,75.909606
1641,Greater Kailash Cardiology Hospital,Indore,Tier-2,Cardiology,3.6,True,medium,0.509,452003,22.826894,75.937527
1642,Suyash Orthopedics Healthcare,Indore,Tier-2,Orthopedics,4.4,False,high,0.742,452016,22.716833,75.84397
1643,Malwa General Medicine Super Speciality Hospital,Indore,Tier-2,General Medicine,4.1,False,medium,0.582,452016,22.834721,75.995801
1644,Ahilya Bai Cardiology Medical Center,Indore,Tier-2,Cardiology,4.3,True,high,0.938,452011,22.737629,75.955226
1645,Choithram Gastroenterology Institute,Indore,Tier-2,Gastroenterology,3.7,False,low,0.333,452011,22.70065,75.898127
1646,CHL General Medicine Super Speciality Hospital,Indore,Tier-2,General Medicine,3.8,True,medium,0.514,452001,22.794687,75.947751
1647,Aurobindo Pediatrics Super Speciality Hospital,Indore,Tier-2,Pediatrics,4.7,True,high,0.96,452001,22.748695,75.980621
1648,Bhandari Psychiatry Institute,Indore,Tier-2,Psychiatry,3.5,False,low,0.339,452003,22.776265,75.922972
1649,Greater Kailash Cardiology Institute,Indore,Tier-2,Cardiology,3.7,True,medium,0.561,452010,22.729361,75.826538
1650,Suyash General Medicine Hospital,Indore,Tier-2,General Medicine,3.8,True,medium,0.447,452016,22.768858,75.867588
1651,Malwa Orthopedics Institute,Indore,Tier-2,Orthopedics,3.0,False,low,0.025,452002,22.809017,75.953908
1652,Ahilya Bai Oncology Healthcare,Indore,Tier-2,Oncology,3.9,False,medium,0.565,452001,22.795776,75.993555
1653,Choithram Oncology Clinic,Indore,Tier-2,Oncology,3.3,False,low,0.062,452002,22.700342,75.919672
1654,CHL Orthopedics Institute,Indore,Tier-2,Orthopedics,4.4,True,high,0.936,452011,22.702186,75.894424
1655,Aurobindo Orthopedics Institute,Indore,Tier-2,Orthopedics,3.3,False,low,0.233,452003,22.693693,75.902137
1656,Bhandari Pediatrics Super Speciality Hospital,Indore,Tier-2,Pediatrics,4.3,True,high,0.823,452002,22.816436,75.940072
1657,Greater Kailash Urology Hospital,Indore,Tier-2,Urology,4.1,False,medium,0.641,452001,22.810805,75.862265
1658,Suyash Orthopedics Medical Center,Indore,Tier-2,Orthopedics,4.1,True,high,0.755,452001,22.803882,75.997017
1659,Malwa Urology Healthcare,Indore,Tier-2,Urology,4.3,True,high,0.731,452002,22.815329,75.84066
1660,Ahilya Bai Gastroenterology Clinic,Indore,Tier-2,Gastroenterology,4.0,False,medium,0.521,452016,22.741612,75.836183
1661,Bansal Pulmonology Institute,Bhopal,Tier-2,Pulmonology,4.0,True,high,0.838,462011,23.289675,77.381826
1662,Chirayu Psychiatry Hospital,Bhopal,Tier-2,Psychiatry,3.9,True,high,0.748,462003,23.34303,77.356202
1663,Narmada Pediatrics Healthcare,Bhopal,Tier-2,Pediatrics,4.4,True,high,0.789,462002,23.244676,77.389159
1664,Hajela General Medicine Medical Center,Bhopal,Tier-2,General Medicine,3.2,False,low,0.319,462010,23.341846,77.414561
1665,Hamidia ENT Clinic,Bhopal,Tier-2,ENT,3.1,True,low,0.159,462011,23.280066,77.468974
1666,Kasturba Urology Super Speciality Hospital,Bhopal,Tier-2,Urology,3.6,True,low,0.211,462011,23.33598,77.353516
1667,Peoples Oncology Medical Center,Bhopal,Tier-2,Oncology,4.1,True,high,0.752,462003,23.32726,77.356284
1668,Raja Bhoj Cardiology Medical Center,Bhopal,Tier-2,Cardiology,3.6,True,low,0.308,462001,23.179637,77.493809
1669,Bansal Gastroenterology Hospital,Bhopal,Tier-2,Gastroenterology,4.0,True,high,0.707,462010,23.334378,77.41638
1670,Chirayu Orthopedics Healthcare,Bhopal,Tier-2,Orthopedics,3.9,True,medium,0.665,462010,23.220951,77.440574
1671,Narmada Cardiology Hospital,Bhopal,Tier-2,Cardiology,3.3,False,low,0.309,462002,23.168781,77.425648
1672,Hajela Orthopedics Institute,Bhopal,Tier-2,Orthopedics,4.0,False,medium,0.648,462003,23.316438,77.376686
1673,Hamidia Ophthalmology Medical Center,Bhopal,Tier-2,Ophthalmology,3.8,False,medium,0.646,462010,23.242544,77.49093
1674,Kasturba Orthopedics Clinic,Bhopal,Tier-2,Orthopedics,3.0,True,low,0.0,462001,23.150364,77.432578
1675,Peoples Urology Clinic,Bhopal,Tier-2,Urology,3.8,True,high,0.744,462003,23.284425,77.513464
1676,Raja Bhoj Psychiatry Healthcare,Bhopal,Tier-2,Psychiatry,4.0,False,medium,0.581,462023,23.276139,77.477139
1677,Bansal Pediatrics Institute,Bhopal,Tier-2,Pediatrics,4.1,True,medium,0.65,462011,23.168727,77.404716
1678,Chirayu Orthopedics Super Speciality Hospital,Bhopal,Tier-2,Orthopedics,4.1,True,high,0.915,462001,23.345255,77.420112
1679,Narmada Orthopedics Super Speciality Hospital,Bhopal,Tier-2,Orthopedics,3.2,False,low,0.005,462011,23.31501,77.410033
1680,Hajela Gynaecology Super Speciality Hospital,Bhopal,Tier-2,Gynaecology,3.7,False,medium,0.545,462002,23.318412,77.501596
1681,Hamidia Pediatrics Institute,Bhopal,Tier-2,Pediatrics,4.2,False,medium,0.683,462011,23.316848,77.40972
1682,Kasturba Gynaecology Institute,Bhopal,Tier-2,Gynaecology,3.0,False,low,0.013,462001,23.246655,77.401393
1683,Peoples Orthopedics Clinic,Bhopal,Tier-2,Orthopedics,3.7,False,medium,0.448,462003,23.332549,77.395455
1684,Raja Bhoj Oncology Institute,Bhopal,Tier-2,Oncology,3.7,False,medium,0.513,462010,23.16219,77.438896
1685,Bansal General Medicine Healthcare,Bhopal,Tier-2,General Medicine,3.5,True,medium,0.501,462003,23.218376,77.462775
1686,Chirayu Oncology Clinic,Bhopal,Tier-2,Oncology,4.0,False,medium,0.681,462011,23.174116,77.416732
1687,Narmada Cardiology Super Speciality Hospital,Bhopal,Tier-2,Cardiology,3.5,False,low,0.246,462003,23.195654,77.535831
1688,Hajela Ophthalmology Clinic,Bhopal,Tier-2,Ophthalmology,3.5,False,low,0.317,462003,23.160315,77.525376
1689,Hamidia Gynaecology Healthcare,Bhopal,Tier-2,Gynaecology,3.8,True,medium,0.449,462023,23.303001,77.527869
1690,Kasturba Psychiatry Healthcare,Bhopal,Tier-2,Psychiatry,4.2,True,high,0.771,462002,23.18358,77.351161
1691,Peoples Ophthalmology Healthcare,Bhopal,Tier-2,Ophthalmology,4.1,False,medium,0.685,462001,23.271676,77.495862
1692,Raja Bhoj Pediatrics Clinic,Bhopal,Tier-2,Pediatrics,3.1,False,low,0.08,462001,23.163839,77.408157
1693,Bansal Dermatology Clinic,Bhopal,Tier-2,Dermatology,3.3,False,low,0.102,462011,23.211559,77.514535
1694,Chirayu Cardiology Super Speciality Hospital,Bhopal,Tier-2,Cardiology,3.4,False,medium,0.43,462003,23.2738,77.389013
1695,Narmada Pediatrics Super Speciality Hospital,Bhopal,Tier-2,Pediatrics,3.6,False,medium,0.53,462023,23.170862,77.441833
1696,Hajela Pediatrics Institute,Bhopal,Tier-2,Pediatrics,3.8,False,medium,0.487,462003,23.348539,77.520977
1697,Hamidia Cardiology Super Speciality Hospital,Bhopal,Tier-2,Cardiology,3.6,False,medium,0.601,462002,23.306522,77.475911
1698,Kasturba Gastroenterology Medical Center,Bhopal,Tier-2,Gastroenterology,3.8,False,medium,0.464,462003,23.205352,77.42327
1699,Peoples General Medicine Institute,Bhopal,Tier-2,General Medicine,3.0,False,low,0.03,462002,23.264572,77.413323
1700,Raja Bhoj Gastroenterology Healthcare,Bhopal,Tier-2,Gastroenterology,4.2,True,high,0.924,462002,23.176316,77.455269
1701,Bansal Orthopedics Healthcare,Bhopal,Tier-2,Orthopedics,4.6,True,high,0.906,462010,23.178308,77.48084
1702,Chirayu General Medicine Institute,Bhopal,Tier-2,General Medicine,4.3,True,high,0.941,462023,23.195036,77.463959
1703,Narmada Cardiology Medical Center,Bhopal,Tier-2,Cardiology,3.6,False,low,0.215,462011,23.260771,77.524059
1704,Hajela Cardiology Hospital,Bhopal,Tier-2,Cardiology,4.4,True,high,0.97,462023,23.307848,77.519546
1705,Hamidia Cardiology Healthcare,Bhopal,Tier-2,Cardiology,4.1,True,medium,0.566,462003,23.171681,77.387211
1706,Kasturba ENT Super Speciality Hospital,Bhopal,Tier-2,ENT,3.9,True,high,0.799,462010,23.166492,77.44966
1707,Peoples Gastroenterology Medical Center,Bhopal,Tier-2,Gastroenterology,4.1,True,high,0.821,462003,23.198728,77.503947
1708,Raja Bhoj Oncology Institute,Bhopal,Tier-2,Oncology,4.2,True,high,0.864,462002,23.34986,77.533095
1709,Bansal Ophthalmology Clinic,Bhopal,Tier-2,Ophthalmology,3.7,True,medium,0.553,462011,23.155208,77.418696
1710,Chirayu Gynaecology Super Speciality Hospital,Bhopal,Tier-2,Gynaecology,3.8,True,medium,0.521,462002,23.18494,77.412261
1711,Narmada Orthopedics Hospital,Bhopal,Tier-2,Orthopedics,4.2,True,high,0.777,462010,23.274299,77.447829
1712,Hajela Orthopedics Clinic,Bhopal,Tier-2,Orthopedics,3.9,False,medium,0.608,462010,23.327213,77.499932
1713,Hamidia Orthopedics Super Speciality Hospital,Bhopal,Tier-2,Orthopedics,3.6,True,medium,0.494,462010,23.198295,77.450291
1714,Kasturba Dermatology Hospital,Bhopal,Tier-2,Dermatology,3.1,False,low,0.09,462010,23.281803,77.47411
1715,Peoples Gynaecology Clinic,Bhopal,Tier-2,Gynaecology,4.5,True,high,0.986,462002,23.164952,77.510047
1716,Raja Bhoj Cardiology Clinic,Bhopal,Tier-2,Cardiology,4.1,True,high,0.81,462011,23.318418,77.437233
1717,Bansal Gynaecology Institute,Bhopal,Tier-2,Gynaecology,3.6,False,low,0.18,462002,23.227399,77.401892
1718,Chirayu Ophthalmology Clinic,Bhopal,Tier-2,Ophthalmology,4.2,False,high,0.812,462023,23.265928,77.47643
1719,Narmada Cardiology Institute,Bhopal,Tier-2,Cardiology,3.4,True,low,0.279,462003,23.342426,77.375639
1720,Hajela General Medicine Healthcare,Bhopal,Tier-2,General Medicine,4.1,False,high,0.754,462001,23.264776,77.362854
1721,Hamidia Orthopedics Medical Center,Bhopal,Tier-2,Orthopedics,3.4,False,low,0.279,462011,23.16306,77.480588
1722,Kasturba Gastroenterology Hospital,Bhopal,Tier-2,Gastroenterology,3.5,False,medium,0.491,462001,23.247875,77.440782
1723,Peoples Cardiology Healthcare,Bhopal,Tier-2,Cardiology,3.3,False,low,0.365,462011,23.314437,77.452301
1724,Raja Bhoj Gastroenterology Hospital,Bhopal,Tier-2,Gastroenterology,4.4,True,high,0.978,462010,23.158538,77.517703
1725,Bansal General Medicine Super Speciality Hospital,Bhopal,Tier-2,General Medicine,4.5,True,high,0.926,462011,23.302899,77.520248
1726,Chirayu Neurology Hospital,Bhopal,Tier-2,Neurology,4.5,True,high,0.969,462010,23.283029,77.500458
1727,Narmada Pediatrics Healthcare,Bhopal,Tier-2,Pediatrics,4.1,True,high,0.926,462011,23.250512,77.423254
1728,Hajela Gynaecology Institute,Bhopal,Tier-2,Gynaecology,4.2,False,high,0.956,462023,23.210995,77.515465
1729,Hamidia Oncology Super Speciality Hospital,Bhopal,Tier-2,Oncology,4.5,False,high,0.989,462010,23.289687,77.500755
1730,Kasturba Gynaecology Clinic,Bhopal,Tier-2,Gynaecology,4.5,True,high,0.934,462011,23.175234,77.398577
1731,Peoples Dermatology Clinic,Bhopal,Tier-2,Dermatology,4.0,False,high,0.839,462002,23.27233,77.492094
1732,Raja Bhoj Psychiatry Super Speciality Hospital,Bhopal,Tier-2,Psychiatry,3.8,True,medium,0.504,462002,23.347228,77.459531
1733,Bansal Pulmonology Healthcare,Bhopal,Tier-2,Pulmonology,3.8,False,medium,0.631,462011,23.22533,77.469576
1734,Chirayu General Medicine Institute,Bhopal,Tier-2,General Medicine,4.7,True,high,0.975,462011,23.267115,77.501779
1735,Narmada Urology Hospital,Bhopal,Tier-2,Urology,3.5,False,low,0.367,462003,23.299645,77.381568
1736,Hajela Neurology Super Speciality Hospital,Bhopal,Tier-2,Neurology,3.6,True,low,0.303,462001,23.302071,77.543995
1737,Hamidia Neurology Medical Center,Bhopal,Tier-2,Neurology,3.9,False,medium,0.415,462023,23.219852,77.535673
1738,Kasturba Urology Super Speciality Hospital,Bhopal,Tier-2,Urology,4.1,False,high,0.916,462023,23.202902,77.411187
1739,Peoples ENT Hospital,Bhopal,Tier-2,ENT,4.3,False,medium,0.65,462001,23.180164,77.467054
1740,Raja Bhoj Oncology Medical Center,Bhopal,Tier-2,Oncology,4.1,True,high,0.861,462003,23.186842,77.514176
1741,SevenHills General Medicine Institute,Visakhapatnam,Tier-2,General Medicine,3.5,False,low,0.376,530001,17.617583,83.213102
1742,KIMS Icon Psychiatry Healthcare,Visakhapatnam,Tier-2,Psychiatry,4.1,True,high,0.885,530003,17.767206,83.228243
1743,Pinnacle General Medicine Hospital,Visakhapatnam,Tier-2,General Medicine,4.3,False,high,0.938,530001,17.628238,83.182044
1744,Indus Nephrology Super Speciality Hospital,Visakhapatnam,Tier-2,Nephrology,3.3,True,low,0.092,530001,17.722967,83.155216
1745,Pradhama General Medicine Hospital,Visakhapatnam,Tier-2,General Medicine,4.0,False,high,0.764,530001,17.676393,83.290502
1746,Gitam Gastroenterology Institute,Visakhapatnam,Tier-2,Gastroenterology,4.0,True,medium,0.598,530013,17.634285,83.283747
1747,Vizag Care Pulmonology Healthcare,Visakhapatnam,Tier-2,Pulmonology,4.3,True,high,0.943,530003,17.719601,83.262982
1748,Sri Venkateswara Gynaecology Medical Center,Visakhapatnam,Tier-2,Gynaecology,3.9,True,medium,0.68,530002,17.764252,83.248022
1749,SevenHills Nephrology Institute,Visakhapatnam,Tier-2,Nephrology,3.8,True,medium,0.599,530001,17.721975,83.229719
1750,KIMS Icon ENT Healthcare,Visakhapatnam,Tier-2,ENT,4.3,False,medium,0.688,530003,17.636458,83.24996
1751,Pinnacle General Medicine Medical Center,Visakhapatnam,Tier-2,General Medicine,3.3,False,low,0.115,530016,17.629423,83.194225
1752,Indus Pediatrics Medical Center,Visakhapatnam,Tier-2,Pediatrics,3.6,False,medium,0.54,530013,17.60831,83.223421
1753,Pradhama Pulmonology Institute,Visakhapatnam,Tier-2,Pulmonology,4.4,True,high,0.958,530004,17.663121,83.300638
1754,Gitam Orthopedics Super Speciality Hospital,Visakhapatnam,Tier-2,Orthopedics,4.6,False,high,0.897,530004,17.615798,83.270244
1755,Vizag Care Pediatrics Institute,Visakhapatnam,Tier-2,Pediatrics,4.1,True,high,0.871,530016,17.63306,83.257994
1756,Sri Venkateswara Gynaecology Healthcare,Visakhapatnam,Tier-2,Gynaecology,3.9,True,medium,0.414,530002,17.753608,83.317759
1757,SevenHills Cardiology Super Speciality Hospital,Visakhapatnam,Tier-2,Cardiology,3.9,True,medium,0.59,530002,17.748675,83.303465
1758,KIMS Icon Gynaecology Super Speciality Hospital,Visakhapatnam,Tier-2,Gynaecology,4.2,False,medium,0.626,530004,17.782107,83.175482
1759,Pinnacle Gynaecology Medical Center,Visakhapatnam,Tier-2,Gynaecology,3.6,True,medium,0.558,530013,17.784901,83.34799
1760,Indus Ophthalmology Clinic,Visakhapatnam,Tier-2,Ophthalmology,4.1,False,medium,0.683,530002,17.686582,83.212433
1761,Pradhama Orthopedics Hospital,Visakhapatnam,Tier-2,Orthopedics,3.7,True,medium,0.522,530003,17.634512,83.330676
1762,Gitam Urology Clinic,Visakhapatnam,Tier-2,Urology,4.1,False,medium,0.573,530004,17.732839,83.278767
1763,Vizag Care Gynaecology Institute,Visakhapatnam,Tier-2,Gynaecology,4.3,True,high,0.863,530013,17.761464,83.199901
1764,Sri Venkateswara Orthopedics Healthcare,Visakhapatnam,Tier-2,Orthopedics,4.5,True,high,0.854,530004,17.631929,83.236176
1765,SevenHills Gynaecology Super Speciality Hospital,Visakhapatnam,Tier-2,Gynaecology,3.6,True,low,0.368,530013,17.680739,83.321936
1766,KIMS Icon Pediatrics Institute,Visakhapatnam,Tier-2,Pediatrics,3.1,False,low,0.041,530016,17.638575,83.169863
1767,Pinnacle Ophthalmology Hospital,Visakhapatnam,Tier-2,Ophthalmology,3.7,False,low,0.345,530001,17.697589,83.184703
1768,Indus ENT Clinic,Visakhapatnam,Tier-2,ENT,3.8,True,medium,0.619,530003,17.763507,83.320542
1769,Pradhama Psychiatry Institute,Visakhapatnam,Tier-2,Psychiatry,4.2,True,high,0.774,530004,17.607516,83.204661
1770,Gitam Nephrology Clinic,Visakhapatnam,Tier-2,Nephrology,4.0,True,high,0.733,530016,17.624997,83.150138
1771,Vizag Care General Medicine Institute,Visakhapatnam,Tier-2,General Medicine,4.5,True,high,0.982,530003,17.703048,83.15792
1772,Sri Venkateswara Orthopedics Super Speciality Hospital,Visakhapatnam,Tier-2,Orthopedics,4.1,False,medium,0.658,530003,17.79552,83.267974
1773,SevenHills Pediatrics Healthcare,Visakhapatnam,Tier-2,Pediatrics,3.5,False,medium,0.435,530013,17.69614,83.245628
1774,KIMS Icon Cardiology Super Speciality Hospital,Visakhapatnam,Tier-2,Cardiology,3.1,False,low,0.092,530001,17.740287,83.281961
1775,Pinnacle Cardiology Super Speciality Hospital,Visakhapatnam,Tier-2,Cardiology,4.2,False,high,0.848,530002,17.636801,83.330101
1776,Indus Psychiatry Medical Center,Visakhapatnam,Tier-2,Psychiatry,3.5,True,medium,0.472,530016,17.693508,83.232348
1777,Pradhama Orthopedics Super Speciality Hospital,Visakhapatnam,Tier-2,Orthopedics,4.1,False,high,0.92,530004,17.728414,83.329683
1778,Gitam Orthopedics Institute,Visakhapatnam,Tier-2,Orthopedics,3.6,False,medium,0.57,530016,17.690235,83.271933
1779,Vizag Care Neurology Clinic,Visakhapatnam,Tier-2,Neurology,3.8,False,medium,0.549,530002,17.69134,83.287159
1780,Sri Venkateswara Urology Healthcare,Visakhapatnam,Tier-2,Urology,3.7,True,medium,0.421,530002,17.733212,83.233703
1781,SevenHills ENT Institute,Visakhapatnam,Tier-2,ENT,4.0,True,high,0.769,530002,17.759427,83.199122
1782,KIMS Icon Urology Super Speciality Hospital,Visakhapatnam,Tier-2,Urology,4.1,True,high,0.703,530002,17.618119,83.193149
1783,Pinnacle Dermatology Medical Center,Visakhapatnam,Tier-2,Dermatology,4.1,False,high,0.881,530002,17.651323,83.199675
1784,Indus Orthopedics Clinic,Visakhapatnam,Tier-2,Orthopedics,4.5,True,high,0.906,530013,17.681707,83.329065
1785,Pradhama Pulmonology Medical Center,Visakhapatnam,Tier-2,Pulmonology,3.9,True,medium,0.521,530004,17.754781,83.172334
1786,Gitam Nephrology Healthcare,Visakhapatnam,Tier-2,Nephrology,3.2,True,low,0.282,530001,17.789432,83.332904
1787,Vizag Care Nephrology Hospital,Visakhapatnam,Tier-2,Nephrology,4.3,True,high,0.959,530001,17.678634,83.285019
1788,Sri Venkateswara Ophthalmology Medical Center,Visakhapatnam,Tier-2,Ophthalmology,4.3,True,high,0.763,530016,17.75727,83.169682
1789,SevenHills Pediatrics Super Speciality Hospital,Visakhapatnam,Tier-2,Pediatrics,3.5,False,medium,0.517,530004,17.613399,83.334637
1790,KIMS Icon Orthopedics Institute,Visakhapatnam,Tier-2,Orthopedics,3.8,False,medium,0.489,530016,17.629788,83.235747
1791,Pinnacle Neurology Medical Center,Visakhapatnam,Tier-2,Neurology,4.1,True,high,0.778,530016,17.742703,83.337435
1792,Indus Cardiology Hospital,Visakhapatnam,Tier-2,Cardiology,3.0,True,low,0.121,530001,17.786629,83.177745
1793,Pradhama General Medicine Institute,Visakhapatnam,Tier-2,General Medicine,4.1,False,medium,0.642,530003,17.799782,83.327632
1794,Gitam General Medicine Super Speciality Hospital,Visakhapatnam,Tier-2,General Medicine,4.1,True,high,0.814,530016,17.632737,83.223139
1795,Vizag Care Nephrology Medical Center,Visakhapatnam,Tier-2,Nephrology,3.5,True,medium,0.417,530013,17.749389,83.337784
1796,Sri Venkateswara Gynaecology Institute,Visakhapatnam,Tier-2,Gynaecology,4.0,False,medium,0.59,530003,17.778854,83.33029
1797,SevenHills Gynaecology Medical Center,Visakhapatnam,Tier-2,Gynaecology,4.1,True,high,0.722,530003,17.617685,83.164953
1798,KIMS Icon Orthopedics Institute,Visakhapatnam,Tier-2,Orthopedics,4.2,True,high,0.949,530004,17.759792,83.224651
1799,Pinnacle Oncology Clinic,Visakhapatnam,Tier-2,Oncology,3.6,False,medium,0.596,530016,17.694212,83.25008
1800,Indus Ophthalmology Medical Center,Visakhapatnam,Tier-2,Ophthalmology,3.4,True,low,0.349,530016,17.623937,83.342605
1801,Pradhama Pediatrics Clinic,Visakhapatnam,Tier-2,Pediatrics,4.0,True,high,0.748,530002,17.728223,83.331119
1802,Gitam Ophthalmology Clinic,Visakhapatnam,Tier-2,Ophthalmology,3.1,False,low,0.14,530013,17.604146,83.289735
1803,Vizag Care Orthopedics Clinic,Visakhapatnam,Tier-2,Orthopedics,3.3,False,low,0.083,530013,17.78667,83.325534
1804,Sri Venkateswara Cardiology Healthcare,Visakhapatnam,Tier-2,Cardiology,3.7,False,medium,0.602,530002,17.694206,83.318873
1805,SevenHills Urology Clinic,Visakhapatnam,Tier-2,Urology,4.1,True,high,0.859,530016,17.692157,83.245801
1806,KIMS Icon Oncology Super Speciality Hospital,Visakhapatnam,Tier-2,Oncology,4.1,True,high,0.789,530016,17.602389,83.258606
1807,Pinnacle Psychiatry Clinic,Visakhapatnam,Tier-2,Psychiatry,4.5,True,high,0.797,530003,17.748085,83.313465
1808,Indus Gastroenterology Healthcare,Visakhapatnam,Tier-2,Gastroenterology,3.5,False,low,0.334,530016,17.621618,83.304115
1809,Pradhama Cardiology Clinic,Visakhapatnam,Tier-2,Cardiology,3.8,True,medium,0.664,530003,17.603581,83.166394
1810,Gitam Dermatology Institute,Visakhapatnam,Tier-2,Dermatology,3.4,False,low,0.357,530001,17.783132,83.183591
1811,Vizag Care Ophthalmology Hospital,Visakhapatnam,Tier-2,Ophthalmology,4.4,True,high,0.953,530013,17.604539,83.228633
1812,Sri Venkateswara Pediatrics Super Speciality Hospital,Visakhapatnam,Tier-2,Pediatrics,3.5,True,medium,0.413,530001,17.71393,83.284672
1813,SevenHills Gastroenterology Super Speciality Hospital,Visakhapatnam,Tier-2,Gastroenterology,4.6,False,high,0.88,530001,17.739817,83.261545
1814,KIMS Icon General Medicine Hospital,Visakhapatnam,Tier-2,General Medicine,4.4,False,high,0.95,530016,17.601243,83.339158
1815,Pinnacle Orthopedics Clinic,Visakhapatnam,Tier-2,Orthopedics,4.0,False,medium,0.491,530004,17.643264,83.334741
1816,Indus Psychiatry Institute,Visakhapatnam,Tier-2,Psychiatry,3.9,True,medium,0.583,530002,17.644933,83.269205
1817,Pradhama ENT Healthcare,Visakhapatnam,Tier-2,ENT,4.6,False,high,0.932,530013,17.734702,83.29048
1818,Gitam Urology Clinic,Visakhapatnam,Tier-2,Urology,3.5,False,medium,0.502,530013,17.78986,83.156126
1819,Vizag Care ENT Healthcare,Visakhapatnam,Tier-2,ENT,3.9,True,medium,0.567,530003,17.789049,83.187034
1820,Sri Venkateswara ENT Institute,Visakhapatnam,Tier-2,ENT,4.1,True,medium,0.589,530003,17.620608,83.239461
1821,Kiran General Medicine Super Speciality Hospital,Surat,Tier-2,General Medicine,4.1,False,medium,0.583,395009,21.20906,72.871891
1822,BAPS Pramukh Swami Cardiology Healthcare,Surat,Tier-2,Cardiology,3.6,True,medium,0.41,395002,21.276912,72.777297
1823,Mahavir Psychiatry Institute,Surat,Tier-2,Psychiatry,4.4,True,high,0.848,395003,21.295307,72.762534
1824,Maitreya Orthopedics Institute,Surat,Tier-2,Orthopedics,4.0,True,medium,0.563,395001,21.219909,72.871108
1825,Apple Orthopedics Medical Center,Surat,Tier-2,Orthopedics,3.9,True,medium,0.448,395009,21.297768,72.811272
1826,Nirmal Urology Hospital,Surat,Tier-2,Urology,3.0,False,low,0.123,395007,21.189545,72.87537
1827,Diamond Oncology Medical Center,Surat,Tier-2,Oncology,4.3,True,high,0.9,395003,21.241583,72.807909
1828,Tapi Orthopedics Hospital,Surat,Tier-2,Orthopedics,4.1,True,high,0.71,395003,21.278446,72.859944
1829,Kiran Pediatrics Super Speciality Hospital,Surat,Tier-2,Pediatrics,3.9,False,medium,0.42,395006,21.13122,72.851021
1830,BAPS Pramukh Swami Nephrology Healthcare,Surat,Tier-2,Nephrology,3.1,False,low,0.058,395003,21.12291,72.90573
1831,Mahavir Oncology Super Speciality Hospital,Surat,Tier-2,Oncology,3.7,False,medium,0.615,395009,21.261877,72.788066
1832,Maitreya Cardiology Clinic,Surat,Tier-2,Cardiology,3.5,True,medium,0.525,395002,21.143182,72.91851
1833,Apple General Medicine Medical Center,Surat,Tier-2,General Medicine,3.7,True,medium,0.462,395006,21.109285,72.851938
1834,Nirmal Pediatrics Institute,Surat,Tier-2,Pediatrics,3.9,True,medium,0.559,395009,21.122792,72.936982
1835,Diamond ENT Medical Center,Surat,Tier-2,ENT,4.5,True,high,0.907,395006,21.265162,72.758027
1836,Tapi Oncology Clinic,Surat,Tier-2,Oncology,3.6,True,medium,0.473,395009,21.294722,72.790117
1837,Kiran General Medicine Hospital,Surat,Tier-2,General Medicine,4.2,True,high,0.797,395007,21.154351,72.924849
1838,BAPS Pramukh Swami Pediatrics Hospital,Surat,Tier-2,Pediatrics,3.5,False,low,0.213,395009,21.236465,72.813969
1839,Mahavir Neurology Medical Center,Surat,Tier-2,Neurology,3.7,False,low,0.376,395009,21.287017,72.802793
1840,Maitreya Oncology Medical Center,Surat,Tier-2,Oncology,4.0,True,high,0.771,395003,21.290917,72.947407
1841,Apple Orthopedics Hospital,Surat,Tier-2,Orthopedics,4.5,True,high,0.886,395009,21.128741,72.851951
1842,Nirmal Cardiology Medical Center,Surat,Tier-2,Cardiology,3.6,False,medium,0.549,395009,21.22608,72.855248
1843,Diamond Psychiatry Medical Center,Surat,Tier-2,Psychiatry,4.4,True,high,0.769,395001,21.214134,72.876849
1844,Tapi Nephrology Super Speciality Hospital,Surat,Tier-2,Nephrology,3.3,False,low,0.148,395007,21.106264,72.849962
1845,Kiran Nephrology Super Speciality Hospital,Surat,Tier-2,Nephrology,3.8,True,medium,0.455,395009,21.22522,72.772647
1846,BAPS Pramukh Swami Gynaecology Medical Center,Surat,Tier-2,Gynaecology,3.6,False,low,0.345,395009,21.168349,72.858445
1847,Mahavir Orthopedics Healthcare,Surat,Tier-2,Orthopedics,3.7,True,medium,0.599,395001,21.172518,72.801437
1848,Maitreya Cardiology Super Speciality Hospital,Surat,Tier-2,Cardiology,4.5,False,high,0.983,395009,21.178139,72.790486
1849,Apple Cardiology Institute,Surat,Tier-2,Cardiology,4.1,False,medium,0.635,395009,21.261929,72.947388
1850,Nirmal Neurology Institute,Surat,Tier-2,Neurology,3.9,False,medium,0.436,395002,21.211413,72.926211
1851,Diamond Cardiology Clinic,Surat,Tier-2,Cardiology,3.0,True,low,0.064,395001,21.235508,72.821329
1852,Tapi General Medicine Clinic,Surat,Tier-2,General Medicine,3.2,False,low,0.057,395002,21.28904,72.817311
1853,Kiran Neurology Super Speciality Hospital,Surat,Tier-2,Neurology,4.0,True,high,0.714,395009,21.251948,72.944458
1854,BAPS Pramukh Swami Gynaecology Clinic,Surat,Tier-2,Gynaecology,3.0,False,low,0.034,395003,21.292854,72.781071
1855,Mahavir General Medicine Medical Center,Surat,Tier-2,General Medicine,4.3,True,high,0.812,395007,21.210226,72.753107
1856,Maitreya Cardiology Hospital,Surat,Tier-2,Cardiology,3.4,True,medium,0.48,395009,21.278528,72.889222
1857,Apple Neurology Clinic,Surat,Tier-2,Neurology,3.0,False,low,0.16,395009,21.257172,72.89755
1858,Nirmal Cardiology Medical Center,Surat,Tier-2,Cardiology,3.8,False,low,0.338,395002,21.19695,72.9228
1859,Diamond Orthopedics Institute,Surat,Tier-2,Orthopedics,4.1,False,medium,0.601,395003,21.244608,72.826309
1860,Tapi Gastroenterology Healthcare,Surat,Tier-2,Gastroenterology,3.9,True,high,0.721,395009,21.242737,72.883423
1861,Kiran Nephrology Institute,Surat,Tier-2,Nephrology,4.1,False,medium,0.562,395009,21.298737,72.898686
1862,BAPS Pramukh Swami Psychiatry Medical Center,Surat,Tier-2,Psychiatry,4.3,True,high,0.974,395003,21.169001,72.777253
1863,Mahavir Urology Hospital,Surat,Tier-2,Urology,3.9,True,medium,0.597,395001,21.172915,72.83465
1864,Maitreya Dermatology Healthcare,Surat,Tier-2,Dermatology,4.2,True,medium,0.688,395001,21.169715,72.770516
1865,Apple Cardiology Clinic,Surat,Tier-2,Cardiology,3.7,False,medium,0.466,395007,21.11075,72.813065
1866,Nirmal Neurology Hospital,Surat,Tier-2,Neurology,4.1,False,medium,0.586,395002,21.12833,72.82302
1867,Diamond Nephrology Institute,Surat,Tier-2,Nephrology,3.6,False,low,0.226,395006,21.200106,72.865027
1868,Tapi Pediatrics Healthcare,Surat,Tier-2,Pediatrics,3.4,True,low,0.083,395002,21.112776,72.768551
1869,Kiran Neurology Institute,Surat,Tier-2,Neurology,3.8,True,high,0.721,395006,21.171646,72.877077
1870,BAPS Pramukh Swami General Medicine Super Speciality Hospital,Surat,Tier-2,General Medicine,3.8,True,medium,0.622,395009,21.181421,72.877267
1871,Mahavir Ophthalmology Healthcare,Surat,Tier-2,Ophthalmology,3.9,True,medium,0.625,395001,21.100415,72.811542
1872,Maitreya Neurology Hospital,Surat,Tier-2,Neurology,3.4,False,low,0.34,395001,21.249702,72.848358
1873,Apple Gastroenterology Healthcare,Surat,Tier-2,Gastroenterology,3.5,False,low,0.201,395003,21.266273,72.862356
1874,Nirmal Pulmonology Hospital,Surat,Tier-2,Pulmonology,4.3,False,high,0.823,395001,21.157201,72.76993
1875,Diamond Urology Super Speciality Hospital,Surat,Tier-2,Urology,3.7,False,medium,0.595,395007,21.230063,72.834478
1876,Tapi Pediatrics Clinic,Surat,Tier-2,Pediatrics,3.5,False,low,0.297,395002,21.268039,72.834292
1877,Kiran Pediatrics Super Speciality Hospital,Surat,Tier-2,Pediatrics,3.5,True,low,0.374,395009,21.287536,72.9377
1878,BAPS Pramukh Swami Cardiology Hospital,Surat,Tier-2,Cardiology,3.6,True,medium,0.551,395006,21.202274,72.824993
1879,Mahavir Cardiology Institute,Surat,Tier-2,Cardiology,3.8,True,medium,0.526,395001,21.199896,72.890461
1880,Maitreya Ophthalmology Clinic,Surat,Tier-2,Ophthalmology,3.6,True,medium,0.551,395007,21.250616,72.799653
1881,Apple Cardiology Clinic,Surat,Tier-2,Cardiology,4.2,False,medium,0.573,395001,21.167263,72.801559
1882,Nirmal General Medicine Healthcare,Surat,Tier-2,General Medicine,4.1,True,medium,0.648,395009,21.167652,72.778579
1883,Diamond Gastroenterology Healthcare,Surat,Tier-2,Gastroenterology,4.4,True,high,0.972,395003,21.209009,72.890216
1884,Tapi Cardiology Healthcare,Surat,Tier-2,Cardiology,3.7,False,medium,0.597,395002,21.121229,72.823864
1885,Kiran Gynaecology Institute,Surat,Tier-2,Gynaecology,3.4,True,medium,0.4,395003,21.283799,72.859803
1886,BAPS Pramukh Swami Orthopedics Hospital,Surat,Tier-2,Orthopedics,4.3,False,high,0.898,395002,21.137201,72.889614
1887,Mahavir Neurology Institute,Surat,Tier-2,Neurology,4.1,True,high,0.949,395006,21.104783,72.924268
1888,Maitreya Orthopedics Medical Center,Surat,Tier-2,Orthopedics,3.5,False,medium,0.496,395009,21.195455,72.907301
1889,Apple Cardiology Clinic,Surat,Tier-2,Cardiology,3.8,True,medium,0.455,395009,21.126805,72.925791
1890,Nirmal Dermatology Super Speciality Hospital,Surat,Tier-2,Dermatology,4.4,True,high,0.971,395001,21.290048,72.926204
1891,Diamond Gastroenterology Clinic,Surat,Tier-2,Gastroenterology,4.2,True,high,0.825,395001,21.18019,72.750953
1892,Tapi Neurology Clinic,Surat,Tier-2,Neurology,4.2,False,medium,0.655,395003,21.102027,72.875287
1893,Kiran Urology Healthcare,Surat,Tier-2,Urology,3.4,False,medium,0.473,395001,21.221192,72.788055
1894,BAPS Pramukh Swami General Medicine Institute,Surat,Tier-2,General Medicine,4.4,False,high,0.911,395001,21.112757,72.943977
1895,Mahavir Urology Institute,Surat,Tier-2,Urology,3.8,False,medium,0.644,395006,21.143586,72.763848
1896,Maitreya Gynaecology Hospital,Surat,Tier-2,Gynaecology,3.7,False,low,0.373,395007,21.183593,72.896494
1897,Apple General Medicine Medical Center,Surat,Tier-2,General Medicine,3.9,False,medium,0.65,395007,21.168453,72.76314
1898,Nirmal Orthopedics Institute,Surat,Tier-2,Orthopedics,3.8,False,medium,0.542,395007,21.146125,72.869732
1899,Diamond Gynaecology Healthcare,Surat,Tier-2,Gynaecology,3.4,False,low,0.292,395006,21.136113,72.754135
1900,Tapi Neurology Clinic,Surat,Tier-2,Neurology,4.6,True,high,0.983,395001,21.287029,72.88001
1901,KMCH Dermatology Institute,Coimbatore,Tier-2,Dermatology,4.0,False,medium,0.606,641006,11.132477,76.989213
1902,PSG Gynaecology Institute,Coimbatore,Tier-2,Gynaecology,4.1,True,medium,0.677,641018,11.00357,77.067908
1903,Ganga ENT Super Speciality Hospital,Coimbatore,Tier-2,ENT,3.4,False,low,0.084,641004,10.96099,76.998742
1904,Sri Ramakrishna Orthopedics Healthcare,Coimbatore,Tier-2,Orthopedics,3.9,True,medium,0.511,641004,11.057665,76.962376
1905,KG Hospital General Medicine Institute,Coimbatore,Tier-2,General Medicine,3.9,True,medium,0.584,641018,11.084635,77.041004
1906,Royal Care Orthopedics Medical Center,Coimbatore,Tier-2,Orthopedics,3.8,True,high,0.721,641006,10.969024,76.928956
1907,Kovai Orthopedics Super Speciality Hospital,Coimbatore,Tier-2,Orthopedics,4.0,False,medium,0.585,641008,10.9915,77.078706
1908,KMCH Gynaecology Clinic,Coimbatore,Tier-2,Gynaecology,4.5,True,high,0.909,641002,11.064455,77.073157
1909,PSG Pediatrics Medical Center,Coimbatore,Tier-2,Pediatrics,3.1,False,low,0.268,641008,11.095088,76.964836
1910,Ganga Cardiology Hospital,Coimbatore,Tier-2,Cardiology,4.2,True,high,0.845,641001,11.032974,77.016926
1911,Sri Ramakrishna Neurology Institute,Coimbatore,Tier-2,Neurology,4.4,True,high,0.808,641004,11.067827,77.026227
1912,KG Hospital Orthopedics Super Speciality Hospital,Coimbatore,Tier-2,Orthopedics,3.8,False,low,0.328,641002,10.954888,77.053003
1913,Royal Care Oncology Medical Center,Coimbatore,Tier-2,Oncology,3.8,True,medium,0.667,641001,11.099417,76.925361
1914,Kovai Orthopedics Institute,Coimbatore,Tier-2,Orthopedics,3.6,True,medium,0.557,641018,11.040148,76.948447
1915,KMCH Oncology Super Speciality Hospital,Coimbatore,Tier-2,Oncology,3.9,True,high,0.761,641018,11.099826,77.006271
1916,PSG Nephrology Medical Center,Coimbatore,Tier-2,Nephrology,3.0,False,low,0.07,641008,11.075483,77.033553
1917,Ganga Cardiology Medical Center,Coimbatore,Tier-2,Cardiology,4.0,True,medium,0.551,641002,10.969459,77.032632
1918,Sri Ramakrishna Pediatrics Clinic,Coimbatore,Tier-2,Pediatrics,4.3,False,high,0.701,641008,11.013905,77.099621
1919,KG Hospital Dermatology Medical Center,Coimbatore,Tier-2,Dermatology,4.1,True,high,0.751,641018,11.109932,76.970857
1920,Royal Care Urology Super Speciality Hospital,Coimbatore,Tier-2,Urology,4.2,True,high,0.87,641018,11.085217,76.972682
1921,Kovai General Medicine Healthcare,Coimbatore,Tier-2,General Medicine,3.6,True,medium,0.469,641018,11.028542,76.900768
1922,KMCH Orthopedics Healthcare,Coimbatore,Tier-2,Orthopedics,3.2,False,low,0.315,641018,10.964164,77.031946
1923,PSG Orthopedics Healthcare,Coimbatore,Tier-2,Orthopedics,4.1,True,high,0.814,641001,11.088985,76.906743
1924,Ganga Pediatrics Hospital,Coimbatore,Tier-2,Pediatrics,3.8,True,medium,0.505,641006,11.12697,76.914547
1925,Sri Ramakrishna General Medicine Hospital,Coimbatore,Tier-2,General Medicine,3.4,False,low,0.08,641004,11.144449,76.978189
1926,KG Hospital Pediatrics Clinic,Coimbatore,Tier-2,Pediatrics,3.4,True,low,0.105,641018,11.118098,76.991656
1927,Royal Care Dermatology Healthcare,Coimbatore,Tier-2,Dermatology,4.2,True,medium,0.578,641002,11.104362,77.055634
1928,Kovai Cardiology Hospital,Coimbatore,Tier-2,Cardiology,3.9,False,medium,0.613,641002,11.023009,76.910396
1929,KMCH Pediatrics Institute,Coimbatore,Tier-2,Pediatrics,3.2,True,low,0.257,641001,11.008895,76.949251
1930,PSG Gastroenterology Institute,Coimbatore,Tier-2,Gastroenterology,4.4,True,high,0.943,641002,11.002651,76.948884
1931,Ganga Ophthalmology Medical Center,Coimbatore,Tier-2,Ophthalmology,3.6,False,medium,0.615,641001,11.108441,77.025752
1932,Sri Ramakrishna Pediatrics Institute,Coimbatore,Tier-2,Pediatrics,4.0,True,medium,0.623,641006,11.125654,77.03487
1933,KG Hospital Dermatology Healthcare,Coimbatore,Tier-2,Dermatology,4.6,False,high,0.853,641008,11.009467,76.91125
1934,Royal Care Nephrology Clinic,Coimbatore,Tier-2,Nephrology,4.1,True,medium,0.58,641008,11.028165,77.074678
1935,Kovai Neurology Hospital,Coimbatore,Tier-2,Neurology,3.4,False,medium,0.462,641001,10.994727,77.081992
1936,KMCH General Medicine Super Speciality Hospital,Coimbatore,Tier-2,General Medicine,3.6,False,medium,0.451,641018,11.093772,76.938388
1937,PSG Orthopedics Hospital,Coimbatore,Tier-2,Orthopedics,3.0,True,low,0.004,641001,11.125123,76.981093
1938,Ganga Urology Medical Center,Coimbatore,Tier-2,Urology,3.1,False,low,0.046,641001,11.138388,77.028907
1939,Sri Ramakrishna Pediatrics Super Speciality Hospital,Coimbatore,Tier-2,Pediatrics,4.4,True,high,0.792,641018,11.020061,76.922634
1940,KG Hospital Neurology Hospital,Coimbatore,Tier-2,Neurology,3.7,False,low,0.293,641001,10.963119,76.965777
1941,Royal Care General Medicine Institute,Coimbatore,Tier-2,General Medicine,3.5,False,low,0.179,641018,11.005436,77.057513
1942,Kovai Pulmonology Healthcare,Coimbatore,Tier-2,Pulmonology,4.4,True,high,0.813,641008,11.118525,77.043537
1943,KMCH Orthopedics Healthcare,Coimbatore,Tier-2,Orthopedics,3.0,False,low,0.015,641008,11.114606,76.93173
1944,PSG Urology Clinic,Coimbatore,Tier-2,Urology,4.2,True,high,0.983,641001,11.082496,77.048136
1945,Ganga Urology Healthcare,Coimbatore,Tier-2,Urology,4.2,True,high,0.98,641002,11.11815,76.97507
1946,Sri Ramakrishna Orthopedics Institute,Coimbatore,Tier-2,Orthopedics,3.2,False,low,0.324,641018,11.071869,77.042891
1947,KG Hospital Orthopedics Medical Center,Coimbatore,Tier-2,Orthopedics,3.2,True,low,0.302,641018,11.127871,76.903726
1948,Royal Care Dermatology Super Speciality Hospital,Coimbatore,Tier-2,Dermatology,3.1,True,low,0.104,641008,10.985971,76.926423
1949,Kovai Cardiology Institute,Coimbatore,Tier-2,Cardiology,3.4,False,low,0.168,641018,10.995899,76.936626
1950,KMCH Urology Hospital,Coimbatore,Tier-2,Urology,3.5,False,low,0.352,641006,10.968896,76.951594
1951,PSG General Medicine Super Speciality Hospital,Coimbatore,Tier-2,General Medicine,3.9,True,medium,0.447,641004,10.952227,77.056858
1952,Ganga Ophthalmology Medical Center,Coimbatore,Tier-2,Ophthalmology,4.1,True,medium,0.581,641018,10.959007,77.013892
1953,Sri Ramakrishna General Medicine Medical Center,Coimbatore,Tier-2,General Medicine,4.1,False,medium,0.574,641004,11.144651,76.944627
1954,KG Hospital Pulmonology Super Speciality Hospital,Coimbatore,Tier-2,Pulmonology,3.0,False,low,0.099,641008,11.148102,77.020455
1955,Royal Care Cardiology Super Speciality Hospital,Coimbatore,Tier-2,Cardiology,3.8,True,medium,0.406,641001,11.074611,76.907194
1956,Kovai Ophthalmology Super Speciality Hospital,Coimbatore,Tier-2,Ophthalmology,3.6,True,low,0.336,641002,11.119916,76.974348
1957,KMCH ENT Hospital,Coimbatore,Tier-2,ENT,3.9,True,medium,0.455,641002,11.095351,77.044619
1958,PSG Pediatrics Healthcare,Coimbatore,Tier-2,Pediatrics,3.4,False,low,0.084,641002,11.099647,76.961221
1959,Ganga Ophthalmology Medical Center,Coimbatore,Tier-2,Ophthalmology,4.6,False,high,0.938,641006,11.114427,76.985431
1960,Sri Ramakrishna Pediatrics Hospital,Coimbatore,Tier-2,Pediatrics,3.3,True,low,0.248,641006,11.008544,76.975626
1961,KG Hospital Cardiology Hospital,Coimbatore,Tier-2,Cardiology,3.6,True,low,0.24,641004,11.135145,77.069185
1962,Royal Care Pulmonology Healthcare,Coimbatore,Tier-2,Pulmonology,3.0,False,low,0.034,641002,11.062684,77.075051
1963,Kovai Cardiology Medical Center,Coimbatore,Tier-2,Cardiology,3.6,True,medium,0.624,641008,11.067223,76.900688
1964,KMCH Nephrology Super Speciality Hospital,Coimbatore,Tier-2,Nephrology,3.9,True,high,0.751,641008,11.01248,76.981979
1965,PSG Dermatology Healthcare,Coimbatore,Tier-2,Dermatology,3.9,False,medium,0.611,641006,11.091208,77.084928
1966,Ganga General Medicine Medical Center,Coimbatore,Tier-2,General Medicine,3.0,True,low,0.079,641008,11.022379,77.014803
1967,Sri Ramakrishna Orthopedics Super Speciality Hospital,Coimbatore,Tier-2,Orthopedics,3.1,False,low,0.191,641018,11.053647,76.930466
1968,KG Hospital Dermatology Institute,Coimbatore,Tier-2,Dermatology,3.9,False,medium,0.484,641002,10.999029,77.054326
1969,Royal Care Orthopedics Healthcare,Coimbatore,Tier-2,Orthopedics,4.6,True,high,0.863,641001,10.955178,76.931052
1970,Kovai Cardiology Super Speciality Hospital,Coimbatore,Tier-2,Cardiology,4.3,True,high,0.875,641004,11.09984,77.04125
1971,KMCH Ophthalmology Institute,Coimbatore,Tier-2,Ophthalmology,4.1,False,high,0.773,641018,11.100019,76.973693
1972,PSG Oncology Super Speciality Hospital,Coimbatore,Tier-2,Oncology,3.5,False,medium,0.423,641018,10.995425,76.946641
1973,Ganga ENT Medical Center,Coimbatore,Tier-2,ENT,3.6,True,medium,0.523,641002,11.01835,76.956287
1974,Sri Ramakrishna Cardiology Hospital,Coimbatore,Tier-2,Cardiology,3.9,True,medium,0.47,641001,11.092794,76.944798
1975,KG Hospital Orthopedics Institute,Coimbatore,Tier-2,Orthopedics,4.1,False,high,0.714,641008,11.091349,77.096453
1976,Royal Care Gynaecology Medical Center,Coimbatore,Tier-2,Gynaecology,4.3,True,high,0.782,641004,11.004014,77.085893
1977,Kovai ENT Clinic,Coimbatore,Tier-2,ENT,4.5,True,high,0.89,641006,10.996428,76.994603
1978,KMCH Gynaecology Institute,Coimbatore,Tier-2,Gynaecology,4.2,True,medium,0.596,641008,11.024788,76.950253
1979,PSG General Medicine Healthcare,Coimbatore,Tier-2,General Medicine,4.2,True,high,0.835,641001,11.044126,76.990787
1980,Ganga Urology Healthcare,Coimbatore,Tier-2,Urology,3.7,False,low,0.355,641001,11.067807,76.983698
1981,Amrita General Medicine Institute,Kochi,Tier-2,General Medicine,3.9,False,medium,0.497,682005,9.939143,76.256228
1982,Aster Medcity General Medicine Clinic,Kochi,Tier-2,General Medicine,3.4,False,low,0.335,682011,9.911979,76.200913
1983,VPS Lakeshore Dermatology Institute,Kochi,Tier-2,Dermatology,3.8,True,medium,0.634,682011,9.903148,76.257705
1984,Lisie Dermatology Hospital,Kochi,Tier-2,Dermatology,3.8,False,medium,0.648,682018,9.940258,76.34083
1985,Medical Trust Cardiology Healthcare,Kochi,Tier-2,Cardiology,3.7,False,medium,0.477,682003,10.009746,76.299476
1986,Lourdes Gynaecology Super Speciality Hospital,Kochi,Tier-2,Gynaecology,4.1,True,high,0.734,682011,9.924377,76.27962
1987,Renai Medicity Nephrology Super Speciality Hospital,Kochi,Tier-2,Nephrology,3.0,False,low,0.094,682011,9.990707,76.329624
1988,Rajagiri Ophthalmology Institute,Kochi,Tier-2,Ophthalmology,3.0,False,low,0.026,682001,9.960871,76.313694
1989,Amrita Oncology Medical Center,Kochi,Tier-2,Oncology,3.8,True,medium,0.471,682011,10.03683,76.238933
1990,Aster Medcity Orthopedics Super Speciality Hospital,Kochi,Tier-2,Orthopedics,3.7,False,medium,0.456,682002,10.026645,76.201997
1991,VPS Lakeshore General Medicine Institute,Kochi,Tier-2,General Medicine,4.4,True,high,0.811,682011,9.97201,76.217281
1992,Lisie Gynaecology Super Speciality Hospital,Kochi,Tier-2,Gynaecology,3.7,True,medium,0.498,682002,9.98736,76.332249
1993,Medical Trust Urology Medical Center,Kochi,Tier-2,Urology,3.0,False,low,0.049,682003,9.976665,76.236522
1994,Lourdes Ophthalmology Super Speciality Hospital,Kochi,Tier-2,Ophthalmology,4.3,True,high,0.997,682001,9.944583,76.248916
1995,Renai Medicity Pediatrics Institute,Kochi,Tier-2,Pediatrics,4.1,False,medium,0.659,682005,10.023664,76.317096
1996,Rajagiri Orthopedics Medical Center,Kochi,Tier-2,Orthopedics,4.5,True,high,0.861,682018,9.9206,76.258372
1997,Amrita Gynaecology Clinic,Kochi,Tier-2,Gynaecology,3.2,True,low,0.05,682001,9.947868,76.260695
1998,Aster Medcity Ophthalmology Institute,Kochi,Tier-2,Ophthalmology,3.7,True,medium,0.466,682003,10.006541,76.337329
1999,VPS Lakeshore Nephrology Hospital,Kochi,Tier-2,Nephrology,3.8,True,medium,0.432,682002,9.972199,76.274343
2000,Lisie Gynaecology Healthcare,Kochi,Tier-2,Gynaecology,3.1,False,low,0.229,682005,9.990386,76.20577
2001,Medical Trust Gastroenterology Medical Center,Kochi,Tier-2,Gastroenterology,4.3,True,high,0.723,682001,9.906685,76.284063
2002,Lourdes Urology Super Speciality Hospital,Kochi,Tier-2,Urology,4.3,False,medium,0.645,682003,9.999374,76.258585
2003,Renai Medicity Dermatology Institute,Kochi,Tier-2,Dermatology,3.7,True,medium,0.684,682002,9.934408,76.202257
2004,Rajagiri Dermatology Healthcare,Kochi,Tier-2,Dermatology,3.2,False,low,0.229,682018,9.920776,76.305761
2005,Amrita Gynaecology Clinic,Kochi,Tier-2,Gynaecology,4.5,True,high,0.899,682002,10.043131,76.332424
2006,Aster Medcity Ophthalmology Hospital,Kochi,Tier-2,Ophthalmology,4.6,True,high,0.979,682018,10.010632,76.256073
2007,VPS Lakeshore Urology Super Speciality Hospital,Kochi,Tier-2,Urology,4.6,True,high,0.926,682003,9.959599,76.207616
2008,Lisie Cardiology Hospital,Kochi,Tier-2,Cardiology,3.3,False,low,0.383,682018,9.914686,76.267602
2009,Medical Trust Ophthalmology Hospital,Kochi,Tier-2,Ophthalmology,3.9,True,medium,0.684,682001,9.990233,76.26595
2010,Lourdes Pediatrics Hospital,Kochi,Tier-2,Pediatrics,4.1,True,high,0.845,682011,9.958536,76.263475
2011,Renai Medicity Oncology Super Speciality Hospital,Kochi,Tier-2,Oncology,4.0,True,high,0.833,682018,10.001494,76.277557
2012,Rajagiri General Medicine Institute,Kochi,Tier-2,General Medicine,3.1,True,low,0.232,682011,9.932427,76.231158
2013,Amrita Ophthalmology Hospital,Kochi,Tier-2,Ophthalmology,4.7,True,high,0.975,682003,10.01532,76.242159
2014,Aster Medcity Gynaecology Clinic,Kochi,Tier-2,Gynaecology,4.3,False,medium,0.675,682005,9.987387,76.276712
2015,VPS Lakeshore Psychiatry Institute,Kochi,Tier-2,Psychiatry,3.0,False,low,0.013,682018,10.045996,76.230643
2016,Lisie Orthopedics Hospital,Kochi,Tier-2,Orthopedics,3.1,False,low,0.02,682011,9.939872,76.318189
2017,Medical Trust Pediatrics Super Speciality Hospital,Kochi,Tier-2,Pediatrics,3.2,False,low,0.135,682018,9.959125,76.26885
2018,Lourdes Cardiology Medical Center,Kochi,Tier-2,Cardiology,3.7,True,medium,0.402,682018,10.028335,76.315007
2019,Renai Medicity Urology Healthcare,Kochi,Tier-2,Urology,3.4,True,low,0.092,682005,9.990537,76.219089
2020,Rajagiri Orthopedics Medical Center,Kochi,Tier-2,Orthopedics,4.2,True,high,0.967,682001,9.927079,76.285533
2021,Amrita General Medicine Institute,Kochi,Tier-2,General Medicine,3.3,False,low,0.29,682018,9.958108,76.27658
2022,Aster Medcity Urology Medical Center,Kochi,Tier-2,Urology,3.4,True,low,0.323,682011,9.963794,76.327948
2023,VPS Lakeshore Ophthalmology Hospital,Kochi,Tier-2,Ophthalmology,3.3,True,low,0.355,682002,9.906224,76.335768
2024,Lisie Psychiatry Clinic,Kochi,Tier-2,Psychiatry,4.4,True,high,0.957,682005,9.902666,76.220575
2025,Medical Trust Orthopedics Clinic,Kochi,Tier-2,Orthopedics,3.9,True,medium,0.468,682003,9.979363,76.311186
2026,Lourdes Gastroenterology Healthcare,Kochi,Tier-2,Gastroenterology,4.0,True,high,0.783,682011,10.048218,76.217817
2027,Renai Medicity Cardiology Clinic,Kochi,Tier-2,Cardiology,3.5,False,low,0.218,682018,9.944195,76.341374
2028,Rajagiri Pediatrics Super Speciality Hospital,Kochi,Tier-2,Pediatrics,3.0,False,low,0.104,682018,9.904485,76.287543
2029,Amrita ENT Super Speciality Hospital,Kochi,Tier-2,ENT,3.1,True,low,0.131,682003,10.03932,76.281871
2030,Aster Medcity Pediatrics Clinic,Kochi,Tier-2,Pediatrics,4.2,True,high,0.976,682001,9.945568,76.232323
2031,VPS Lakeshore Dermatology Clinic,Kochi,Tier-2,Dermatology,3.6,True,medium,0.534,682005,10.022888,76.304927
2032,Lisie Gynaecology Hospital,Kochi,Tier-2,Gynaecology,4.0,True,medium,0.598,682018,10.03997,76.26702
2033,Medical Trust Ophthalmology Medical Center,Kochi,Tier-2,Ophthalmology,4.1,True,medium,0.659,682001,10.028942,76.297436
2034,Lourdes ENT Healthcare,Kochi,Tier-2,ENT,4.5,True,high,0.876,682001,10.042787,76.29361
2035,Renai Medicity Ophthalmology Institute,Kochi,Tier-2,Ophthalmology,4.0,False,medium,0.646,682005,10.049474,76.295179
2036,Rajagiri Cardiology Medical Center,Kochi,Tier-2,Cardiology,3.4,False,low,0.272,682002,10.002646,76.238921
2037,Amrita Pediatrics Hospital,Kochi,Tier-2,Pediatrics,4.5,True,high,0.914,682001,9.97489,76.288201
2038,Aster Medcity Pulmonology Institute,Kochi,Tier-2,Pulmonology,3.9,True,high,0.79,682005,9.990382,76.249788
2039,VPS Lakeshore Ophthalmology Healthcare,Kochi,Tier-2,Ophthalmology,3.7,True,medium,0.478,682001,9.917273,76.275701
2040,Lisie Orthopedics Super Speciality Hospital,Kochi,Tier-2,Orthopedics,4.2,True,high,0.755,682003,9.919095,76.287946
2041,Medical Trust Orthopedics Medical Center,Kochi,Tier-2,Orthopedics,3.4,False,medium,0.403,682011,9.924804,76.206274
2042,Lourdes General Medicine Institute,Kochi,Tier-2,General Medicine,4.3,True,medium,0.678,682011,10.024092,76.217745
2043,Renai Medicity Pediatrics Medical Center,Kochi,Tier-2,Pediatrics,3.6,False,low,0.389,682011,10.041494,76.200556
2044,Rajagiri ENT Healthcare,Kochi,Tier-2,ENT,4.3,True,high,0.975,682018,10.035117,76.302352
2045,Amrita Psychiatry Healthcare,Kochi,Tier-2,Psychiatry,4.2,True,high,0.939,682018,9.918672,76.326085
2046,Aster Medcity ENT Super Speciality Hospital,Kochi,Tier-2,ENT,4.4,True,high,0.98,682002,9.954765,76.329346
2047,VPS Lakeshore Ophthalmology Clinic,Kochi,Tier-2,Ophthalmology,3.5,True,medium,0.51,682002,10.029145,76.328821
2048,Lisie Cardiology Healthcare,Kochi,Tier-2,Cardiology,3.8,True,medium,0.553,682011,9.980783,76.213518
2049,Medical Trust Pediatrics Healthcare,Kochi,Tier-2,Pediatrics,3.5,True,medium,0.456,682001,10.041351,76.201543
2050,Lourdes Cardiology Clinic,Kochi,Tier-2,Cardiology,4.5,True,high,0.834,682003,9.926119,76.299175
2051,Renai Medicity Dermatology Clinic,Kochi,Tier-2,Dermatology,3.8,False,low,0.346,682001,9.955161,76.340058
2052,Rajagiri General Medicine Medical Center,Kochi,Tier-2,General Medicine,3.6,True,medium,0.519,682005,9.990775,76.318876
2053,Amrita Pediatrics Medical Center,Kochi,Tier-2,Pediatrics,4.4,True,high,0.763,682003,9.94708,76.320258
2054,Aster Medcity Orthopedics Hospital,Kochi,Tier-2,Orthopedics,4.3,False,medium,0.678,682005,9.985621,76.335039
2055,VPS Lakeshore General Medicine Hospital,Kochi,Tier-2,General Medicine,4.2,True,medium,0.632,682005,9.956531,76.34406
2056,Lisie Neurology Medical Center,Kochi,Tier-2,Neurology,4.0,False,medium,0.567,682002,9.94121,76.309877
2057,Medical Trust Cardiology Medical Center,Kochi,Tier-2,Cardiology,3.0,False,low,0.166,682003,9.953933,76.332263
2058,Lourdes General Medicine Hospital,Kochi,Tier-2,General Medicine,3.8,False,medium,0.516,682002,9.903645,76.317717
2059,Renai Medicity Psychiatry Super Speciality Hospital,Kochi,Tier-2,Psychiatry,4.1,False,medium,0.605,682002,10.036945,76.282099
2060,Rajagiri Orthopedics Medical Center,Kochi,Tier-2,Orthopedics,4.2,False,high,0.848,682002,9.902598,76.258446
2061,Sukhna General Medicine Hospital,Chandigarh,Tier-2,General Medicine,3.5,False,low,0.121,160019,30.752848,76.809199
2062,Chinar Pediatrics Institute,Chandigarh,Tier-2,Pediatrics,3.5,False,medium,0.547,160001,30.748655,76.766457
2063,Shivalik General Medicine Medical Center,Chandigarh,Tier-2,General Medicine,4.4,True,high,0.718,160017,30.724768,76.749671
2064,Mukat Gynaecology Institute,Chandigarh,Tier-2,Gynaecology,3.3,False,low,0.177,160017,30.666639,76.705082
2065,Eden Urology Super Speciality Hospital,Chandigarh,Tier-2,Urology,4.2,True,high,0.917,160002,30.717374,76.796487
2066,Landmark Pediatrics Hospital,Chandigarh,Tier-2,Pediatrics,3.3,False,low,0.286,160002,30.799137,76.762787
2067,Alchemist Pediatrics Hospital,Chandigarh,Tier-2,Pediatrics,3.7,True,medium,0.457,160001,30.840185,76.770433
2068,Grecian Orthopedics Institute,Chandigarh,Tier-2,Orthopedics,3.5,True,medium,0.504,160018,30.691831,76.773097
2069,Guru Sagar Cardiology Medical Center,Chandigarh,Tier-2,Cardiology,3.4,False,low,0.089,160018,30.685836,76.716244
2070,Sukhna Gynaecology Clinic,Chandigarh,Tier-2,Gynaecology,3.0,True,low,0.045,160002,30.774278,76.781335
2071,Chinar Gastroenterology Super Speciality Hospital,Chandigarh,Tier-2,Gastroenterology,4.2,True,high,0.958,160017,30.74286,76.822538
2072,Shivalik Nephrology Medical Center,Chandigarh,Tier-2,Nephrology,3.3,False,low,0.338,160017,30.692705,76.723929
2073,Mukat Neurology Hospital,Chandigarh,Tier-2,Neurology,4.0,True,high,0.708,160017,30.653003,76.740149
2074,Eden ENT Clinic,Chandigarh,Tier-2,ENT,4.2,True,high,0.998,160002,30.7607,76.741243
2075,Landmark Cardiology Institute,Chandigarh,Tier-2,Cardiology,3.3,False,low,0.095,160003,30.838685,76.746768
2076,Alchemist Orthopedics Clinic,Chandigarh,Tier-2,Orthopedics,3.5,False,low,0.192,160017,30.786795,76.741075
2077,Grecian Psychiatry Super Speciality Hospital,Chandigarh,Tier-2,Psychiatry,3.3,False,low,0.276,160003,30.731448,76.789147
2078,Guru Sagar Nephrology Clinic,Chandigarh,Tier-2,Nephrology,4.1,True,medium,0.565,160019,30.651408,76.845197
2079,Sukhna Urology Hospital,Chandigarh,Tier-2,Urology,3.2,False,low,0.017,160017,30.788537,76.784569
2080,Chinar Gastroenterology Medical Center,Chandigarh,Tier-2,Gastroenterology,3.4,False,low,0.241,160001,30.801651,76.825721
2081,Shivalik General Medicine Super Speciality Hospital,Chandigarh,Tier-2,General Medicine,3.8,False,medium,0.522,160019,30.696079,76.765197
2082,Mukat Gynaecology Super Speciality Hospital,Chandigarh,Tier-2,Gynaecology,3.3,True,low,0.333,160019,30.658921,76.848689
2083,Eden Oncology Medical Center,Chandigarh,Tier-2,Oncology,3.3,True,low,0.206,160002,30.73164,76.733944
2084,Landmark Neurology Hospital,Chandigarh,Tier-2,Neurology,3.6,False,medium,0.536,160002,30.812207,76.780428
2085,Alchemist Urology Clinic,Chandigarh,Tier-2,Urology,3.3,False,low,0.33,160003,30.696535,76.83825
2086,Grecian Orthopedics Healthcare,Chandigarh,Tier-2,Orthopedics,3.7,False,medium,0.607,160018,30.652426,76.749046
2087,Guru Sagar Ophthalmology Hospital,Chandigarh,Tier-2,Ophthalmology,4.3,True,high,0.716,160017,30.794166,76.746461
2088,Sukhna Oncology Medical Center,Chandigarh,Tier-2,Oncology,3.0,True,low,0.03,160018,30.650901,76.831057
2089,Chinar Orthopedics Institute,Chandigarh,Tier-2,Orthopedics,4.2,False,high,0.892,160018,30.709644,76.782115
2090,Shivalik Oncology Healthcare,Chandigarh,Tier-2,Oncology,4.1,True,medium,0.511,160017,30.663019,76.829455
2091,Mukat Orthopedics Hospital,Chandigarh,Tier-2,Orthopedics,4.1,True,high,0.808,160018,30.824726,76.831673
2092,Eden ENT Medical Center,Chandigarh,Tier-2,ENT,4.3,False,high,0.824,160018,30.812696,76.723454
2093,Landmark Orthopedics Medical Center,Chandigarh,Tier-2,Orthopedics,4.1,False,medium,0.561,160001,30.685693,76.841483
2094,Alchemist Cardiology Super Speciality Hospital,Chandigarh,Tier-2,Cardiology,3.9,False,medium,0.613,160003,30.683314,76.779153
2095,Grecian Pediatrics Super Speciality Hospital,Chandigarh,Tier-2,Pediatrics,3.8,False,low,0.361,160019,30.816133,76.756972
2096,Guru Sagar Pediatrics Hospital,Chandigarh,Tier-2,Pediatrics,4.5,True,high,0.978,160001,30.828586,76.701193
2097,Sukhna Psychiatry Clinic,Chandigarh,Tier-2,Psychiatry,3.5,True,medium,0.407,160001,30.83696,76.813325
2098,Chinar Oncology Super Speciality Hospital,Chandigarh,Tier-2,Oncology,3.8,True,medium,0.678,160019,30.836638,76.767474
2099,Shivalik Gynaecology Clinic,Chandigarh,Tier-2,Gynaecology,4.3,True,high,0.883,160001,30.844382,76.737372
2100,Mukat Dermatology Clinic,Chandigarh,Tier-2,Dermatology,3.8,True,medium,0.488,160002,30.758945,76.790621
2101,Eden Neurology Hospital,Chandigarh,Tier-2,Neurology,4.0,True,medium,0.655,160001,30.726569,76.818829
2102,Landmark Cardiology Medical Center,Chandigarh,Tier-2,Cardiology,4.4,True,high,0.888,160018,30.651563,76.824856
2103,Alchemist Ophthalmology Clinic,Chandigarh,Tier-2,Ophthalmology,4.2,True,medium,0.668,160002,30.7698,76.767213
2104,Grecian Pulmonology Medical Center,Chandigarh,Tier-2,Pulmonology,4.2,False,medium,0.638,160003,30.663071,76.822103
2105,Guru Sagar Urology Institute,Chandigarh,Tier-2,Urology,4.3,True,high,0.9,160017,30.708847,76.760809
2106,Sukhna Oncology Hospital,Chandigarh,Tier-2,Oncology,3.7,False,medium,0.556,160019,30.796499,76.814566
2107,Chinar General Medicine Hospital,Chandigarh,Tier-2,General Medicine,4.4,True,high,0.876,160019,30.735867,76.76658
2108,Shivalik Gynaecology Medical Center,Chandigarh,Tier-2,Gynaecology,3.5,True,medium,0.506,160002,30.726151,76.738734
2109,Mukat Oncology Institute,Chandigarh,Tier-2,Oncology,3.7,True,medium,0.594,160003,30.75902,76.769753
2110,Eden General Medicine Clinic,Chandigarh,Tier-2,General Medicine,3.7,False,medium,0.452,160018,30.805493,76.755545
2111,Landmark Ophthalmology Hospital,Chandigarh,Tier-2,Ophthalmology,3.1,False,low,0.14,160001,30.660065,76.773749
2112,Alchemist Cardiology Super Speciality Hospital,Chandigarh,Tier-2,Cardiology,4.2,True,medium,0.625,160017,30.783771,76.831729
2113,Grecian Neurology Institute,Chandigarh,Tier-2,Neurology,3.7,False,medium,0.539,160002,30.675986,76.816558
2114,Guru Sagar General Medicine Institute,Chandigarh,Tier-2,General Medicine,4.5,True,high,0.809,160001,30.848246,76.734345
2115,Sukhna Ophthalmology Healthcare,Chandigarh,Tier-2,Ophthalmology,3.8,True,high,0.73,160001,30.714601,76.828341
2116,Chinar Gynaecology Institute,Chandigarh,Tier-2,Gynaecology,3.1,False,low,0.106,160002,30.654432,76.700156
2117,Shivalik Neurology Super Speciality Hospital,Chandigarh,Tier-2,Neurology,3.2,False,low,0.009,160003,30.736256,76.760337
2118,Mukat General Medicine Medical Center,Chandigarh,Tier-2,General Medicine,3.8,False,medium,0.615,160002,30.767598,76.820089
2119,Eden General Medicine Clinic,Chandigarh,Tier-2,General Medicine,3.7,False,medium,0.434,160003,30.840174,76.834169
2120,Landmark Nephrology Hospital,Chandigarh,Tier-2,Nephrology,4.4,True,high,0.843,160001,30.823286,76.833352
2121,Alchemist Cardiology Healthcare,Chandigarh,Tier-2,Cardiology,3.7,False,medium,0.434,160003,30.716799,76.720952
2122,Grecian Nephrology Super Speciality Hospital,Chandigarh,Tier-2,Nephrology,4.6,True,high,0.976,160001,30.823975,76.818298
2123,Guru Sagar Dermatology Institute,Chandigarh,Tier-2,Dermatology,3.2,False,low,0.254,160018,30.691336,76.768595
2124,Sukhna Gastroenterology Healthcare,Chandigarh,Tier-2,Gastroenterology,3.6,False,medium,0.474,160019,30.848888,76.702574
2125,Chinar Orthopedics Clinic,Chandigarh,Tier-2,Orthopedics,4.0,True,high,0.75,160019,30.737381,76.78805
2126,Shivalik ENT Institute,Chandigarh,Tier-2,ENT,3.3,False,low,0.305,160018,30.660689,76.738955
2127,Mukat ENT Institute,Chandigarh,Tier-2,ENT,4.7,True,high,0.975,160001,30.76013,76.756847
2128,Eden Nephrology Super Speciality Hospital,Chandigarh,Tier-2,Nephrology,3.3,False,low,0.386,160001,30.83682,76.846486
2129,Landmark Cardiology Super Speciality Hospital,Chandigarh,Tier-2,Cardiology,3.9,False,medium,0.44,160017,30.66828,76.839262
2130,Alchemist Cardiology Clinic,Chandigarh,Tier-2,Cardiology,3.4,True,low,0.3,160018,30.72361,76.714433
2131,Grecian ENT Super Speciality Hospital,Chandigarh,Tier-2,ENT,3.7,True,low,0.301,160003,30.746117,76.720562
2132,Guru Sagar Pediatrics Super Speciality Hospital,Chandigarh,Tier-2,Pediatrics,4.3,True,high,0.846,160001,30.806649,76.707975
2133,Sukhna Cardiology Super Speciality Hospital,Chandigarh,Tier-2,Cardiology,3.0,False,low,0.072,160018,30.74427,76.835399
2134,Chinar Cardiology Hospital,Chandigarh,Tier-2,Cardiology,4.7,True,high,0.958,160018,30.764333,76.780767
2135,Shivalik Gastroenterology Hospital,Chandigarh,Tier-2,Gastroenterology,4.0,True,medium,0.635,160001,30.780813,76.789666
2136,Mukat Ophthalmology Super Speciality Hospital,Chandigarh,Tier-2,Ophthalmology,3.1,False,low,0.206,160002,30.68414,76.761568
2137,Eden Cardiology Clinic,Chandigarh,Tier-2,Cardiology,3.4,False,medium,0.473,160001,30.681351,76.846232
2138,Landmark General Medicine Clinic,Chandigarh,Tier-2,General Medicine,3.8,True,medium,0.617,160018,30.732848,76.80039
2139,Alchemist General Medicine Hospital,Chandigarh,Tier-2,General Medicine,3.7,False,medium,0.634,160019,30.65075,76.738579
2140,Grecian Nephrology Super Speciality Hospital,Chandigarh,Tier-2,Nephrology,4.5,True,high,0.806,160019,30.719699,76.833789
2141,GNRC Oncology Medical Center,Guwahati,Tier-2,Oncology,4.0,False,medium,0.549,781005,26.123519,91.8132
2142,Down Town Pediatrics Super Speciality Hospital,Guwahati,Tier-2,Pediatrics,3.4,False,medium,0.434,781005,26.148504,91.749896
2143,Nemcare Gastroenterology Super Speciality Hospital,Guwahati,Tier-2,Gastroenterology,3.9,True,medium,0.604,781006,26.166501,91.746533
2144,Excelcare Oncology Institute,Guwahati,Tier-2,Oncology,3.6,False,medium,0.474,781006,26.131085,91.824949
2145,Hayat Ophthalmology Super Speciality Hospital,Guwahati,Tier-2,Ophthalmology,3.2,False,low,0.275,781001,26.209892,91.833477
2146,Ayursundra Cardiology Medical Center,Guwahati,Tier-2,Cardiology,4.3,True,high,0.773,781005,26.161439,91.817714
2147,Brahmaputra Gastroenterology Clinic,Guwahati,Tier-2,Gastroenterology,4.5,True,high,0.891,781006,26.146724,91.78629
2148,Kamakhya Gastroenterology Super Speciality Hospital,Guwahati,Tier-2,Gastroenterology,4.1,True,high,0.822,781008,26.248131,91.841107
2149,GNRC Urology Clinic,Guwahati,Tier-2,Urology,3.4,False,medium,0.415,781006,26.125225,91.7861
2150,Down Town ENT Medical Center,Guwahati,Tier-2,ENT,3.9,True,medium,0.471,781001,26.172343,91.725153
2151,Nemcare Gynaecology Healthcare,Guwahati,Tier-2,Gynaecology,3.7,False,medium,0.446,781003,26.190987,91.785323
2152,Excelcare Cardiology Hospital,Guwahati,Tier-2,Cardiology,3.1,False,low,0.176,781008,26.248454,91.809061
2153,Hayat Gynaecology Super Speciality Hospital,Guwahati,Tier-2,Gynaecology,4.0,False,medium,0.633,781002,26.148403,91.700705
2154,Ayursundra Pediatrics Super Speciality Hospital,Guwahati,Tier-2,Pediatrics,3.2,False,low,0.242,781005,26.109135,91.730431
2155,Brahmaputra Gastroenterology Medical Center,Guwahati,Tier-2,Gastroenterology,3.4,False,low,0.182,781002,26.18908,91.724728
2156,Kamakhya Gynaecology Institute,Guwahati,Tier-2,Gynaecology,4.2,True,high,0.893,781001,26.200809,91.810098
2157,GNRC Cardiology Healthcare,Guwahati,Tier-2,Cardiology,4.4,True,high,0.797,781003,26.22204,91.775635
2158,Down Town Ophthalmology Healthcare,Guwahati,Tier-2,Ophthalmology,4.2,True,high,0.839,781008,26.156632,91.834722
2159,Nemcare Oncology Clinic,Guwahati,Tier-2,Oncology,3.6,False,low,0.251,781008,26.228171,91.730021
2160,Excelcare Gastroenterology Super Speciality Hospital,Guwahati,Tier-2,Gastroenterology,3.9,False,medium,0.65,781006,26.122591,91.770562
2161,Hayat Cardiology Institute,Guwahati,Tier-2,Cardiology,4.0,True,medium,0.667,781001,26.147184,91.813974
2162,Ayursundra Ophthalmology Clinic,Guwahati,Tier-2,Ophthalmology,3.9,True,medium,0.659,781002,26.244014,91.741502
2163,Brahmaputra Cardiology Healthcare,Guwahati,Tier-2,Cardiology,4.2,True,high,0.844,781001,26.236729,91.715669
2164,Kamakhya Cardiology Hospital,Guwahati,Tier-2,Cardiology,3.0,False,low,0.127,781006,26.218861,91.795782
2165,GNRC Ophthalmology Super Speciality Hospital,Guwahati,Tier-2,Ophthalmology,3.7,True,medium,0.494,781001,26.124084,91.726974
2166,Down Town Pulmonology Super Speciality Hospital,Guwahati,Tier-2,Pulmonology,4.6,True,high,0.843,781003,26.11312,91.781449
2167,Nemcare Pediatrics Medical Center,Guwahati,Tier-2,Pediatrics,4.0,True,high,0.832,781001,26.104877,91.823007
2168,Excelcare Gynaecology Clinic,Guwahati,Tier-2,Gynaecology,4.2,True,high,0.836,781006,26.105966,91.73004
2169,Hayat Oncology Healthcare,Guwahati,Tier-2,Oncology,3.3,True,low,0.362,781008,26.167531,91.7392
2170,Ayursundra Cardiology Healthcare,Guwahati,Tier-2,Cardiology,3.8,True,high,0.716,781005,26.220932,91.80836
2171,Brahmaputra Cardiology Healthcare,Guwahati,Tier-2,Cardiology,3.8,True,medium,0.639,781002,26.174138,91.78414
2172,Kamakhya Neurology Clinic,Guwahati,Tier-2,Neurology,3.7,False,low,0.383,781001,26.219196,91.84647
2173,GNRC Pulmonology Healthcare,Guwahati,Tier-2,Pulmonology,4.3,False,medium,0.651,781002,26.226325,91.837754
2174,Down Town Cardiology Medical Center,Guwahati,Tier-2,Cardiology,4.1,False,medium,0.586,781006,26.211497,91.817882
2175,Nemcare Neurology Super Speciality Hospital,Guwahati,Tier-2,Neurology,3.9,True,medium,0.436,781008,26.122384,91.837984
2176,Excelcare General Medicine Clinic,Guwahati,Tier-2,General Medicine,3.9,True,medium,0.674,781002,26.117715,91.819223
2177,Hayat Gastroenterology Medical Center,Guwahati,Tier-2,Gastroenterology,4.0,False,medium,0.639,781001,26.131202,91.734257
2178,Ayursundra Orthopedics Hospital,Guwahati,Tier-2,Orthopedics,3.7,True,medium,0.567,781006,26.236699,91.77326
2179,Brahmaputra Orthopedics Hospital,Guwahati,Tier-2,Orthopedics,4.5,True,high,0.854,781008,26.220643,91.799058
2180,Kamakhya General Medicine Super Speciality Hospital,Guwahati,Tier-2,General Medicine,3.6,False,low,0.293,781005,26.126111,91.732657
2181,GNRC Psychiatry Hospital,Guwahati,Tier-2,Psychiatry,4.5,True,high,0.966,781003,26.12274,91.706985
2182,Down Town Pulmonology Clinic,Guwahati,Tier-2,Pulmonology,4.3,True,high,0.855,781006,26.107876,91.783864
2183,Nemcare Pediatrics Healthcare,Guwahati,Tier-2,Pediatrics,4.3,True,high,0.7,781001,26.187904,91.845877
2184,Excelcare Orthopedics Hospital,Guwahati,Tier-2,Orthopedics,3.8,True,medium,0.635,781001,26.122838,91.757479
2185,Hayat Orthopedics Institute,Guwahati,Tier-2,Orthopedics,3.8,True,medium,0.43,781005,26.22068,91.771531
2186,Ayursundra General Medicine Super Speciality Hospital,Guwahati,Tier-2,General Medicine,3.6,False,low,0.287,781008,26.159549,91.765682
2187,Brahmaputra Ophthalmology Institute,Guwahati,Tier-2,Ophthalmology,3.5,False,low,0.122,781003,26.249024,91.762725
2188,Kamakhya Neurology Clinic,Guwahati,Tier-2,Neurology,4.1,True,high,0.716,781006,26.126403,91.704729
2189,GNRC Gastroenterology Clinic,Guwahati,Tier-2,Gastroenterology,4.2,True,medium,0.632,781002,26.138324,91.77322
2190,Down Town Gynaecology Institute,Guwahati,Tier-2,Gynaecology,3.7,True,medium,0.683,781008,26.138166,91.78909
2191,Nemcare ENT Institute,Guwahati,Tier-2,ENT,3.2,False,low,0.284,781008,26.135292,91.780202
2192,Excelcare Orthopedics Medical Center,Guwahati,Tier-2,Orthopedics,4.3,True,high,0.973,781003,26.145675,91.722931
2193,Hayat Pulmonology Hospital,Guwahati,Tier-2,Pulmonology,4.2,True,high,0.761,781003,26.222607,91.718899
2194,Ayursundra Ophthalmology Healthcare,Guwahati,Tier-2,Ophthalmology,3.9,True,medium,0.631,781002,26.183046,91.798512
2195,Brahmaputra Pediatrics Clinic,Guwahati,Tier-2,Pediatrics,4.3,True,medium,0.683,781003,26.107586,91.725794
2196,Kamakhya Cardiology Clinic,Guwahati,Tier-2,Cardiology,3.9,False,medium,0.662,781005,26.211696,91.703853
2197,GNRC Pediatrics Hospital,Guwahati,Tier-2,Pediatrics,3.5,True,medium,0.509,781006,26.210909,91.705963
2198,Down Town Dermatology Institute,Guwahati,Tier-2,Dermatology,3.4,True,medium,0.41,781002,26.176352,91.84331
2199,Nemcare ENT Healthcare,Guwahati,Tier-2,ENT,3.3,False,low,0.354,781006,26.195707,91.706993
2200,Excelcare Gastroenterology Super Speciality Hospital,Guwahati,Tier-2,Gastroenterology,3.7,True,medium,0.632,781005,26.120733,91.75738
2201,Hayat Gynaecology Hospital,Guwahati,Tier-2,Gynaecology,3.3,True,low,0.254,781008,26.180942,91.764202
2202,Ayursundra Orthopedics Super Speciality Hospital,Guwahati,Tier-2,Orthopedics,4.2,True,high,0.908,781005,26.243931,91.727904
2203,Brahmaputra Pediatrics Clinic,Guwahati,Tier-2,Pediatrics,4.4,True,high,0.885,781008,26.128937,91.786967
2204,Kamakhya Cardiology Hospital,Guwahati,Tier-2,Cardiology,4.5,True,high,0.995,781001,26.195545,91.747751
2205,GNRC Gynaecology Hospital,Guwahati,Tier-2,Gynaecology,3.8,True,medium,0.562,781005,26.168736,91.721239
2206,Down Town Cardiology Clinic,Guwahati,Tier-2,Cardiology,3.2,False,low,0.218,781002,26.192096,91.780301
2207,Nemcare Pediatrics Clinic,Guwahati,Tier-2,Pediatrics,3.9,True,medium,0.457,781001,26.162163,91.744067
2208,Excelcare ENT Institute,Guwahati,Tier-2,ENT,3.2,False,low,0.037,781001,26.10777,91.72159
2209,Hayat Psychiatry Hospital,Guwahati,Tier-2,Psychiatry,3.4,True,low,0.038,781008,26.158768,91.767303
2210,Ayursundra ENT Institute,Guwahati,Tier-2,ENT,3.2,False,low,0.106,781003,26.130558,91.825846
2211,Brahmaputra Dermatology Clinic,Guwahati,Tier-2,Dermatology,3.9,True,medium,0.684,781002,26.220431,91.750219
2212,Kamakhya Gastroenterology Institute,Guwahati,Tier-2,Gastroenterology,3.8,True,medium,0.564,781006,26.220514,91.775343
2213,GNRC Cardiology Institute,Guwahati,Tier-2,Cardiology,4.5,True,high,0.898,781001,26.161036,91.715404
2214,Down Town Pediatrics Clinic,Guwahati,Tier-2,Pediatrics,3.2,False,low,0.236,781006,26.174353,91.799816
2215,Nemcare Dermatology Medical Center,Guwahati,Tier-2,Dermatology,3.0,False,low,0.092,781002,26.161343,91.754678
2216,Excelcare Gastroenterology Medical Center,Guwahati,Tier-2,Gastroenterology,3.9,True,high,0.75,781008,26.136187,91.818251
2217,Hayat Dermatology Institute,Guwahati,Tier-2,Dermatology,4.5,True,high,0.96,781008,26.186649,91.801159
2218,Ayursundra Ophthalmology Hospital,Guwahati,Tier-2,Ophthalmology,3.9,True,high,0.768,781001,26.211358,91.830895
2219,Brahmaputra Cardiology Institute,Guwahati,Tier-2,Cardiology,3.4,False,low,0.062,781002,26.220743,91.730631
2220,Kamakhya Dermatology Clinic,Guwahati,Tier-2,Dermatology,4.2,True,high,0.839,781003,26.216184,91.703923
2221,Orchid Psychiatry Clinic,Ranchi,Tier-2,Psychiatry,3.8,False,medium,0.591,834005,23.446404,85.348074
2222,Samford Psychiatry Super Speciality Hospital,Ranchi,Tier-2,Psychiatry,3.9,True,medium,0.452,834001,23.343721,85.30319
2223,Bhagwan Mahavir Neurology Medical Center,Ranchi,Tier-2,Neurology,3.2,False,low,0.089,834005,23.425437,85.333398
2224,Alam Ophthalmology Hospital,Ranchi,Tier-2,Ophthalmology,3.3,False,low,0.032,834004,23.334992,85.329822
2225,Guru Nanak Oncology Medical Center,Ranchi,Tier-2,Oncology,3.4,True,medium,0.41,834003,23.382096,85.283788
2226,Chotanagpur Dermatology Institute,Ranchi,Tier-2,Dermatology,3.8,True,high,0.728,834006,23.443654,85.293515
2227,Birsa Munda Cardiology Medical Center,Ranchi,Tier-2,Cardiology,3.6,False,medium,0.6,834006,23.410411,85.336006
2228,Orchid Pediatrics Institute,Ranchi,Tier-2,Pediatrics,4.7,False,high,0.963,834005,23.333953,85.392231
2229,Samford Dermatology Institute,Ranchi,Tier-2,Dermatology,3.4,False,low,0.278,834003,23.319627,85.272841
2230,Bhagwan Mahavir Pediatrics Hospital,Ranchi,Tier-2,Pediatrics,3.5,True,medium,0.412,834002,23.318074,85.283016
2231,Alam Neurology Healthcare,Ranchi,Tier-2,Neurology,4.2,False,medium,0.611,834003,23.371169,85.360814
2232,Guru Nanak Pediatrics Healthcare,Ranchi,Tier-2,Pediatrics,3.4,False,low,0.11,834002,23.387364,85.294202
2233,Chotanagpur Pediatrics Hospital,Ranchi,Tier-2,Pediatrics,3.4,False,low,0.306,834005,23.390827,85.370511
2234,Birsa Munda General Medicine Super Speciality Hospital,Ranchi,Tier-2,General Medicine,4.5,True,high,0.804,834001,23.309633,85.303943
2235,Orchid Urology Institute,Ranchi,Tier-2,Urology,4.0,False,medium,0.591,834005,23.328226,85.274402
2236,Samford Psychiatry Clinic,Ranchi,Tier-2,Psychiatry,4.1,True,high,0.773,834006,23.449049,85.395602
2237,Bhagwan Mahavir Gynaecology Healthcare,Ranchi,Tier-2,Gynaecology,3.6,True,medium,0.583,834001,23.338606,85.303383
2238,Alam Orthopedics Super Speciality Hospital,Ranchi,Tier-2,Orthopedics,3.9,True,medium,0.56,834001,23.441516,85.26496
2239,Guru Nanak Cardiology Healthcare,Ranchi,Tier-2,Cardiology,3.0,False,low,0.029,834002,23.328326,85.359515
2240,Chotanagpur Cardiology Medical Center,Ranchi,Tier-2,Cardiology,4.4,True,high,0.984,834003,23.423791,85.385453
2241,Birsa Munda Gynaecology Super Speciality Hospital,Ranchi,Tier-2,Gynaecology,3.0,True,low,0.139,834004,23.39615,85.289198
2242,Orchid Gynaecology Medical Center,Ranchi,Tier-2,Gynaecology,3.5,False,medium,0.537,834003,23.351118,85.261186
2243,Samford Cardiology Healthcare,Ranchi,Tier-2,Cardiology,3.6,False,medium,0.497,834003,23.32374,85.359472
2244,Bhagwan Mahavir Gastroenterology Hospital,Ranchi,Tier-2,Gastroenterology,3.4,False,low,0.172,834003,23.401371,85.364717
2245,Alam Neurology Healthcare,Ranchi,Tier-2,Neurology,4.1,True,high,0.749,834003,23.342216,85.277858
2246,Guru Nanak Pediatrics Clinic,Ranchi,Tier-2,Pediatrics,4.4,True,high,0.849,834004,23.378166,85.317528
2247,Chotanagpur Pediatrics Clinic,Ranchi,Tier-2,Pediatrics,4.1,True,high,0.722,834001,23.443005,85.345588
2248,Birsa Munda Gastroenterology Institute,Ranchi,Tier-2,Gastroenterology,3.9,False,medium,0.55,834005,23.426234,85.383435
2249,Orchid Pulmonology Medical Center,Ranchi,Tier-2,Pulmonology,3.5,True,medium,0.435,834002,23.345354,85.298866
2250,Samford Gynaecology Medical Center,Ranchi,Tier-2,Gynaecology,4.1,True,medium,0.647,834004,23.403918,85.261217
2251,Bhagwan Mahavir Gastroenterology Medical Center,Ranchi,Tier-2,Gastroenterology,4.6,False,high,0.979,834003,23.304444,85.269254
2252,Alam Gynaecology Clinic,Ranchi,Tier-2,Gynaecology,4.4,True,high,0.771,834001,23.43576,85.397714
2253,Guru Nanak Orthopedics Super Speciality Hospital,Ranchi,Tier-2,Orthopedics,3.0,True,low,0.07,834004,23.335436,85.310098
2254,Chotanagpur Neurology Medical Center,Ranchi,Tier-2,Neurology,3.3,False,low,0.373,834006,23.38282,85.326669
2255,Birsa Munda Dermatology Clinic,Ranchi,Tier-2,Dermatology,3.6,True,medium,0.604,834002,23.427527,85.297111
2256,Orchid Cardiology Medical Center,Ranchi,Tier-2,Cardiology,4.2,True,high,0.715,834003,23.362923,85.365103
2257,Samford Cardiology Hospital,Ranchi,Tier-2,Cardiology,3.7,False,low,0.249,834002,23.326031,85.296369
2258,Bhagwan Mahavir Gastroenterology Hospital,Ranchi,Tier-2,Gastroenterology,4.3,True,high,0.983,834006,23.380693,85.290976
2259,Alam ENT Institute,Ranchi,Tier-2,ENT,3.0,False,low,0.178,834006,23.378228,85.31367
2260,Guru Nanak ENT Institute,Ranchi,Tier-2,ENT,3.8,False,medium,0.482,834006,23.381677,85.274275
2261,Chotanagpur Cardiology Medical Center,Ranchi,Tier-2,Cardiology,3.8,True,medium,0.531,834004,23.317161,85.346728
2262,Birsa Munda Psychiatry Hospital,Ranchi,Tier-2,Psychiatry,3.7,False,low,0.277,834005,23.386322,85.274455
2263,Orchid ENT Hospital,Ranchi,Tier-2,ENT,3.6,False,medium,0.472,834002,23.361705,85.397331
2264,Samford Orthopedics Medical Center,Ranchi,Tier-2,Orthopedics,3.9,True,medium,0.553,834002,23.412398,85.32725
2265,Bhagwan Mahavir Nephrology Super Speciality Hospital,Ranchi,Tier-2,Nephrology,4.0,True,medium,0.671,834004,23.386625,85.286695
2266,Alam Gynaecology Healthcare,Ranchi,Tier-2,Gynaecology,4.0,True,medium,0.531,834004,23.306342,85.312606
2267,Guru Nanak Gynaecology Super Speciality Hospital,Ranchi,Tier-2,Gynaecology,4.5,True,high,0.949,834002,23.325382,85.271231
2268,Chotanagpur Cardiology Medical Center,Ranchi,Tier-2,Cardiology,3.9,False,medium,0.646,834005,23.410935,85.328328
2269,Birsa Munda Orthopedics Hospital,Ranchi,Tier-2,Orthopedics,4.3,False,high,0.724,834002,23.433148,85.325531
2270,Orchid Nephrology Medical Center,Ranchi,Tier-2,Nephrology,3.6,False,medium,0.464,834003,23.319882,85.325201
2271,Samford General Medicine Super Speciality Hospital,Ranchi,Tier-2,General Medicine,4.1,True,medium,0.689,834006,23.359474,85.252051
2272,Bhagwan Mahavir Nephrology Clinic,Ranchi,Tier-2,Nephrology,3.0,False,low,0.001,834006,23.373427,85.350201
2273,Alam Cardiology Medical Center,Ranchi,Tier-2,Cardiology,3.0,False,low,0.139,834004,23.380928,85.258829
2274,Guru Nanak Gynaecology Healthcare,Ranchi,Tier-2,Gynaecology,3.7,False,low,0.372,834004,23.315535,85.340153
2275,Chotanagpur Orthopedics Clinic,Ranchi,Tier-2,Orthopedics,4.0,True,high,0.813,834003,23.324212,85.352219
2276,Birsa Munda General Medicine Institute,Ranchi,Tier-2,General Medicine,3.4,False,low,0.08,834001,23.367218,85.380895
2277,Orchid General Medicine Hospital,Ranchi,Tier-2,General Medicine,4.0,False,medium,0.534,834002,23.421005,85.352002
2278,Samford Oncology Super Speciality Hospital,Ranchi,Tier-2,Oncology,3.9,False,medium,0.574,834001,23.311531,85.352232
2279,Bhagwan Mahavir General Medicine Clinic,Ranchi,Tier-2,General Medicine,3.3,False,medium,0.403,834003,23.38463,85.269066
2280,Alam ENT Clinic,Ranchi,Tier-2,ENT,4.6,False,high,0.961,834001,23.434036,85.358756
2281,Guru Nanak Pulmonology Clinic,Ranchi,Tier-2,Pulmonology,4.1,True,high,0.928,834004,23.380834,85.254417
2282,Chotanagpur Gastroenterology Clinic,Ranchi,Tier-2,Gastroenterology,4.5,False,high,0.974,834002,23.369926,85.392938
2283,Birsa Munda Cardiology Institute,Ranchi,Tier-2,Cardiology,4.2,True,high,0.953,834001,23.343145,85.29435
2284,Orchid Ophthalmology Clinic,Ranchi,Tier-2,Ophthalmology,4.2,True,medium,0.63,834001,23.446958,85.377659
2285,Samford Gynaecology Super Speciality Hospital,Ranchi,Tier-2,Gynaecology,4.0,False,medium,0.67,834002,23.428604,85.260302
2286,Bhagwan Mahavir Cardiology Clinic,Ranchi,Tier-2,Cardiology,3.7,True,medium,0.549,834004,23.413487,85.30203
2287,Alam Pulmonology Healthcare,Ranchi,Tier-2,Pulmonology,4.0,True,medium,0.51,834002,23.361383,85.305086
2288,Guru Nanak Gynaecology Medical Center,Ranchi,Tier-2,Gynaecology,4.3,True,high,0.805,834002,23.325459,85.352765
2289,Chotanagpur ENT Healthcare,Ranchi,Tier-2,ENT,4.1,True,high,0.783,834003,23.364569,85.366183
2290,Birsa Munda Urology Medical Center,Ranchi,Tier-2,Urology,4.6,True,high,0.976,834006,23.321345,85.399113
2291,Orchid Pediatrics Institute,Ranchi,Tier-2,Pediatrics,4.1,True,high,0.9,834003,23.327091,85.252867
2292,Samford Pediatrics Medical Center,Ranchi,Tier-2,Pediatrics,4.0,False,medium,0.643,834001,23.323355,85.385825
2293,Bhagwan Mahavir Gynaecology Healthcare,Ranchi,Tier-2,Gynaecology,4.3,False,medium,0.685,834001,23.385455,85.270923
2294,Alam Psychiatry Institute,Ranchi,Tier-2,Psychiatry,4.1,True,high,0.769,834003,23.320456,85.311934
2295,Guru Nanak Ophthalmology Clinic,Ranchi,Tier-2,Ophthalmology,3.4,True,low,0.113,834006,23.36737,85.299546
2296,Chotanagpur Cardiology Super Speciality Hospital,Ranchi,Tier-2,Cardiology,4.0,True,high,0.809,834004,23.327958,85.279566
2297,Birsa Munda Orthopedics Clinic,Ranchi,Tier-2,Orthopedics,4.1,True,medium,0.654,834002,23.312525,85.297738
2298,Orchid ENT Clinic,Ranchi,Tier-2,ENT,3.7,False,medium,0.629,834003,23.384651,85.287286
2299,Samford Oncology Super Speciality Hospital,Ranchi,Tier-2,Oncology,3.3,True,low,0.23,834003,23.322752,85.272762
2300,Bhagwan Mahavir Pediatrics Clinic,Ranchi,Tier-2,Pediatrics,3.1,False,low,0.137,834004,23.350309,85.362256
2301,JSS Oncology Super Speciality Hospital,Mysore,Tier-3,Oncology,3.9,True,medium,0.577,570004,12.284445,76.659179
2302,Kamakshi Gynaecology Clinic,Mysore,Tier-3,Gynaecology,3.3,False,low,0.197,570002,12.253837,76.582831
2303,Holdsworth Memorial Orthopedics Institute,Mysore,Tier-3,Orthopedics,3.0,False,low,0.009,570003,12.368985,76.711511
2304,Vikram General Medicine Healthcare,Mysore,Tier-3,General Medicine,3.3,False,low,0.114,570008,12.28807,76.684552
2305,Chamundeshwari Cardiology Clinic,Mysore,Tier-3,Cardiology,3.0,False,low,0.123,570005,12.354613,76.644725
2306,Wadiyar Neurology Healthcare,Mysore,Tier-3,Neurology,3.1,False,low,0.189,570003,12.3398,76.662627
2307,JSS Pediatrics Hospital,Mysore,Tier-3,Pediatrics,3.4,False,low,0.345,570008,12.300213,76.694563
2308,Kamakshi General Medicine Healthcare,Mysore,Tier-3,General Medicine,3.0,False,low,0.046,570008,12.30507,76.678382
2309,Holdsworth Memorial Orthopedics Healthcare,Mysore,Tier-3,Orthopedics,3.2,False,low,0.087,570008,12.3594,76.601766
2310,Vikram Psychiatry Healthcare,Mysore,Tier-3,Psychiatry,3.4,True,low,0.182,570001,12.345415,76.708312
2311,Chamundeshwari Pediatrics Medical Center,Mysore,Tier-3,Pediatrics,3.3,True,low,0.225,570004,12.358565,76.662306
2312,Wadiyar Ophthalmology Medical Center,Mysore,Tier-3,Ophthalmology,3.0,False,low,0.038,570001,12.261777,76.611225
2313,JSS Ophthalmology Medical Center,Mysore,Tier-3,Ophthalmology,3.0,True,low,0.149,570004,12.340301,76.63329
2314,Kamakshi General Medicine Medical Center,Mysore,Tier-3,General Medicine,3.5,False,medium,0.55,570004,12.309349,76.58969
2315,Holdsworth Memorial Neurology Clinic,Mysore,Tier-3,Neurology,3.9,False,medium,0.484,570001,12.383722,76.62885
2316,Vikram Gastroenterology Super Speciality Hospital,Mysore,Tier-3,Gastroenterology,3.9,False,medium,0.578,570004,12.322797,76.649585
2317,Chamundeshwari Oncology Healthcare,Mysore,Tier-3,Oncology,3.7,False,low,0.362,570004,12.379772,76.675119
2318,Wadiyar Pediatrics Medical Center,Mysore,Tier-3,Pediatrics,3.4,False,low,0.235,570001,12.329093,76.697325
2319,JSS Nephrology Super Speciality Hospital,Mysore,Tier-3,Nephrology,4.0,True,medium,0.654,570002,12.255766,76.637477
2320,Kamakshi Ophthalmology Hospital,Mysore,Tier-3,Ophthalmology,3.6,False,low,0.24,570004,12.335247,76.640037
2321,Holdsworth Memorial Cardiology Hospital,Mysore,Tier-3,Cardiology,3.9,True,medium,0.422,570002,12.394781,76.63587
2322,Vikram General Medicine Medical Center,Mysore,Tier-3,General Medicine,3.7,False,low,0.339,570002,12.2772,76.651602
2323,Chamundeshwari Dermatology Clinic,Mysore,Tier-3,Dermatology,3.0,False,low,0.112,570008,12.267846,76.626603
2324,Wadiyar Pulmonology Medical Center,Mysore,Tier-3,Pulmonology,3.7,False,low,0.282,570001,12.361322,76.583511
2325,JSS ENT Super Speciality Hospital,Mysore,Tier-3,ENT,3.4,True,low,0.37,570002,12.382888,76.597629
2326,Kamakshi Nephrology Hospital,Mysore,Tier-3,Nephrology,4.2,True,high,0.928,570004,12.303423,76.624154
2327,Holdsworth Memorial Gastroenterology Institute,Mysore,Tier-3,Gastroenterology,3.1,False,low,0.049,570003,12.37475,76.70064
2328,Vikram Gynaecology Medical Center,Mysore,Tier-3,Gynaecology,3.9,False,medium,0.553,570003,12.371764,76.653048
2329,Chamundeshwari Cardiology Healthcare,Mysore,Tier-3,Cardiology,3.7,False,low,0.317,570004,12.313575,76.663033
2330,Wadiyar Cardiology Institute,Mysore,Tier-3,Cardiology,3.2,True,low,0.118,570003,12.3173,76.621393
2331,JSS Gastroenterology Hospital,Mysore,Tier-3,Gastroenterology,3.0,False,low,0.114,570004,12.270756,76.674972
2332,Kamakshi Cardiology Super Speciality Hospital,Mysore,Tier-3,Cardiology,3.4,False,low,0.089,570005,12.360312,76.660627
2333,Holdsworth Memorial Orthopedics Clinic,Mysore,Tier-3,Orthopedics,3.4,True,medium,0.425,570001,12.393926,76.580335
2334,Vikram Cardiology Super Speciality Hospital,Mysore,Tier-3,Cardiology,3.3,True,low,0.13,570004,12.279329,76.715043
2335,Chamundeshwari ENT Medical Center,Mysore,Tier-3,ENT,3.3,False,low,0.239,570004,12.391403,76.709139
2336,Wadiyar Neurology Institute,Mysore,Tier-3,Neurology,3.5,True,medium,0.406,570003,12.332725,76.665484
2337,JSS Pediatrics Medical Center,Mysore,Tier-3,Pediatrics,3.3,True,low,0.183,570002,12.35529,76.616493
2338,Kamakshi General Medicine Medical Center,Mysore,Tier-3,General Medicine,3.4,False,low,0.186,570008,12.285145,76.670949
2339,Holdsworth Memorial Gastroenterology Medical Center,Mysore,Tier-3,Gastroenterology,3.4,False,low,0.185,570004,12.340343,76.685743
2340,Vikram Ophthalmology Clinic,Mysore,Tier-3,Ophthalmology,3.0,True,low,0.036,570008,12.267446,76.686345
2341,Chamundeshwari Gastroenterology Super Speciality Hospital,Mysore,Tier-3,Gastroenterology,3.6,False,low,0.344,570008,12.310459,76.695012
2342,Wadiyar Cardiology Institute,Mysore,Tier-3,Cardiology,3.6,True,low,0.37,570003,12.313475,76.611844
2343,JSS Pediatrics Super Speciality Hospital,Mysore,Tier-3,Pediatrics,3.5,False,low,0.329,570004,12.302453,76.701064
2344,Kamakshi Cardiology Hospital,Mysore,Tier-3,Cardiology,3.2,True,low,0.193,570003,12.367275,76.674969
2345,Holdsworth Memorial Pediatrics Clinic,Mysore,Tier-3,Pediatrics,3.2,False,low,0.275,570004,12.385755,76.631286
2346,Vikram Pulmonology Super Speciality Hospital,Mysore,Tier-3,Pulmonology,3.0,True,low,0.055,570001,12.350541,76.611514
2347,Chamundeshwari General Medicine Super Speciality Hospital,Mysore,Tier-3,General Medicine,3.3,False,low,0.167,570008,12.263457,76.622246
2348,Wadiyar Ophthalmology Hospital,Mysore,Tier-3,Ophthalmology,3.3,False,low,0.069,570005,12.315426,76.713454
2349,JSS Psychiatry Hospital,Mysore,Tier-3,Psychiatry,4.3,False,high,0.914,570004,12.260615,76.596178
2350,Kamakshi Psychiatry Medical Center,Mysore,Tier-3,Psychiatry,3.6,True,low,0.199,570003,12.315265,76.686368
2351,Holdsworth Memorial ENT Hospital,Mysore,Tier-3,ENT,4.4,True,high,0.75,570003,12.278093,76.695281
2352,Vikram Gastroenterology Healthcare,Mysore,Tier-3,Gastroenterology,3.4,False,low,0.184,570008,12.272149,76.660053
2353,Chamundeshwari General Medicine Clinic,Mysore,Tier-3,General Medicine,3.4,False,low,0.186,570002,12.3954,76.668663
2354,Wadiyar ENT Hospital,Mysore,Tier-3,ENT,3.0,False,low,0.142,570008,12.28847,76.590382
2355,JSS Psychiatry Healthcare,Mysore,Tier-3,Psychiatry,3.6,False,low,0.277,570001,12.383889,76.670965
2356,Kamakshi Ophthalmology Institute,Mysore,Tier-3,Ophthalmology,3.3,False,low,0.112,570002,12.340859,76.642386
2357,Holdsworth Memorial Oncology Clinic,Mysore,Tier-3,Oncology,3.0,False,low,0.084,570001,12.343893,76.587188
2358,Vikram Orthopedics Hospital,Mysore,Tier-3,Orthopedics,3.5,False,low,0.383,570008,12.385601,76.709731
2359,Chamundeshwari General Medicine Super Speciality Hospital,Mysore,Tier-3,General Medicine,3.3,False,low,0.104,570004,12.346295,76.650542
2360,Wadiyar Orthopedics Healthcare,Mysore,Tier-3,Orthopedics,3.0,False,low,0.077,570004,12.30221,76.717995
2361,JSS Orthopedics Clinic,Mysore,Tier-3,Orthopedics,3.5,True,medium,0.464,570004,12.264257,76.60573
2362,Kamakshi Gynaecology Institute,Mysore,Tier-3,Gynaecology,3.0,False,low,0.012,570008,12.277361,76.581048
2363,Holdsworth Memorial Orthopedics Healthcare,Mysore,Tier-3,Orthopedics,3.4,False,low,0.166,570001,12.380378,76.603295
2364,Vikram Pediatrics Clinic,Mysore,Tier-3,Pediatrics,3.3,False,low,0.362,570003,12.383314,76.623145
2365,Chamundeshwari General Medicine Hospital,Mysore,Tier-3,General Medicine,3.8,False,low,0.34,570008,12.354386,76.640342
2366,Wadiyar General Medicine Super Speciality Hospital,Mysore,Tier-3,General Medicine,3.2,False,low,0.2,570001,12.353768,76.600956
2367,JSS Cardiology Super Speciality Hospital,Mysore,Tier-3,Cardiology,3.4,True,low,0.202,570004,12.285906,76.616857
2368,Kamakshi Cardiology Medical Center,Mysore,Tier-3,Cardiology,3.5,True,medium,0.519,570003,12.35783,76.62497
2369,Holdsworth Memorial Pulmonology Healthcare,Mysore,Tier-3,Pulmonology,3.1,False,low,0.175,570002,12.303914,76.705675
2370,Vikram Psychiatry Clinic,Mysore,Tier-3,Psychiatry,3.6,True,low,0.24,570008,12.333846,76.584667
2371,SVIMS Gynaecology Healthcare,Tirupati,Tier-3,Gynaecology,4.3,True,high,0.842,517504,13.687283,79.410031
2372,BIRRD Cardiology Medical Center,Tirupati,Tier-3,Cardiology,3.9,False,medium,0.625,517506,13.628989,79.464476
2373,Sri Venkateswara Pediatrics Hospital,Tirupati,Tier-3,Pediatrics,3.6,False,low,0.384,517504,13.680342,79.426467
2374,Amara Ophthalmology Institute,Tirupati,Tier-3,Ophthalmology,3.2,False,low,0.232,517501,13.681458,79.441451
2375,Padmavati Gynaecology Super Speciality Hospital,Tirupati,Tier-3,Gynaecology,3.0,True,low,0.04,517502,13.665985,79.385815
2376,Srinivasa Cardiology Institute,Tirupati,Tier-3,Cardiology,3.3,False,low,0.242,517505,13.613888,79.466594
2377,SVIMS Pediatrics Super Speciality Hospital,Tirupati,Tier-3,Pediatrics,3.8,False,medium,0.629,517504,13.619355,79.424036
2378,BIRRD Cardiology Hospital,Tirupati,Tier-3,Cardiology,3.2,False,low,0.22,517504,13.654854,79.448353
2379,Sri Venkateswara Pediatrics Super Speciality Hospital,Tirupati,Tier-3,Pediatrics,3.0,True,low,0.046,517502,13.607173,79.444499
2380,Amara Ophthalmology Medical Center,Tirupati,Tier-3,Ophthalmology,3.4,False,low,0.362,517506,13.562492,79.397781
2381,Padmavati Orthopedics Medical Center,Tirupati,Tier-3,Orthopedics,3.6,False,low,0.347,517503,13.635343,79.395614
2382,Srinivasa Neurology Clinic,Tirupati,Tier-3,Neurology,3.7,False,low,0.325,517502,13.592685,79.493576
2383,SVIMS Ophthalmology Hospital,Tirupati,Tier-3,Ophthalmology,3.8,True,high,0.748,517503,13.627583,79.41936
2384,BIRRD Pulmonology Super Speciality Hospital,Tirupati,Tier-3,Pulmonology,3.3,True,low,0.038,517504,13.660389,79.43632
2385,Sri Venkateswara Cardiology Healthcare,Tirupati,Tier-3,Cardiology,3.4,True,low,0.153,517501,13.60933,79.391587
2386,Amara Orthopedics Healthcare,Tirupati,Tier-3,Orthopedics,3.9,False,medium,0.553,517502,13.699678,79.395514
2387,Padmavati General Medicine Super Speciality Hospital,Tirupati,Tier-3,General Medicine,3.5,False,low,0.166,517502,13.556495,79.451069
2388,Srinivasa Orthopedics Institute,Tirupati,Tier-3,Orthopedics,3.6,True,medium,0.425,517505,13.680406,79.427127
2389,SVIMS Oncology Clinic,Tirupati,Tier-3,Oncology,3.3,True,low,0.115,517504,13.567806,79.397555
2390,BIRRD ENT Hospital,Tirupati,Tier-3,ENT,3.3,False,low,0.126,517506,13.659719,79.456409
2391,Sri Venkateswara Gynaecology Institute,Tirupati,Tier-3,Gynaecology,3.5,True,low,0.192,517502,13.591736,79.421819
2392,Amara ENT Medical Center,Tirupati,Tier-3,ENT,3.3,True,low,0.04,517506,13.562402,79.456274
2393,Padmavati General Medicine Healthcare,Tirupati,Tier-3,General Medicine,3.1,False,low,0.081,517504,13.695148,79.470357
2394,Srinivasa General Medicine Hospital,Tirupati,Tier-3,General Medicine,3.6,False,low,0.228,517501,13.620298,79.49675
2395,SVIMS Orthopedics Clinic,Tirupati,Tier-3,Orthopedics,3.6,False,low,0.303,517505,13.66846,79.408646
2396,BIRRD Nephrology Clinic,Tirupati,Tier-3,Nephrology,3.2,False,low,0.235,517506,13.569431,79.453767
2397,Sri Venkateswara General Medicine Hospital,Tirupati,Tier-3,General Medicine,3.1,False,low,0.093,517505,13.592855,79.48634
2398,Amara Pediatrics Medical Center,Tirupati,Tier-3,Pediatrics,4.0,False,medium,0.485,517504,13.609718,79.419154
2399,Padmavati ENT Institute,Tirupati,Tier-3,ENT,3.0,False,low,0.122,517505,13.662873,79.485383
2400,Srinivasa Urology Healthcare,Tirupati,Tier-3,Urology,3.0,True,low,0.117,517501,13.687168,79.43227
2401,SVIMS Urology Super Speciality Hospital,Tirupati,Tier-3,Urology,3.3,False,low,0.084,517502,13.567703,79.453215
2402,BIRRD General Medicine Clinic,Tirupati,Tier-3,General Medicine,3.6,False,low,0.263,517503,13.60627,79.441756
2403,Sri Venkateswara General Medicine Hospital,Tirupati,Tier-3,General Medicine,3.5,True,low,0.188,517501,13.61743,79.438962
2404,Amara Psychiatry Clinic,Tirupati,Tier-3,Psychiatry,3.7,False,low,0.311,517503,13.61416,79.443216
2405,Padmavati Orthopedics Super Speciality Hospital,Tirupati,Tier-3,Orthopedics,3.4,False,low,0.305,517504,13.555529,79.476432
2406,Srinivasa Gynaecology Medical Center,Tirupati,Tier-3,Gynaecology,3.0,False,low,0.029,517505,13.695432,79.487864
2407,SVIMS General Medicine Healthcare,Tirupati,Tier-3,General Medicine,3.8,False,low,0.346,517502,13.620598,79.475864
2408,BIRRD General Medicine Super Speciality Hospital,Tirupati,Tier-3,General Medicine,3.6,False,low,0.388,517501,13.604838,79.43498
2409,Sri Venkateswara Pediatrics Super Speciality Hospital,Tirupati,Tier-3,Pediatrics,3.5,True,low,0.218,517506,13.56565,79.478219
2410,Amara Gastroenterology Institute,Tirupati,Tier-3,Gastroenterology,3.3,False,low,0.285,517501,13.554932,79.410609
2411,Padmavati Pediatrics Clinic,Tirupati,Tier-3,Pediatrics,3.2,False,low,0.295,517503,13.698004,79.455823
2412,Srinivasa Oncology Healthcare,Tirupati,Tier-3,Oncology,3.5,False,low,0.192,517505,13.576671,79.468588
2413,SVIMS Nephrology Hospital,Tirupati,Tier-3,Nephrology,3.4,False,low,0.14,517504,13.646741,79.406232
2414,BIRRD Neurology Hospital,Tirupati,Tier-3,Neurology,4.2,False,medium,0.651,517502,13.632437,79.490502
2415,Sri Venkateswara Orthopedics Healthcare,Tirupati,Tier-3,Orthopedics,3.2,False,low,0.246,517503,13.662996,79.490408
2416,Amara Dermatology Medical Center,Tirupati,Tier-3,Dermatology,3.0,False,low,0.043,517505,13.661653,79.441298
2417,Padmavati Cardiology Super Speciality Hospital,Tirupati,Tier-3,Cardiology,3.4,True,medium,0.403,517505,13.551053,79.496552
2418,Srinivasa Ophthalmology Institute,Tirupati,Tier-3,Ophthalmology,4.6,True,high,0.991,517502,13.617684,79.433611
2419,SVIMS Gynaecology Healthcare,Tirupati,Tier-3,Gynaecology,3.2,False,low,0.274,517506,13.606074,79.462863
2420,BIRRD Nephrology Super Speciality Hospital,Tirupati,Tier-3,Nephrology,3.7,False,low,0.38,517505,13.588405,79.452364
2421,Sri Venkateswara General Medicine Institute,Tirupati,Tier-3,General Medicine,3.7,False,low,0.254,517503,13.660524,79.472848
2422,Amara General Medicine Clinic,Tirupati,Tier-3,General Medicine,3.5,False,low,0.284,517506,13.690853,79.49675
2423,Padmavati General Medicine Institute,Tirupati,Tier-3,General Medicine,4.2,True,medium,0.635,517501,13.565706,79.497985
2424,Srinivasa General Medicine Institute,Tirupati,Tier-3,General Medicine,4.0,False,medium,0.663,517504,13.589114,79.470423
2425,SVIMS ENT Hospital,Tirupati,Tier-3,ENT,3.4,False,low,0.085,517502,13.678258,79.420203
2426,BIRRD Cardiology Clinic,Tirupati,Tier-3,Cardiology,3.5,False,medium,0.505,517504,13.629782,79.433684
2427,Sri Venkateswara General Medicine Clinic,Tirupati,Tier-3,General Medicine,3.0,False,low,0.199,517502,13.694741,79.464832
2428,Amara Dermatology Hospital,Tirupati,Tier-3,Dermatology,3.4,False,low,0.103,517504,13.686017,79.422181
2429,Padmavati Gynaecology Institute,Tirupati,Tier-3,Gynaecology,3.9,True,medium,0.446,517506,13.607005,79.48707
2430,Srinivasa Gynaecology Healthcare,Tirupati,Tier-3,Gynaecology,3.0,False,low,0.168,517505,13.655742,79.455252
2431,SVIMS Cardiology Medical Center,Tirupati,Tier-3,Cardiology,3.5,True,low,0.324,517503,13.644864,79.489607
2432,BIRRD Gynaecology Healthcare,Tirupati,Tier-3,Gynaecology,3.0,True,low,0.045,517506,13.622983,79.447696
2433,Sri Venkateswara Orthopedics Institute,Tirupati,Tier-3,Orthopedics,3.0,False,low,0.122,517502,13.627199,79.497404
2434,Amara Gynaecology Institute,Tirupati,Tier-3,Gynaecology,3.6,False,low,0.336,517505,13.608103,79.489528
2435,Padmavati Neurology Institute,Tirupati,Tier-3,Neurology,3.3,False,low,0.008,517504,13.581928,79.393195
2436,Srinivasa Oncology Super Speciality Hospital,Tirupati,Tier-3,Oncology,3.1,False,low,0.038,517506,13.684164,79.391058
2437,SVIMS Ophthalmology Institute,Tirupati,Tier-3,Ophthalmology,3.0,True,low,0.002,517506,13.573371,79.398761
2438,BIRRD ENT Medical Center,Tirupati,Tier-3,ENT,3.5,False,low,0.347,517501,13.565158,79.454689
2439,Sri Venkateswara Oncology Medical Center,Tirupati,Tier-3,Oncology,3.0,False,low,0.118,517506,13.677731,79.470963
2440,Amara Dermatology Institute,Tirupati,Tier-3,Dermatology,3.8,False,low,0.318,517506,13.674696,79.456597
2441,Geetanjali Pediatrics Hospital,Udaipur,Tier-3,Pediatrics,3.8,False,medium,0.411,313024,24.570862,73.698865
2442,GBH American ENT Super Speciality Hospital,Udaipur,Tier-3,ENT,3.6,False,low,0.203,313024,24.548574,73.661472
2443,Mewar Gastroenterology Healthcare,Udaipur,Tier-3,Gastroenterology,3.1,False,low,0.168,313024,24.644399,73.742833
2444,Paras JK Psychiatry Institute,Udaipur,Tier-3,Psychiatry,3.7,False,low,0.301,313003,24.632601,73.659165
2445,Aravali General Medicine Institute,Udaipur,Tier-3,General Medicine,3.3,True,low,0.126,313002,24.538026,73.729699
2446,Maharana Pratap General Medicine Clinic,Udaipur,Tier-3,General Medicine,3.4,False,low,0.352,313003,24.571732,73.701397
2447,Geetanjali ENT Clinic,Udaipur,Tier-3,ENT,3.4,False,low,0.381,313024,24.624595,73.749977
2448,GBH American Dermatology Hospital,Udaipur,Tier-3,Dermatology,3.7,False,medium,0.539,313011,24.558781,73.677241
2449,Mewar ENT Clinic,Udaipur,Tier-3,ENT,3.5,True,medium,0.468,313003,24.593225,73.67664
2450,Paras JK Pediatrics Healthcare,Udaipur,Tier-3,Pediatrics,3.4,True,low,0.144,313004,24.534947,73.742414
2451,Aravali General Medicine Institute,Udaipur,Tier-3,General Medicine,3.3,True,low,0.359,313024,24.619578,73.66021
2452,Maharana Pratap Neurology Hospital,Udaipur,Tier-3,Neurology,3.7,True,medium,0.437,313001,24.605516,73.682444
2453,Geetanjali Ophthalmology Healthcare,Udaipur,Tier-3,Ophthalmology,3.2,True,low,0.216,313024,24.564905,73.736286
2454,GBH American Cardiology Institute,Udaipur,Tier-3,Cardiology,3.9,True,medium,0.562,313004,24.545861,73.73108
2455,Mewar Oncology Clinic,Udaipur,Tier-3,Oncology,3.5,False,low,0.367,313002,24.545409,73.673513
2456,Paras JK Urology Clinic,Udaipur,Tier-3,Urology,3.1,False,low,0.227,313001,24.559776,73.725816
2457,Aravali Ophthalmology Clinic,Udaipur,Tier-3,Ophthalmology,3.8,False,medium,0.515,313001,24.559634,73.680838
2458,Maharana Pratap Cardiology Hospital,Udaipur,Tier-3,Cardiology,3.3,False,low,0.023,313003,24.61778,73.659022
2459,Geetanjali General Medicine Institute,Udaipur,Tier-3,General Medicine,3.3,False,low,0.361,313011,24.57646,73.702632
2460,GBH American Orthopedics Medical Center,Udaipur,Tier-3,Orthopedics,3.3,False,low,0.113,313011,24.583119,73.741597
2461,Mewar Orthopedics Institute,Udaipur,Tier-3,Orthopedics,3.0,False,low,0.048,313004,24.619229,73.669729
2462,Paras JK Orthopedics Institute,Udaipur,Tier-3,Orthopedics,4.2,False,medium,0.689,313011,24.534465,73.744239
2463,Aravali General Medicine Healthcare,Udaipur,Tier-3,General Medicine,4.5,True,high,0.871,313002,24.574529,73.740329
2464,Maharana Pratap Gastroenterology Healthcare,Udaipur,Tier-3,Gastroenterology,3.5,False,low,0.234,313024,24.559958,73.654923
2465,Geetanjali Nephrology Institute,Udaipur,Tier-3,Nephrology,3.0,True,low,0.076,313011,24.64992,73.747699
2466,GBH American Cardiology Medical Center,Udaipur,Tier-3,Cardiology,3.7,False,low,0.293,313002,24.54717,73.652742
2467,Mewar Psychiatry Clinic,Udaipur,Tier-3,Psychiatry,3.1,True,low,0.192,313024,24.649749,73.651689
2468,Paras JK Orthopedics Institute,Udaipur,Tier-3,Orthopedics,3.4,False,low,0.248,313001,24.604826,73.663274
2469,Aravali Dermatology Super Speciality Hospital,Udaipur,Tier-3,Dermatology,3.7,True,medium,0.638,313003,24.578897,73.738131
2470,Maharana Pratap Dermatology Healthcare,Udaipur,Tier-3,Dermatology,3.5,True,low,0.296,313003,24.53405,73.701968
2471,Geetanjali Cardiology Medical Center,Udaipur,Tier-3,Cardiology,3.0,False,low,0.15,313002,24.545137,73.668732
2472,GBH American General Medicine Clinic,Udaipur,Tier-3,General Medicine,3.5,False,low,0.214,313003,24.605016,73.731365
2473,Mewar Cardiology Healthcare,Udaipur,Tier-3,Cardiology,3.2,False,low,0.289,313004,24.533745,73.72229
2474,Paras JK Oncology Medical Center,Udaipur,Tier-3,Oncology,3.8,False,medium,0.522,313024,24.642016,73.735882
2475,Aravali General Medicine Institute,Udaipur,Tier-3,General Medicine,3.8,True,medium,0.409,313001,24.563953,73.679435
2476,Maharana Pratap General Medicine Hospital,Udaipur,Tier-3,General Medicine,3.6,False,low,0.37,313024,24.555894,73.660928
2477,Geetanjali Orthopedics Institute,Udaipur,Tier-3,Orthopedics,4.2,True,medium,0.666,313011,24.584327,73.724991
2478,GBH American Ophthalmology Hospital,Udaipur,Tier-3,Ophthalmology,3.3,False,low,0.309,313003,24.62927,73.675281
2479,Mewar Nephrology Super Speciality Hospital,Udaipur,Tier-3,Nephrology,3.9,False,medium,0.594,313002,24.566865,73.672524
2480,Paras JK Nephrology Clinic,Udaipur,Tier-3,Nephrology,3.2,False,low,0.243,313002,24.628982,73.738841
2481,Aravali Pediatrics Institute,Udaipur,Tier-3,Pediatrics,3.7,True,medium,0.627,313003,24.642943,73.741917
2482,Maharana Pratap Oncology Super Speciality Hospital,Udaipur,Tier-3,Oncology,3.1,False,low,0.005,313011,24.60363,73.677829
2483,Geetanjali Pulmonology Medical Center,Udaipur,Tier-3,Pulmonology,3.0,False,low,0.115,313003,24.632487,73.749152
2484,GBH American Pediatrics Super Speciality Hospital,Udaipur,Tier-3,Pediatrics,3.0,False,low,0.056,313001,24.611487,73.706301
2485,Mewar ENT Medical Center,Udaipur,Tier-3,ENT,3.6,False,medium,0.438,313004,24.643394,73.717786
2486,Paras JK Cardiology Institute,Udaipur,Tier-3,Cardiology,3.0,False,low,0.137,313002,24.581557,73.715943
2487,Aravali Dermatology Healthcare,Udaipur,Tier-3,Dermatology,4.1,True,medium,0.516,313001,24.561467,73.687586
2488,Maharana Pratap General Medicine Medical Center,Udaipur,Tier-3,General Medicine,3.3,False,low,0.291,313004,24.63507,73.693946
2489,Geetanjali Gynaecology Hospital,Udaipur,Tier-3,Gynaecology,3.1,False,low,0.1,313002,24.628313,73.684112
2490,GBH American Ophthalmology Hospital,Udaipur,Tier-3,Ophthalmology,3.2,True,low,0.305,313024,24.584154,73.674745
2491,Mewar Neurology Medical Center,Udaipur,Tier-3,Neurology,3.0,False,low,0.123,313024,24.648922,73.720303
2492,Paras JK Psychiatry Hospital,Udaipur,Tier-3,Psychiatry,3.7,True,low,0.379,313024,24.612538,73.699386
2493,Aravali Cardiology Medical Center,Udaipur,Tier-3,Cardiology,3.0,False,low,0.154,313002,24.612947,73.651505
2494,Maharana Pratap Nephrology Healthcare,Udaipur,Tier-3,Nephrology,3.0,False,low,0.034,313003,24.532829,73.691537
2495,Geetanjali Cardiology Institute,Udaipur,Tier-3,Cardiology,3.5,False,medium,0.492,313003,24.549038,73.717409
2496,GBH American Psychiatry Hospital,Udaipur,Tier-3,Psychiatry,3.0,False,low,0.147,313011,24.583624,73.715346
2497,Mewar Gynaecology Hospital,Udaipur,Tier-3,Gynaecology,3.0,True,low,0.021,313011,24.602125,73.663996
2498,Paras JK General Medicine Medical Center,Udaipur,Tier-3,General Medicine,3.2,True,low,0.249,313001,24.550118,73.671377
2499,Aravali Psychiatry Hospital,Udaipur,Tier-3,Psychiatry,3.0,False,low,0.031,313003,24.542443,73.703421
2500,Maharana Pratap Gynaecology Hospital,Udaipur,Tier-3,Gynaecology,3.3,False,low,0.171,313001,24.556751,73.713285
2501,Geetanjali Cardiology Super Speciality Hospital,Udaipur,Tier-3,Cardiology,3.7,False,low,0.3,313024,24.619504,73.66212
2502,GBH American Cardiology Clinic,Udaipur,Tier-3,Cardiology,3.7,False,low,0.344,313004,24.554388,73.695293
2503,Mewar Oncology Institute,Udaipur,Tier-3,Oncology,3.3,True,low,0.12,313002,24.617025,73.742894
2504,Paras JK Nephrology Clinic,Udaipur,Tier-3,Nephrology,3.0,True,low,0.055,313001,24.645078,73.742949
2505,Aravali Dermatology Hospital,Udaipur,Tier-3,Dermatology,3.6,False,medium,0.56,313011,24.593486,73.71326
2506,Maharana Pratap General Medicine Healthcare,Udaipur,Tier-3,General Medicine,3.6,False,medium,0.424,313002,24.626333,73.731428
2507,Geetanjali General Medicine Institute,Udaipur,Tier-3,General Medicine,3.5,False,low,0.321,313001,24.584543,73.701856
2508,GBH American Pediatrics Medical Center,Udaipur,Tier-3,Pediatrics,3.7,True,low,0.297,313004,24.605764,73.741122
2509,Mewar Neurology Healthcare,Udaipur,Tier-3,Neurology,3.3,True,low,0.11,313004,24.564051,73.722061
2510,Paras JK Oncology Super Speciality Hospital,Udaipur,Tier-3,Oncology,3.3,False,low,0.127,313003,24.552784,73.713983
2511,Kashi Vishwanath Gynaecology Hospital,Varanasi,Tier-3,Gynaecology,3.1,False,low,0.04,221005,25.279658,83.029514
2512,Heritage ENT Super Speciality Hospital,Varanasi,Tier-3,ENT,3.9,False,medium,0.474,221005,25.279462,82.98016
2513,Apex Gynaecology Medical Center,Varanasi,Tier-3,Gynaecology,3.0,True,low,0.078,221010,25.338269,83.020608
2514,Popular Pediatrics Hospital,Varanasi,Tier-3,Pediatrics,3.5,False,low,0.332,221011,25.295685,83.03051
2515,Galaxy Gynaecology Clinic,Varanasi,Tier-3,Gynaecology,3.9,True,medium,0.654,221002,25.345228,82.984951
2516,Shubham Dermatology Institute,Varanasi,Tier-3,Dermatology,3.0,False,low,0.032,221001,25.320017,82.985347
2517,Surya Gynaecology Clinic,Varanasi,Tier-3,Gynaecology,3.1,False,low,0.156,221001,25.261079,83.030625
2518,Ganga Orthopedics Hospital,Varanasi,Tier-3,Orthopedics,3.4,True,low,0.141,221001,25.273954,83.024966
2519,Kashi Vishwanath Gynaecology Institute,Varanasi,Tier-3,Gynaecology,3.5,False,medium,0.517,221003,25.260674,82.934267
2520,Heritage Pediatrics Healthcare,Varanasi,Tier-3,Pediatrics,3.3,True,low,0.309,221001,25.302016,83.009781
2521,Apex Orthopedics Medical Center,Varanasi,Tier-3,Orthopedics,3.6,True,low,0.341,221003,25.26853,83.001784
2522,Popular Orthopedics Hospital,Varanasi,Tier-3,Orthopedics,3.5,True,medium,0.522,221005,25.371621,82.923596
2523,Galaxy Gynaecology Super Speciality Hospital,Varanasi,Tier-3,Gynaecology,3.1,False,low,0.085,221011,25.369038,82.931131
2524,Shubham General Medicine Hospital,Varanasi,Tier-3,General Medicine,3.5,False,low,0.36,221011,25.298103,83.007625
2525,Surya Orthopedics Healthcare,Varanasi,Tier-3,Orthopedics,3.4,False,low,0.207,221005,25.281161,83.005402
2526,Ganga General Medicine Medical Center,Varanasi,Tier-3,General Medicine,3.7,False,medium,0.462,221005,25.352269,82.949731
2527,Kashi Vishwanath Orthopedics Clinic,Varanasi,Tier-3,Orthopedics,3.3,False,low,0.33,221011,25.356457,83.037674
2528,Heritage Oncology Healthcare,Varanasi,Tier-3,Oncology,3.4,False,low,0.065,221005,25.313098,83.04085
2529,Apex Urology Institute,Varanasi,Tier-3,Urology,3.8,False,low,0.341,221010,25.355612,82.982462
2530,Popular Pediatrics Institute,Varanasi,Tier-3,Pediatrics,3.9,False,medium,0.527,221005,25.359013,83.036944
2531,Galaxy General Medicine Healthcare,Varanasi,Tier-3,General Medicine,3.0,False,low,0.001,221005,25.309414,83.047423
2532,Shubham General Medicine Institute,Varanasi,Tier-3,General Medicine,4.1,True,high,0.779,221003,25.258746,82.940872
2533,Surya Gynaecology Hospital,Varanasi,Tier-3,Gynaecology,3.1,False,low,0.177,221011,25.263188,82.988809
2534,Ganga Psychiatry Healthcare,Varanasi,Tier-3,Psychiatry,3.4,False,low,0.162,221002,25.310545,82.923942
2535,Kashi Vishwanath Oncology Healthcare,Varanasi,Tier-3,Oncology,4.0,False,medium,0.459,221003,25.373088,83.029352
2536,Heritage Orthopedics Clinic,Varanasi,Tier-3,Orthopedics,3.5,False,low,0.294,221002,25.325486,82.974019
2537,Apex General Medicine Healthcare,Varanasi,Tier-3,General Medicine,3.3,True,low,0.311,221005,25.37687,82.979746
2538,Popular Pediatrics Super Speciality Hospital,Varanasi,Tier-3,Pediatrics,3.0,False,low,0.037,221010,25.281388,82.940596
2539,Galaxy Neurology Hospital,Varanasi,Tier-3,Neurology,3.3,True,low,0.07,221002,25.345872,82.938088
2540,Shubham Psychiatry Institute,Varanasi,Tier-3,Psychiatry,3.0,False,low,0.136,221003,25.308506,82.993076
2541,Surya Psychiatry Clinic,Varanasi,Tier-3,Psychiatry,3.1,True,low,0.249,221005,25.257743,82.981767
2542,Ganga Dermatology Clinic,Varanasi,Tier-3,Dermatology,3.7,False,low,0.345,221010,25.282862,82.974682
2543,Kashi Vishwanath Urology Healthcare,Varanasi,Tier-3,Urology,4.4,True,high,0.86,221005,25.314289,82.983855
2544,Heritage Gastroenterology Institute,Varanasi,Tier-3,Gastroenterology,3.3,True,low,0.131,221010,25.311683,82.97696
2545,Apex Gastroenterology Medical Center,Varanasi,Tier-3,Gastroenterology,3.0,False,low,0.18,221001,25.316623,82.979269
2546,Popular Pediatrics Super Speciality Hospital,Varanasi,Tier-3,Pediatrics,3.2,False,low,0.019,221001,25.368863,82.951117
2547,Galaxy Psychiatry Medical Center,Varanasi,Tier-3,Psychiatry,3.1,True,low,0.076,221005,25.300306,82.930003
2548,Shubham ENT Medical Center,Varanasi,Tier-3,ENT,3.3,False,low,0.337,221002,25.313369,82.927637
2549,Surya General Medicine Institute,Varanasi,Tier-3,General Medicine,3.4,False,low,0.19,221011,25.312222,82.925162
2550,Ganga Psychiatry Medical Center,Varanasi,Tier-3,Psychiatry,3.1,False,low,0.018,221011,25.256281,83.047503
2551,Kashi Vishwanath Oncology Institute,Varanasi,Tier-3,Oncology,3.9,True,medium,0.579,221005,25.338473,82.993531
2552,Heritage General Medicine Medical Center,Varanasi,Tier-3,General Medicine,3.5,False,low,0.204,221002,25.265595,82.946353
2553,Apex Pulmonology Institute,Varanasi,Tier-3,Pulmonology,4.1,True,high,0.769,221011,25.265849,82.920071
2554,Popular ENT Healthcare,Varanasi,Tier-3,ENT,3.6,True,low,0.25,221003,25.356992,82.927189
2555,Galaxy Cardiology Hospital,Varanasi,Tier-3,Cardiology,3.2,False,low,0.148,221001,25.295112,82.971133
2556,Shubham Gastroenterology Super Speciality Hospital,Varanasi,Tier-3,Gastroenterology,3.2,False,low,0.328,221010,25.363404,83.039074
2557,Surya General Medicine Institute,Varanasi,Tier-3,General Medicine,3.5,False,low,0.365,221002,25.29179,83.04808
2558,Ganga Urology Super Speciality Hospital,Varanasi,Tier-3,Urology,3.0,False,low,0.018,221011,25.357323,83.042691
2559,Kashi Vishwanath Dermatology Clinic,Varanasi,Tier-3,Dermatology,3.2,False,low,0.285,221002,25.342809,83.021639
2560,Heritage Cardiology Institute,Varanasi,Tier-3,Cardiology,4.3,True,high,0.705,221010,25.338241,82.977297
2561,Apex Psychiatry Clinic,Varanasi,Tier-3,Psychiatry,3.5,True,low,0.19,221010,25.367148,82.974652
2562,Popular Gastroenterology Healthcare,Varanasi,Tier-3,Gastroenterology,4.1,False,medium,0.612,221003,25.264269,83.038494
2563,Galaxy Oncology Clinic,Varanasi,Tier-3,Oncology,3.1,False,low,0.116,221002,25.375903,82.992415
2564,Shubham ENT Clinic,Varanasi,Tier-3,ENT,3.2,False,low,0.251,221011,25.293352,83.027018
2565,Surya Pediatrics Medical Center,Varanasi,Tier-3,Pediatrics,3.2,False,low,0.302,221011,25.258213,82.944393
2566,Ganga Pediatrics Super Speciality Hospital,Varanasi,Tier-3,Pediatrics,3.3,True,low,0.322,221005,25.331693,82.977493
2567,Kashi Vishwanath ENT Clinic,Varanasi,Tier-3,ENT,3.0,False,low,0.003,221010,25.340625,83.01222
2568,Heritage Pediatrics Healthcare,Varanasi,Tier-3,Pediatrics,3.2,False,low,0.003,221010,25.296246,82.958586
2569,Apex Oncology Clinic,Varanasi,Tier-3,Oncology,3.5,False,low,0.327,221011,25.267549,82.95094
2570,Popular Gastroenterology Institute,Varanasi,Tier-3,Gastroenterology,3.2,True,low,0.028,221002,25.360569,83.034486
2571,Galaxy Neurology Healthcare,Varanasi,Tier-3,Neurology,3.5,False,low,0.346,221010,25.366924,83.010277
2572,Shubham Orthopedics Medical Center,Varanasi,Tier-3,Orthopedics,3.4,False,medium,0.457,221011,25.378808,82.991789
2573,Surya Ophthalmology Medical Center,Varanasi,Tier-3,Ophthalmology,3.1,False,low,0.225,221011,25.256059,82.988035
2574,Ganga Cardiology Healthcare,Varanasi,Tier-3,Cardiology,3.0,False,low,0.126,221002,25.319451,82.975137
2575,Kashi Vishwanath Pediatrics Healthcare,Varanasi,Tier-3,Pediatrics,4.3,True,high,0.761,221011,25.257145,82.963425
2576,Heritage Cardiology Clinic,Varanasi,Tier-3,Cardiology,3.5,True,low,0.383,221005,25.337033,82.962374
2577,Apex ENT Healthcare,Varanasi,Tier-3,ENT,4.2,False,medium,0.641,221010,25.287872,83.00729
2578,Popular Gastroenterology Institute,Varanasi,Tier-3,Gastroenterology,4.7,True,high,0.917,221011,25.342396,83.007927
2579,Galaxy Neurology Healthcare,Varanasi,Tier-3,Neurology,3.8,True,medium,0.436,221001,25.281833,82.962531
2580,Shubham Nephrology Clinic,Varanasi,Tier-3,Nephrology,3.5,False,medium,0.437,221001,25.306275,82.925518
2581,Sri Guru Ram Das Pulmonology Super Speciality Hospital,Amritsar,Tier-3,Pulmonology,3.1,False,low,0.025,143005,31.664255,74.870377
2582,Amandeep Urology Institute,Amritsar,Tier-3,Urology,3.3,False,low,0.173,143008,31.659349,74.887572
2583,Golden Temple Cardiology Super Speciality Hospital,Amritsar,Tier-3,Cardiology,4.5,True,high,0.831,143008,31.662781,74.829259
2584,Khalsa Pediatrics Institute,Amritsar,Tier-3,Pediatrics,3.6,False,low,0.232,143005,31.615252,74.830542
2585,IVY Gynaecology Medical Center,Amritsar,Tier-3,Gynaecology,3.1,False,low,0.083,143005,31.614973,74.887606
2586,EMC Nephrology Medical Center,Amritsar,Tier-3,Nephrology,3.2,False,low,0.074,143005,31.587409,74.862235
2587,Sri Guru Ram Das Pulmonology Institute,Amritsar,Tier-3,Pulmonology,3.3,False,low,0.015,143002,31.608745,74.91864
2588,Amandeep Pediatrics Institute,Amritsar,Tier-3,Pediatrics,4.0,False,medium,0.574,143002,31.683583,74.88037
2589,Golden Temple Pediatrics Medical Center,Amritsar,Tier-3,Pediatrics,3.3,True,low,0.122,143001,31.675925,74.94124
2590,Khalsa Pediatrics Hospital,Amritsar,Tier-3,Pediatrics,3.2,False,low,0.211,143002,31.681603,74.835215
2591,IVY Gastroenterology Institute,Amritsar,Tier-3,Gastroenterology,3.4,False,low,0.37,143008,31.605707,74.829482
2592,EMC Pediatrics Institute,Amritsar,Tier-3,Pediatrics,3.3,False,low,0.315,143006,31.635863,74.923685
2593,Sri Guru Ram Das ENT Clinic,Amritsar,Tier-3,ENT,3.2,False,low,0.249,143002,31.603882,74.902841
2594,Amandeep Gynaecology Super Speciality Hospital,Amritsar,Tier-3,Gynaecology,3.0,True,low,0.031,143006,31.646237,74.929781
2595,Golden Temple Ophthalmology Hospital,Amritsar,Tier-3,Ophthalmology,3.6,True,medium,0.431,143005,31.679628,74.826917
2596,Khalsa Gynaecology Clinic,Amritsar,Tier-3,Gynaecology,3.8,True,medium,0.5,143008,31.669333,74.930878
2597,IVY Pulmonology Institute,Amritsar,Tier-3,Pulmonology,3.2,False,low,0.206,143006,31.652258,74.844593
2598,EMC Ophthalmology Super Speciality Hospital,Amritsar,Tier-3,Ophthalmology,3.1,True,low,0.071,143006,31.635905,74.907139
2599,Sri Guru Ram Das ENT Institute,Amritsar,Tier-3,ENT,3.6,True,low,0.253,143001,31.691826,74.848737
2600,Amandeep ENT Institute,Amritsar,Tier-3,ENT,3.4,False,low,0.336,143005,31.664401,74.901929
2601,Golden Temple Ophthalmology Healthcare,Amritsar,Tier-3,Ophthalmology,3.5,False,low,0.263,143002,31.626569,74.918783
2602,Khalsa ENT Super Speciality Hospital,Amritsar,Tier-3,ENT,3.6,True,low,0.202,143006,31.64871,74.891575
2603,IVY Pediatrics Medical Center,Amritsar,Tier-3,Pediatrics,3.7,True,medium,0.501,143002,31.644973,74.907392
2604,EMC ENT Super Speciality Hospital,Amritsar,Tier-3,ENT,3.3,False,low,0.343,143001,31.609811,74.876005
2605,Sri Guru Ram Das General Medicine Clinic,Amritsar,Tier-3,General Medicine,3.9,False,medium,0.42,143002,31.673805,74.880945
2606,Amandeep Pediatrics Hospital,Amritsar,Tier-3,Pediatrics,3.1,False,low,0.206,143005,31.62098,74.931702
2607,Golden Temple Gynaecology Super Speciality Hospital,Amritsar,Tier-3,Gynaecology,3.2,True,low,0.212,143005,31.663585,74.942079
2608,Khalsa ENT Clinic,Amritsar,Tier-3,ENT,3.1,True,low,0.111,143006,31.649203,74.828959
2609,IVY Urology Healthcare,Amritsar,Tier-3,Urology,3.5,False,low,0.293,143008,31.629907,74.846052
2610,EMC Gastroenterology Clinic,Amritsar,Tier-3,Gastroenterology,3.4,False,low,0.346,143002,31.60207,74.883567
2611,Sri Guru Ram Das Urology Medical Center,Amritsar,Tier-3,Urology,3.7,False,medium,0.658,143005,31.589233,74.937016
2612,Amandeep Pediatrics Healthcare,Amritsar,Tier-3,Pediatrics,3.1,False,low,0.094,143005,31.689196,74.829153
2613,Golden Temple Pediatrics Institute,Amritsar,Tier-3,Pediatrics,3.7,False,low,0.352,143001,31.68021,74.842207
2614,Khalsa General Medicine Hospital,Amritsar,Tier-3,General Medicine,3.6,False,low,0.254,143005,31.65374,74.881345
2615,IVY Orthopedics Healthcare,Amritsar,Tier-3,Orthopedics,3.0,False,low,0.162,143002,31.595239,74.925723
2616,EMC Cardiology Super Speciality Hospital,Amritsar,Tier-3,Cardiology,3.3,False,low,0.232,143002,31.580688,74.903999
2617,Sri Guru Ram Das ENT Institute,Amritsar,Tier-3,ENT,3.2,True,low,0.013,143003,31.583751,74.822774
2618,Amandeep Cardiology Healthcare,Amritsar,Tier-3,Cardiology,3.3,False,low,0.228,143005,31.645181,74.946796
2619,Golden Temple Cardiology Clinic,Amritsar,Tier-3,Cardiology,3.7,True,medium,0.621,143003,31.628406,74.91151
2620,Khalsa Orthopedics Institute,Amritsar,Tier-3,Orthopedics,3.2,True,low,0.048,143003,31.654901,74.833349
2621,IVY Neurology Clinic,Amritsar,Tier-3,Neurology,3.3,False,low,0.026,143003,31.630788,74.879497
2622,EMC Oncology Clinic,Amritsar,Tier-3,Oncology,3.4,True,low,0.088,143002,31.665845,74.884184
2623,Sri Guru Ram Das General Medicine Institute,Amritsar,Tier-3,General Medicine,3.3,False,low,0.008,143008,31.602057,74.836808
2624,Amandeep Gynaecology Clinic,Amritsar,Tier-3,Gynaecology,3.5,True,low,0.173,143002,31.643859,74.862968
2625,Golden Temple Ophthalmology Super Speciality Hospital,Amritsar,Tier-3,Ophthalmology,3.0,False,low,0.086,143006,31.666955,74.927815
2626,Khalsa Nephrology Institute,Amritsar,Tier-3,Nephrology,3.4,False,low,0.133,143006,31.651713,74.922243
2627,IVY Cardiology Medical Center,Amritsar,Tier-3,Cardiology,3.4,False,low,0.115,143006,31.593464,74.828529
2628,EMC General Medicine Super Speciality Hospital,Amritsar,Tier-3,General Medicine,3.2,False,low,0.34,143002,31.692521,74.948278
2629,Sri Guru Ram Das Gynaecology Institute,Amritsar,Tier-3,Gynaecology,3.1,False,low,0.133,143005,31.676371,74.861663
2630,Amandeep Neurology Medical Center,Amritsar,Tier-3,Neurology,3.8,False,medium,0.592,143001,31.68942,74.938903
2631,Golden Temple Neurology Institute,Amritsar,Tier-3,Neurology,3.2,True,low,0.286,143005,31.653891,74.842098
2632,Khalsa Gynaecology Institute,Amritsar,Tier-3,Gynaecology,3.0,False,low,0.096,143003,31.656361,74.83098
2633,IVY Gastroenterology Super Speciality Hospital,Amritsar,Tier-3,Gastroenterology,3.3,False,low,0.327,143008,31.618185,74.867235
2634,EMC Cardiology Clinic,Amritsar,Tier-3,Cardiology,3.9,True,medium,0.688,143002,31.641872,74.93927
2635,Sri Guru Ram Das Neurology Super Speciality Hospital,Amritsar,Tier-3,Neurology,4.6,True,high,0.902,143005,31.65414,74.938568
2636,Amandeep Nephrology Institute,Amritsar,Tier-3,Nephrology,3.3,False,low,0.322,143001,31.601676,74.937843
2637,Golden Temple Psychiatry Super Speciality Hospital,Amritsar,Tier-3,Psychiatry,4.6,True,high,0.906,143006,31.686145,74.890583
2638,Khalsa Orthopedics Hospital,Amritsar,Tier-3,Orthopedics,3.0,False,low,0.046,143001,31.593852,74.91288
2639,IVY Orthopedics Healthcare,Amritsar,Tier-3,Orthopedics,4.2,False,medium,0.586,143008,31.632107,74.902291
2640,EMC Gastroenterology Institute,Amritsar,Tier-3,Gastroenterology,3.6,True,medium,0.529,143002,31.597682,74.904596
2641,Sri Guru Ram Das Orthopedics Clinic,Amritsar,Tier-3,Orthopedics,3.1,False,low,0.041,143001,31.581833,74.857511
2642,Amandeep Pediatrics Medical Center,Amritsar,Tier-3,Pediatrics,3.6,False,low,0.366,143001,31.594264,74.821064
2643,Golden Temple Pulmonology Super Speciality Hospital,Amritsar,Tier-3,Pulmonology,3.7,False,low,0.296,143003,31.593961,74.930657
2644,Khalsa Neurology Healthcare,Amritsar,Tier-3,Neurology,3.2,False,low,0.199,143003,31.610637,74.901004
2645,IVY ENT Hospital,Amritsar,Tier-3,ENT,3.0,False,low,0.203,143008,31.697593,74.857921
2646,EMC Oncology Hospital,Amritsar,Tier-3,Oncology,3.2,False,low,0.129,143008,31.682673,74.822916
2647,Sri Guru Ram Das Gynaecology Institute,Amritsar,Tier-3,Gynaecology,3.3,False,low,0.368,143005,31.689114,74.921445
2648,Amandeep General Medicine Clinic,Amritsar,Tier-3,General Medicine,3.0,False,low,0.042,143001,31.602905,74.822122
2649,Golden Temple Orthopedics Super Speciality Hospital,Amritsar,Tier-3,Orthopedics,3.0,True,low,0.153,143006,31.615576,74.844411
2650,Khalsa General Medicine Medical Center,Amritsar,Tier-3,General Medicine,3.6,True,medium,0.592,143001,31.61574,74.877449
2651,Kalinga Orthopedics Medical Center,Bhubaneswar,Tier-3,Orthopedics,4.4,True,high,0.791,751003,20.25691,85.843509
2652,SUM Pediatrics Medical Center,Bhubaneswar,Tier-3,Pediatrics,3.5,False,low,0.384,751007,20.234759,85.842336
2653,Pradyumna Bal Gynaecology Super Speciality Hospital,Bhubaneswar,Tier-3,Gynaecology,4.4,True,high,0.939,751001,20.330002,85.841939
2654,Utkal Dermatology Clinic,Bhubaneswar,Tier-3,Dermatology,3.7,False,low,0.327,751004,20.337731,85.803632
2655,Kar Gastroenterology Clinic,Bhubaneswar,Tier-3,Gastroenterology,3.8,True,medium,0.536,751012,20.251038,85.862296
2656,Blue Wheel Ophthalmology Healthcare,Bhubaneswar,Tier-3,Ophthalmology,3.4,False,low,0.049,751007,20.278135,85.819552
2657,Jagannath Urology Clinic,Bhubaneswar,Tier-3,Urology,3.6,False,low,0.197,751012,20.316373,85.818359
2658,Kalinga Nephrology Institute,Bhubaneswar,Tier-3,Nephrology,3.8,True,low,0.366,751003,20.271492,85.88459
2659,SUM Nephrology Institute,Bhubaneswar,Tier-3,Nephrology,3.0,False,low,0.078,751007,20.272,85.821752
2660,Pradyumna Bal General Medicine Super Speciality Hospital,Bhubaneswar,Tier-3,General Medicine,3.2,False,low,0.083,751004,20.37974,85.834023
2661,Utkal Neurology Medical Center,Bhubaneswar,Tier-3,Neurology,3.5,True,low,0.12,751007,20.261831,85.827551
2662,Kar ENT Hospital,Bhubaneswar,Tier-3,ENT,4.2,False,medium,0.687,751002,20.341415,85.892675
2663,Blue Wheel Pulmonology Super Speciality Hospital,Bhubaneswar,Tier-3,Pulmonology,3.0,True,low,0.057,751002,20.354131,85.838288
2664,Jagannath Ophthalmology Clinic,Bhubaneswar,Tier-3,Ophthalmology,4.1,True,high,0.718,751004,20.239775,85.875922
2665,Kalinga General Medicine Hospital,Bhubaneswar,Tier-3,General Medicine,4.1,False,medium,0.682,751012,20.287951,85.86724
2666,SUM ENT Super Speciality Hospital,Bhubaneswar,Tier-3,ENT,3.3,True,low,0.308,751004,20.320675,85.808189
2667,Pradyumna Bal Dermatology Clinic,Bhubaneswar,Tier-3,Dermatology,3.3,False,low,0.314,751004,20.246636,85.843058
2668,Utkal Pediatrics Clinic,Bhubaneswar,Tier-3,Pediatrics,3.4,False,low,0.208,751007,20.297755,85.792046
2669,Kar Psychiatry Healthcare,Bhubaneswar,Tier-3,Psychiatry,3.0,False,low,0.181,751012,20.332533,85.811542
2670,Blue Wheel Ophthalmology Clinic,Bhubaneswar,Tier-3,Ophthalmology,3.0,False,low,0.057,751004,20.366982,85.854215
2671,Jagannath Urology Healthcare,Bhubaneswar,Tier-3,Urology,3.8,False,medium,0.644,751004,20.377563,85.814312
2672,Kalinga ENT Institute,Bhubaneswar,Tier-3,ENT,4.2,True,high,0.792,751001,20.270817,85.819779
2673,SUM General Medicine Super Speciality Hospital,Bhubaneswar,Tier-3,General Medicine,3.1,False,low,0.085,751004,20.236697,85.841039
2674,Pradyumna Bal Urology Clinic,Bhubaneswar,Tier-3,Urology,4.2,True,high,0.801,751001,20.372906,85.835931
2675,Utkal Cardiology Clinic,Bhubaneswar,Tier-3,Cardiology,3.8,False,low,0.381,751001,20.314557,85.858498
2676,Kar Neurology Hospital,Bhubaneswar,Tier-3,Neurology,3.5,False,low,0.361,751007,20.376081,85.81733
2677,Blue Wheel Psychiatry Hospital,Bhubaneswar,Tier-3,Psychiatry,3.4,True,low,0.085,751001,20.365368,85.818061
2678,Jagannath Gynaecology Super Speciality Hospital,Bhubaneswar,Tier-3,Gynaecology,3.2,False,low,0.277,751012,20.272168,85.806912
2679,Kalinga Dermatology Institute,Bhubaneswar,Tier-3,Dermatology,4.0,True,medium,0.487,751007,20.250617,85.784019
2680,SUM Orthopedics Medical Center,Bhubaneswar,Tier-3,Orthopedics,3.0,True,low,0.047,751012,20.252929,85.786733
2681,Pradyumna Bal Orthopedics Hospital,Bhubaneswar,Tier-3,Orthopedics,3.5,False,low,0.355,751001,20.309938,85.799802
2682,Utkal Nephrology Super Speciality Hospital,Bhubaneswar,Tier-3,Nephrology,3.8,True,medium,0.602,751004,20.260837,85.7873
2683,Kar Cardiology Medical Center,Bhubaneswar,Tier-3,Cardiology,3.2,False,low,0.135,751012,20.251121,85.879864
2684,Blue Wheel Gastroenterology Clinic,Bhubaneswar,Tier-3,Gastroenterology,3.2,True,low,0.221,751001,20.228518,85.856972
2685,Jagannath Pulmonology Healthcare,Bhubaneswar,Tier-3,Pulmonology,3.4,False,low,0.067,751001,20.331019,85.889913
2686,Kalinga Orthopedics Medical Center,Bhubaneswar,Tier-3,Orthopedics,3.6,False,low,0.347,751004,20.309436,85.84121
2687,SUM General Medicine Medical Center,Bhubaneswar,Tier-3,General Medicine,3.4,False,low,0.203,751003,20.374321,85.855979
2688,Pradyumna Bal Oncology Medical Center,Bhubaneswar,Tier-3,Oncology,4.2,True,high,0.886,751012,20.342093,85.830699
2689,Utkal Cardiology Medical Center,Bhubaneswar,Tier-3,Cardiology,3.6,False,low,0.331,751002,20.323785,85.89483
2690,Kar Gynaecology Clinic,Bhubaneswar,Tier-3,Gynaecology,4.1,True,high,0.936,751002,20.259526,85.848503
2691,Blue Wheel Orthopedics Clinic,Bhubaneswar,Tier-3,Orthopedics,3.0,False,low,0.058,751002,20.298522,85.880044
2692,Jagannath ENT Institute,Bhubaneswar,Tier-3,ENT,3.2,False,low,0.111,751012,20.295613,85.858033
2693,Kalinga General Medicine Medical Center,Bhubaneswar,Tier-3,General Medicine,3.1,True,low,0.113,751007,20.26547,85.878031
2694,SUM Orthopedics Super Speciality Hospital,Bhubaneswar,Tier-3,Orthopedics,3.4,False,low,0.317,751002,20.372627,85.789244
2695,Pradyumna Bal Nephrology Medical Center,Bhubaneswar,Tier-3,Nephrology,4.0,False,medium,0.505,751004,20.340009,85.850044
2696,Utkal Ophthalmology Healthcare,Bhubaneswar,Tier-3,Ophthalmology,3.3,False,low,0.087,751012,20.280744,85.831685
2697,Kar Urology Medical Center,Bhubaneswar,Tier-3,Urology,3.0,False,low,0.029,751004,20.369195,85.819289
2698,Blue Wheel Cardiology Clinic,Bhubaneswar,Tier-3,Cardiology,3.6,False,low,0.207,751003,20.378446,85.876494
2699,Jagannath Neurology Institute,Bhubaneswar,Tier-3,Neurology,3.5,False,low,0.231,751003,20.291406,85.835881
2700,Kalinga ENT Super Speciality Hospital,Bhubaneswar,Tier-3,ENT,3.4,False,low,0.344,751003,20.231411,85.783835
2701,SUM General Medicine Healthcare,Bhubaneswar,Tier-3,General Medicine,3.3,False,low,0.359,751003,20.361821,85.856536
2702,Pradyumna Bal Oncology Hospital,Bhubaneswar,Tier-3,Oncology,3.4,True,low,0.32,751001,20.230608,85.821647
2703,Utkal Cardiology Healthcare,Bhubaneswar,Tier-3,Cardiology,3.0,False,low,0.125,751001,20.300504,85.886711
2704,Kar Pulmonology Medical Center,Bhubaneswar,Tier-3,Pulmonology,3.3,False,low,0.26,751001,20.24058,85.833527
2705,Blue Wheel Cardiology Hospital,Bhubaneswar,Tier-3,Cardiology,3.1,False,low,0.196,751012,20.371746,85.859069
2706,Jagannath Ophthalmology Medical Center,Bhubaneswar,Tier-3,Ophthalmology,3.3,True,low,0.092,751003,20.358278,85.797791
2707,Kalinga Gynaecology Super Speciality Hospital,Bhubaneswar,Tier-3,Gynaecology,3.5,False,low,0.383,751002,20.22491,85.781795
2708,SUM General Medicine Medical Center,Bhubaneswar,Tier-3,General Medicine,3.5,True,low,0.362,751007,20.278446,85.827513
2709,Pradyumna Bal Oncology Institute,Bhubaneswar,Tier-3,Oncology,4.0,True,high,0.833,751012,20.281598,85.802926
2710,Utkal Oncology Hospital,Bhubaneswar,Tier-3,Oncology,3.4,False,low,0.34,751012,20.352811,85.852383
2711,Kar Psychiatry Hospital,Bhubaneswar,Tier-3,Psychiatry,3.2,False,low,0.101,751003,20.235565,85.787771
2712,Blue Wheel Psychiatry Healthcare,Bhubaneswar,Tier-3,Psychiatry,3.8,False,low,0.345,751002,20.327095,85.829207
2713,Jagannath Pediatrics Super Speciality Hospital,Bhubaneswar,Tier-3,Pediatrics,3.4,False,low,0.083,751007,20.253939,85.882637
2714,Kalinga Neurology Institute,Bhubaneswar,Tier-3,Neurology,3.0,False,low,0.083,751004,20.331684,85.894412
2715,SUM Neurology Hospital,Bhubaneswar,Tier-3,Neurology,4.1,True,high,0.84,751002,20.237936,85.896682
2716,Pradyumna Bal Urology Hospital,Bhubaneswar,Tier-3,Urology,3.7,False,low,0.362,751012,20.222511,85.841074
2717,Utkal Ophthalmology Super Speciality Hospital,Bhubaneswar,Tier-3,Ophthalmology,3.7,False,low,0.373,751012,20.25647,85.872663
2718,Kar Ophthalmology Healthcare,Bhubaneswar,Tier-3,Ophthalmology,3.4,False,low,0.345,751002,20.367529,85.87483
2719,Blue Wheel ENT Healthcare,Bhubaneswar,Tier-3,ENT,3.1,True,low,0.081,751002,20.292715,85.838578
2720,Jagannath Pediatrics Hospital,Bhubaneswar,Tier-3,Pediatrics,3.5,False,low,0.3,751003,20.327966,85.888003
2721,Doon Pediatrics Clinic,Dehradun,Tier-3,Pediatrics,3.4,False,low,0.192,248005,30.300073,78.046551
2722,Mahant Indiresh Pediatrics Institute,Dehradun,Tier-3,Pediatrics,3.5,False,low,0.297,248001,30.319441,77.996362
2723,Himalayan Oncology Medical Center,Dehradun,Tier-3,Oncology,3.8,False,medium,0.512,248002,30.334498,77.997417
2724,Synergy ENT Super Speciality Hospital,Dehradun,Tier-3,ENT,4.4,True,high,0.739,248006,30.318397,78.037689
2725,Velmed Cardiology Institute,Dehradun,Tier-3,Cardiology,3.4,False,medium,0.498,248002,30.283203,78.093517
2726,Kailash Orthopedics Healthcare,Dehradun,Tier-3,Orthopedics,4.3,True,high,0.809,248002,30.332148,78.085513
2727,Kedarnath Neurology Clinic,Dehradun,Tier-3,Neurology,3.3,True,low,0.298,248003,30.299075,77.989166
2728,Doon Pediatrics Institute,Dehradun,Tier-3,Pediatrics,4.2,False,medium,0.64,248002,30.327325,78.068189
2729,Mahant Indiresh Oncology Clinic,Dehradun,Tier-3,Oncology,3.7,False,low,0.285,248005,30.318873,78.079433
2730,Himalayan Ophthalmology Medical Center,Dehradun,Tier-3,Ophthalmology,3.3,False,low,0.046,248001,30.275479,78.042057
2731,Synergy Ophthalmology Clinic,Dehradun,Tier-3,Ophthalmology,3.1,False,low,0.11,248005,30.343313,77.987747
2732,Velmed Cardiology Super Speciality Hospital,Dehradun,Tier-3,Cardiology,3.2,False,low,0.128,248006,30.301473,77.994548
2733,Kailash Cardiology Hospital,Dehradun,Tier-3,Cardiology,3.4,True,low,0.225,248001,30.353467,78.05207
2734,Kedarnath Nephrology Clinic,Dehradun,Tier-3,Nephrology,3.8,False,low,0.364,248003,30.358371,78.070686
2735,Doon Psychiatry Hospital,Dehradun,Tier-3,Psychiatry,3.4,False,low,0.374,248002,30.305778,77.993523
2736,Mahant Indiresh Pediatrics Clinic,Dehradun,Tier-3,Pediatrics,3.7,True,medium,0.43,248005,30.368828,78.064917
2737,Himalayan Oncology Medical Center,Dehradun,Tier-3,Oncology,3.6,False,low,0.251,248003,30.379691,78.057024
2738,Synergy Dermatology Medical Center,Dehradun,Tier-3,Dermatology,3.4,False,low,0.205,248005,30.323816,78.012724
2739,Velmed Cardiology Medical Center,Dehradun,Tier-3,Cardiology,4.1,False,medium,0.627,248005,30.320498,78.002514
2740,Kailash Gynaecology Super Speciality Hospital,Dehradun,Tier-3,Gynaecology,3.1,True,low,0.139,248003,30.270903,77.995562
2741,Kedarnath Dermatology Healthcare,Dehradun,Tier-3,Dermatology,3.3,False,low,0.074,248005,30.325995,78.05937
2742,Doon Gynaecology Hospital,Dehradun,Tier-3,Gynaecology,3.2,True,low,0.033,248003,30.325082,78.04007
2743,Mahant Indiresh Pediatrics Institute,Dehradun,Tier-3,Pediatrics,3.0,True,low,0.136,248002,30.318754,78.011462
2744,Himalayan Gastroenterology Medical Center,Dehradun,Tier-3,Gastroenterology,3.4,False,low,0.055,248005,30.307275,78.018314
2745,Synergy Neurology Hospital,Dehradun,Tier-3,Neurology,3.2,False,low,0.015,248003,30.307271,77.997741
2746,Velmed General Medicine Super Speciality Hospital,Dehradun,Tier-3,General Medicine,3.8,False,low,0.328,248005,30.34508,78.038548
2747,Kailash Neurology Clinic,Dehradun,Tier-3,Neurology,3.0,True,low,0.005,248001,30.353734,78.038338
2748,Kedarnath Pediatrics Institute,Dehradun,Tier-3,Pediatrics,3.3,False,low,0.204,248002,30.29506,78.044934
2749,Doon Ophthalmology Institute,Dehradun,Tier-3,Ophthalmology,3.7,False,low,0.286,248005,30.331066,78.047186
2750,Mahant Indiresh Cardiology Hospital,Dehradun,Tier-3,Cardiology,3.6,True,low,0.361,248007,30.281474,78.062623
2751,Himalayan Ophthalmology Institute,Dehradun,Tier-3,Ophthalmology,3.7,False,medium,0.652,248002,30.33546,78.037336
2752,Synergy ENT Healthcare,Dehradun,Tier-3,ENT,3.2,False,low,0.146,248005,30.349495,78.01067
2753,Velmed Gastroenterology Clinic,Dehradun,Tier-3,Gastroenterology,3.3,False,low,0.174,248007,30.316829,78.049594
2754,Kailash Oncology Clinic,Dehradun,Tier-3,Oncology,3.1,False,low,0.013,248005,30.312034,78.016272
2755,Kedarnath Pulmonology Clinic,Dehradun,Tier-3,Pulmonology,3.7,False,low,0.296,248001,30.333745,78.089642
2756,Doon Cardiology Medical Center,Dehradun,Tier-3,Cardiology,4.1,False,medium,0.627,248001,30.277018,78.029232
2757,Mahant Indiresh Gastroenterology Clinic,Dehradun,Tier-3,Gastroenterology,3.4,False,low,0.213,248001,30.300089,78.045242
2758,Himalayan General Medicine Institute,Dehradun,Tier-3,General Medicine,3.7,False,low,0.326,248005,30.357617,78.044658
2759,Synergy Nephrology Hospital,Dehradun,Tier-3,Nephrology,3.6,False,low,0.387,248006,30.317282,78.082902
2760,Velmed Pediatrics Institute,Dehradun,Tier-3,Pediatrics,3.3,False,low,0.339,248007,30.282686,78.014303
2761,Kailash Orthopedics Medical Center,Dehradun,Tier-3,Orthopedics,3.6,False,low,0.234,248007,30.32615,77.98319
2762,Kedarnath Gastroenterology Institute,Dehradun,Tier-3,Gastroenterology,3.4,True,low,0.149,248005,30.362779,78.060123
2763,Doon Cardiology Medical Center,Dehradun,Tier-3,Cardiology,4.2,False,medium,0.601,248005,30.292655,78.020856
2764,Mahant Indiresh Ophthalmology Hospital,Dehradun,Tier-3,Ophthalmology,3.3,True,low,0.049,248006,30.308284,78.01759
2765,Himalayan Oncology Super Speciality Hospital,Dehradun,Tier-3,Oncology,3.4,True,low,0.157,248005,30.29003,78.058115
2766,Synergy Gynaecology Super Speciality Hospital,Dehradun,Tier-3,Gynaecology,3.8,False,medium,0.575,248001,30.337839,77.985095
2767,Velmed Neurology Healthcare,Dehradun,Tier-3,Neurology,3.2,False,low,0.137,248001,30.299309,78.028743
2768,Kailash Dermatology Clinic,Dehradun,Tier-3,Dermatology,3.5,False,low,0.377,248005,30.302126,77.999934
2769,Kedarnath Psychiatry Healthcare,Dehradun,Tier-3,Psychiatry,3.9,False,medium,0.47,248001,30.365823,77.998862
2770,Doon Nephrology Clinic,Dehradun,Tier-3,Nephrology,3.2,False,low,0.22,248003,30.30225,77.988034
2771,Mahant Indiresh Neurology Healthcare,Dehradun,Tier-3,Neurology,3.4,False,low,0.172,248001,30.311363,78.065627
2772,Himalayan Orthopedics Clinic,Dehradun,Tier-3,Orthopedics,3.0,False,low,0.175,248005,30.318883,78.011168
2773,Synergy Gastroenterology Clinic,Dehradun,Tier-3,Gastroenterology,4.0,True,high,0.712,248005,30.373338,78.008236
2774,Velmed Neurology Medical Center,Dehradun,Tier-3,Neurology,3.0,True,low,0.109,248002,30.363403,77.983789
2775,Kailash Pediatrics Clinic,Dehradun,Tier-3,Pediatrics,3.5,False,low,0.382,248003,30.292703,78.030475
2776,Kedarnath Gastroenterology Hospital,Dehradun,Tier-3,Gastroenterology,3.1,False,low,0.185,248002,30.284944,78.00699
2777,Doon Pediatrics Medical Center,Dehradun,Tier-3,Pediatrics,3.6,True,low,0.329,248002,30.323661,78.034171
2778,Mahant Indiresh Cardiology Hospital,Dehradun,Tier-3,Cardiology,3.2,False,low,0.164,248005,30.273014,78.098017
2779,Himalayan Psychiatry Medical Center,Dehradun,Tier-3,Psychiatry,3.6,True,medium,0.573,248001,30.324696,78.031623
2780,Synergy Pediatrics Hospital,Dehradun,Tier-3,Pediatrics,3.5,False,low,0.365,248007,30.371916,77.981611
2781,Velmed Gynaecology Medical Center,Dehradun,Tier-3,Gynaecology,3.2,True,low,0.098,248001,30.313811,78.036184
2782,Kailash Gynaecology Clinic,Dehradun,Tier-3,Gynaecology,3.0,False,low,0.038,248007,30.271711,77.990968
2783,Kedarnath Orthopedics Institute,Dehradun,Tier-3,Orthopedics,3.4,True,low,0.1,248007,30.369578,77.989616
2784,Doon Neurology Super Speciality Hospital,Dehradun,Tier-3,Neurology,3.2,False,low,0.143,248005,30.328228,78.014417
2785,Mahant Indiresh Oncology Medical Center,Dehradun,Tier-3,Oncology,3.9,False,medium,0.493,248003,30.365428,78.086384
2786,Himalayan Urology Healthcare,Dehradun,Tier-3,Urology,3.4,False,low,0.265,248005,30.283773,78.021609
2787,Synergy General Medicine Clinic,Dehradun,Tier-3,General Medicine,4.0,False,medium,0.487,248001,30.293102,78.052163
2788,Velmed Pediatrics Hospital,Dehradun,Tier-3,Pediatrics,4.0,False,medium,0.675,248006,30.284664,78.001266
2789,Kailash Nephrology Super Speciality Hospital,Dehradun,Tier-3,Nephrology,4.1,False,medium,0.649,248007,30.305254,78.071976
2790,Kedarnath Gastroenterology Hospital,Dehradun,Tier-3,Gastroenterology,4.2,False,high,0.741,248005,30.337205,78.033489
2791,Anandaloke Urology Institute,Siliguri,Tier-3,Urology,3.8,True,medium,0.428,734003,26.779921,88.380128
2792,Neotia Getwel Gastroenterology Healthcare,Siliguri,Tier-3,Gastroenterology,4.1,True,medium,0.579,734004,26.763297,88.389737
2793,Paramount General Medicine Hospital,Siliguri,Tier-3,General Medicine,3.6,True,medium,0.403,734003,26.741183,88.381203
2794,North Bengal Dermatology Institute,Siliguri,Tier-3,Dermatology,3.2,False,low,0.279,734002,26.763253,88.456632
2795,Kanchanjunga General Medicine Medical Center,Siliguri,Tier-3,General Medicine,4.3,True,medium,0.668,734004,26.691759,88.408281
2796,Teesta Gynaecology Hospital,Siliguri,Tier-3,Gynaecology,3.3,False,low,0.029,734001,26.779342,88.466333
2797,Anandaloke Neurology Clinic,Siliguri,Tier-3,Neurology,4.0,False,medium,0.544,734006,26.684316,88.421896
2798,Neotia Getwel ENT Hospital,Siliguri,Tier-3,ENT,3.0,False,low,0.102,734004,26.755248,88.434784
2799,Paramount Psychiatry Clinic,Siliguri,Tier-3,Psychiatry,3.4,False,low,0.16,734003,26.712217,88.470069
2800,North Bengal Pediatrics Clinic,Siliguri,Tier-3,Pediatrics,3.5,True,low,0.251,734004,26.73422,88.4723
2801,Kanchanjunga General Medicine Clinic,Siliguri,Tier-3,General Medicine,3.8,False,low,0.325,734003,26.744206,88.426619
2802,Teesta Pediatrics Medical Center,Siliguri,Tier-3,Pediatrics,3.7,False,low,0.377,734002,26.761917,88.387242
2803,Anandaloke Gynaecology Institute,Siliguri,Tier-3,Gynaecology,3.7,True,medium,0.533,734002,26.746076,88.3863
2804,Neotia Getwel Gastroenterology Healthcare,Siliguri,Tier-3,Gastroenterology,3.2,False,low,0.132,734005,26.694973,88.395157
2805,Paramount Neurology Medical Center,Siliguri,Tier-3,Neurology,3.2,False,low,0.097,734001,26.736497,88.468724
2806,North Bengal Pulmonology Clinic,Siliguri,Tier-3,Pulmonology,3.7,False,medium,0.476,734006,26.776999,88.40926
2807,Kanchanjunga Neurology Medical Center,Siliguri,Tier-3,Neurology,3.5,False,medium,0.471,734003,26.689207,88.466209
2808,Teesta Ophthalmology Institute,Siliguri,Tier-3,Ophthalmology,3.3,False,low,0.325,734002,26.745646,88.47484
2809,Anandaloke Orthopedics Institute,Siliguri,Tier-3,Orthopedics,3.2,False,low,0.073,734006,26.775615,88.425796
2810,Neotia Getwel Oncology Clinic,Siliguri,Tier-3,Oncology,3.5,False,low,0.169,734004,26.734018,88.403886
2811,Paramount Oncology Super Speciality Hospital,Siliguri,Tier-3,Oncology,4.4,True,high,0.798,734002,26.714438,88.412597
2812,North Bengal Oncology Healthcare,Siliguri,Tier-3,Oncology,3.0,False,low,0.147,734002,26.681782,88.435476
2813,Kanchanjunga Cardiology Institute,Siliguri,Tier-3,Cardiology,3.8,True,low,0.328,734006,26.702199,88.416373
2814,Teesta General Medicine Healthcare,Siliguri,Tier-3,General Medicine,3.6,True,low,0.2,734001,26.746573,88.425008
2815,Anandaloke Pediatrics Medical Center,Siliguri,Tier-3,Pediatrics,3.5,True,low,0.344,734004,26.694791,88.388677
2816,Neotia Getwel Pediatrics Healthcare,Siliguri,Tier-3,Pediatrics,3.7,False,medium,0.415,734002,26.686276,88.454308
2817,Paramount Cardiology Healthcare,Siliguri,Tier-3,Cardiology,3.4,False,low,0.089,734001,26.719677,88.406419
2818,North Bengal Pediatrics Healthcare,Siliguri,Tier-3,Pediatrics,3.9,True,medium,0.609,734003,26.778467,88.39207
2819,Kanchanjunga Urology Healthcare,Siliguri,Tier-3,Urology,3.0,False,low,0.068,734006,26.749243,88.437457
2820,Teesta Orthopedics Super Speciality Hospital,Siliguri,Tier-3,Orthopedics,3.7,False,low,0.31,734001,26.723272,88.47598
2821,Anandaloke Neurology Super Speciality Hospital,Siliguri,Tier-3,Neurology,3.6,True,low,0.261,734001,26.716224,88.435415
2822,Neotia Getwel Dermatology Healthcare,Siliguri,Tier-3,Dermatology,3.1,False,low,0.199,734004,26.754644,88.392966
2823,Paramount Ophthalmology Healthcare,Siliguri,Tier-3,Ophthalmology,3.7,False,low,0.332,734001,26.731015,88.467745
2824,North Bengal Pediatrics Super Speciality Hospital,Siliguri,Tier-3,Pediatrics,3.2,False,low,0.082,734005,26.711702,88.402819
2825,Kanchanjunga Urology Clinic,Siliguri,Tier-3,Urology,3.6,False,low,0.371,734003,26.77623,88.414289
2826,Teesta Dermatology Clinic,Siliguri,Tier-3,Dermatology,3.5,True,low,0.216,734002,26.723293,88.402858
2827,Anandaloke Urology Super Speciality Hospital,Siliguri,Tier-3,Urology,3.0,False,low,0.057,734005,26.760691,88.442106
2828,Neotia Getwel Ophthalmology Institute,Siliguri,Tier-3,Ophthalmology,3.3,False,low,0.021,734006,26.701643,88.424967
2829,Paramount Pediatrics Hospital,Siliguri,Tier-3,Pediatrics,4.4,True,high,0.947,734006,26.71761,88.412114
2830,North Bengal General Medicine Healthcare,Siliguri,Tier-3,General Medicine,3.3,True,low,0.191,734002,26.685901,88.421082
2831,Kanchanjunga Psychiatry Healthcare,Siliguri,Tier-3,Psychiatry,3.9,False,medium,0.513,734003,26.727482,88.420872
2832,Teesta Gynaecology Super Speciality Hospital,Siliguri,Tier-3,Gynaecology,3.2,False,low,0.218,734005,26.757244,88.381049
2833,Anandaloke Dermatology Medical Center,Siliguri,Tier-3,Dermatology,3.0,False,low,0.116,734006,26.70775,88.443799
2834,Neotia Getwel Orthopedics Hospital,Siliguri,Tier-3,Orthopedics,3.8,False,low,0.375,734004,26.764912,88.451768
2835,Paramount Pediatrics Hospital,Siliguri,Tier-3,Pediatrics,3.8,False,low,0.369,734002,26.699452,88.468011
2836,North Bengal Pediatrics Institute,Siliguri,Tier-3,Pediatrics,3.0,False,low,0.025,734002,26.741026,88.420784
2837,Kanchanjunga Oncology Clinic,Siliguri,Tier-3,Oncology,3.7,False,low,0.363,734002,26.77321,88.422079
2838,Teesta Ophthalmology Medical Center,Siliguri,Tier-3,Ophthalmology,3.3,False,low,0.212,734004,26.684391,88.414736
2839,Anandaloke Orthopedics Clinic,Siliguri,Tier-3,Orthopedics,3.5,True,medium,0.456,734006,26.69324,88.468152
2840,Neotia Getwel Orthopedics Institute,Siliguri,Tier-3,Orthopedics,3.2,False,low,0.202,734002,26.69856,88.397924
2841,Paramount ENT Clinic,Siliguri,Tier-3,ENT,3.5,False,low,0.311,734002,26.732647,88.432085
2842,North Bengal Oncology Institute,Siliguri,Tier-3,Oncology,3.2,False,low,0.172,734003,26.769587,88.464207
2843,Kanchanjunga Urology Super Speciality Hospital,Siliguri,Tier-3,Urology,4.4,True,high,0.993,734003,26.769565,88.409738
2844,Teesta General Medicine Healthcare,Siliguri,Tier-3,General Medicine,3.2,False,low,0.207,734005,26.767267,88.427568
2845,Anandaloke ENT Healthcare,Siliguri,Tier-3,ENT,4.1,False,high,0.923,734002,26.754313,88.406384
2846,Neotia Getwel Neurology Hospital,Siliguri,Tier-3,Neurology,3.0,False,low,0.076,734002,26.752452,88.396948
2847,Paramount General Medicine Super Speciality Hospital,Siliguri,Tier-3,General Medicine,3.6,False,low,0.294,734006,26.743828,88.428734
2848,North Bengal Oncology Clinic,Siliguri,Tier-3,Oncology,3.1,False,low,0.154,734006,26.708994,88.467837
2849,Kanchanjunga Nephrology Hospital,Siliguri,Tier-3,Nephrology,3.3,False,low,0.361,734006,26.758915,88.444962
2850,Teesta General Medicine Hospital,Siliguri,Tier-3,General Medicine,3.6,False,low,0.371,734004,26.709068,88.414361
2851,Anandaloke General Medicine Medical Center,Siliguri,Tier-3,General Medicine,3.7,True,medium,0.599,734001,26.685137,88.393871
2852,Neotia Getwel ENT Healthcare,Siliguri,Tier-3,ENT,4.0,True,medium,0.463,734002,26.731248,88.471603
2853,Paramount Gastroenterology Hospital,Siliguri,Tier-3,Gastroenterology,3.4,True,low,0.313,734001,26.702557,88.421573
2854,North Bengal General Medicine Super Speciality Hospital,Siliguri,Tier-3,General Medicine,3.5,False,low,0.248,734005,26.76977,88.441486
2855,Kanchanjunga Pediatrics Hospital,Siliguri,Tier-3,Pediatrics,3.0,True,low,0.008,734001,26.765523,88.419482
2856,Teesta Urology Clinic,Siliguri,Tier-3,Urology,3.5,True,low,0.292,734002,26.766496,88.457797
2857,Anandaloke Neurology Super Speciality Hospital,Siliguri,Tier-3,Neurology,3.2,False,low,0.007,734006,26.738176,88.447096
2858,Neotia Getwel Neurology Clinic,Siliguri,Tier-3,Neurology,3.6,False,low,0.363,734005,26.708939,88.428593
2859,Paramount ENT Clinic,Siliguri,Tier-3,ENT,3.6,False,medium,0.555,734006,26.770011,88.40686
2860,North Bengal Gastroenterology Medical Center,Siliguri,Tier-3,Gastroenterology,3.6,True,low,0.252,734002,26.759019,88.457306
2861,Kamalnayan Bajaj Cardiology Super Speciality Hospital,Aurangabad,Tier-3,Cardiology,3.8,False,medium,0.481,431008,19.941894,75.376812
2862,United CIIGMA ENT Medical Center,Aurangabad,Tier-3,ENT,3.7,True,medium,0.659,431001,19.912248,75.331032
2863,Dr. Hedgewar Pediatrics Medical Center,Aurangabad,Tier-3,Pediatrics,3.6,True,low,0.247,431002,19.925698,75.334346
2864,Sigma General Medicine Super Speciality Hospital,Aurangabad,Tier-3,General Medicine,3.9,True,medium,0.677,431008,19.895445,75.372197
2865,Marathwada Cardiology Clinic,Aurangabad,Tier-3,Cardiology,3.6,False,medium,0.515,431002,19.88217,75.365564
2866,Chhatrapati Sambhaji Neurology Hospital,Aurangabad,Tier-3,Neurology,3.4,False,low,0.198,431005,19.890314,75.396574
2867,Kamalnayan Bajaj Neurology Hospital,Aurangabad,Tier-3,Neurology,3.7,False,medium,0.648,431005,19.898862,75.404322
2868,United CIIGMA Pulmonology Institute,Aurangabad,Tier-3,Pulmonology,3.3,False,low,0.068,431005,19.834912,75.283168
2869,Dr. Hedgewar Nephrology Medical Center,Aurangabad,Tier-3,Nephrology,3.5,False,low,0.345,431007,19.939662,75.379512
2870,Sigma Neurology Healthcare,Aurangabad,Tier-3,Neurology,3.3,False,low,0.141,431002,19.904886,75.354478
2871,Marathwada Pediatrics Super Speciality Hospital,Aurangabad,Tier-3,Pediatrics,3.6,False,low,0.353,431003,19.823411,75.419438
2872,Chhatrapati Sambhaji Orthopedics Medical Center,Aurangabad,Tier-3,Orthopedics,3.1,False,low,0.157,431008,19.838046,75.320232
2873,Kamalnayan Bajaj Gynaecology Healthcare,Aurangabad,Tier-3,Gynaecology,3.2,True,low,0.198,431005,19.837992,75.371527
2874,United CIIGMA Urology Hospital,Aurangabad,Tier-3,Urology,3.6,False,low,0.252,431005,19.917288,75.392836
2875,Dr. Hedgewar Ophthalmology Super Speciality Hospital,Aurangabad,Tier-3,Ophthalmology,3.4,False,low,0.152,431002,19.8951,75.399051
2876,Sigma Nephrology Medical Center,Aurangabad,Tier-3,Nephrology,3.0,True,low,0.062,431002,19.889965,75.318636
2877,Marathwada Cardiology Healthcare,Aurangabad,Tier-3,Cardiology,3.7,False,medium,0.66,431003,19.857337,75.366612
2878,Chhatrapati Sambhaji General Medicine Institute,Aurangabad,Tier-3,General Medicine,3.4,False,low,0.173,431001,19.863357,75.415241
2879,Kamalnayan Bajaj Cardiology Medical Center,Aurangabad,Tier-3,Cardiology,3.3,False,low,0.231,431003,19.945189,75.346567
2880,United CIIGMA Dermatology Super Speciality Hospital,Aurangabad,Tier-3,Dermatology,3.7,False,low,0.279,431002,19.85393,75.287234
2881,Dr. Hedgewar Ophthalmology Hospital,Aurangabad,Tier-3,Ophthalmology,3.5,False,low,0.245,431008,19.879192,75.411836
2882,Sigma ENT Institute,Aurangabad,Tier-3,ENT,3.8,False,medium,0.615,431002,19.859185,75.418755
2883,Marathwada Oncology Hospital,Aurangabad,Tier-3,Oncology,3.5,False,low,0.294,431005,19.934891,75.2833
2884,Chhatrapati Sambhaji Cardiology Institute,Aurangabad,Tier-3,Cardiology,3.1,False,low,0.063,431002,19.878593,75.309847
2885,Kamalnayan Bajaj Dermatology Medical Center,Aurangabad,Tier-3,Dermatology,3.7,False,low,0.245,431002,19.825186,75.387949
2886,United CIIGMA Gastroenterology Hospital,Aurangabad,Tier-3,Gastroenterology,3.0,False,low,0.105,431007,19.943513,75.326015
2887,Dr. Hedgewar Orthopedics Super Speciality Hospital,Aurangabad,Tier-3,Orthopedics,3.0,False,low,0.084,431002,19.822167,75.377709
2888,Sigma Oncology Clinic,Aurangabad,Tier-3,Oncology,3.0,False,low,0.083,431001,19.94687,75.323029
2889,Marathwada General Medicine Healthcare,Aurangabad,Tier-3,General Medicine,3.4,False,low,0.344,431002,19.93709,75.40262
2890,Chhatrapati Sambhaji Ophthalmology Clinic,Aurangabad,Tier-3,Ophthalmology,3.9,False,medium,0.607,431001,19.946918,75.311113
2891,Kamalnayan Bajaj ENT Hospital,Aurangabad,Tier-3,ENT,3.7,False,medium,0.589,431002,19.91828,75.410719
2892,United CIIGMA Gynaecology Healthcare,Aurangabad,Tier-3,Gynaecology,3.5,False,low,0.206,431002,19.883181,75.324726
2893,Dr. Hedgewar Psychiatry Healthcare,Aurangabad,Tier-3,Psychiatry,3.5,False,low,0.209,431001,19.835502,75.372375
2894,Sigma Oncology Clinic,Aurangabad,Tier-3,Oncology,4.0,True,medium,0.57,431001,19.895119,75.417367
2895,Marathwada ENT Super Speciality Hospital,Aurangabad,Tier-3,ENT,3.8,False,medium,0.571,431005,19.843401,75.341523
2896,Chhatrapati Sambhaji Cardiology Super Speciality Hospital,Aurangabad,Tier-3,Cardiology,3.1,True,low,0.281,431005,19.920187,75.404324
2897,Kamalnayan Bajaj Pediatrics Healthcare,Aurangabad,Tier-3,Pediatrics,3.1,False,low,0.181,431003,19.899764,75.368315
2898,United CIIGMA Gynaecology Super Speciality Hospital,Aurangabad,Tier-3,Gynaecology,3.1,True,low,0.183,431002,19.933683,75.337095
2899,Dr. Hedgewar Urology Medical Center,Aurangabad,Tier-3,Urology,3.3,False,low,0.317,431005,19.918642,75.367772
2900,Sigma ENT Institute,Aurangabad,Tier-3,ENT,3.5,False,low,0.145,431005,19.820313,75.412404
2901,Marathwada Gastroenterology Clinic,Aurangabad,Tier-3,Gastroenterology,3.4,False,low,0.148,431002,19.831942,75.387695
2902,Chhatrapati Sambhaji Pediatrics Institute,Aurangabad,Tier-3,Pediatrics,3.3,True,low,0.1,431008,19.936139,75.353727
2903,Kamalnayan Bajaj Urology Healthcare,Aurangabad,Tier-3,Urology,3.0,True,low,0.167,431007,19.883703,75.313799
2904,United CIIGMA Dermatology Super Speciality Hospital,Aurangabad,Tier-3,Dermatology,3.3,False,low,0.04,431005,19.823736,75.282185
2905,Dr. Hedgewar Pediatrics Institute,Aurangabad,Tier-3,Pediatrics,3.1,True,low,0.083,431008,19.83211,75.285812
2906,Sigma General Medicine Medical Center,Aurangabad,Tier-3,General Medicine,3.1,True,low,0.115,431007,19.869567,75.333924
2907,Marathwada Cardiology Hospital,Aurangabad,Tier-3,Cardiology,3.6,False,low,0.198,431003,19.915433,75.395486
2908,Chhatrapati Sambhaji Pulmonology Super Speciality Hospital,Aurangabad,Tier-3,Pulmonology,3.1,False,low,0.074,431008,19.891555,75.369666
2909,Kamalnayan Bajaj Ophthalmology Super Speciality Hospital,Aurangabad,Tier-3,Ophthalmology,3.5,False,low,0.147,431003,19.838361,75.34465
2910,United CIIGMA Ophthalmology Hospital,Aurangabad,Tier-3,Ophthalmology,3.0,False,low,0.107,431003,19.860375,75.41162
2911,Dr. Hedgewar Gynaecology Healthcare,Aurangabad,Tier-3,Gynaecology,3.3,False,low,0.269,431005,19.904756,75.401226
2912,Sigma Neurology Institute,Aurangabad,Tier-3,Neurology,3.5,True,low,0.22,431005,19.93221,75.414056
2913,Marathwada Neurology Super Speciality Hospital,Aurangabad,Tier-3,Neurology,3.0,False,low,0.139,431003,19.863193,75.349436
2914,Chhatrapati Sambhaji Neurology Hospital,Aurangabad,Tier-3,Neurology,3.2,False,low,0.229,431002,19.881416,75.291288
2915,Kamalnayan Bajaj Neurology Institute,Aurangabad,Tier-3,Neurology,3.2,False,low,0.056,431003,19.845015,75.335443
2916,United CIIGMA Orthopedics Healthcare,Aurangabad,Tier-3,Orthopedics,3.1,True,low,0.207,431003,19.829009,75.389808
2917,Dr. Hedgewar Pediatrics Healthcare,Aurangabad,Tier-3,Pediatrics,3.0,False,low,0.033,431008,19.859032,75.315165
2918,Sigma Oncology Hospital,Aurangabad,Tier-3,Oncology,3.2,False,low,0.072,431005,19.851966,75.370331
2919,Marathwada Orthopedics Clinic,Aurangabad,Tier-3,Orthopedics,3.7,True,medium,0.496,431005,19.939807,75.359617
2920,Chhatrapati Sambhaji Nephrology Institute,Aurangabad,Tier-3,Nephrology,3.8,False,medium,0.674,431002,19.900973,75.370913
2921,Kamalnayan Bajaj Cardiology Hospital,Aurangabad,Tier-3,Cardiology,3.7,False,medium,0.573,431002,19.834073,75.359859
2922,United CIIGMA Pediatrics Clinic,Aurangabad,Tier-3,Pediatrics,3.1,False,low,0.112,431007,19.847909,75.283035
2923,Dr. Hedgewar Pulmonology Healthcare,Aurangabad,Tier-3,Pulmonology,3.1,False,low,0.174,431008,19.886367,75.321744
2924,Sigma Oncology Healthcare,Aurangabad,Tier-3,Oncology,3.0,False,low,0.099,431008,19.910351,75.372132
2925,Marathwada Orthopedics Clinic,Aurangabad,Tier-3,Orthopedics,3.4,True,low,0.372,431003,19.855609,75.346619
2926,Chhatrapati Sambhaji Pulmonology Super Speciality Hospital,Aurangabad,Tier-3,Pulmonology,3.4,True,medium,0.414,431007,19.824377,75.322353
2927,Kamalnayan Bajaj Gastroenterology Clinic,Aurangabad,Tier-3,Gastroenterology,3.1,True,low,0.209,431003,19.829924,75.410509
2928,United CIIGMA Psychiatry Super Speciality Hospital,Aurangabad,Tier-3,Psychiatry,3.4,False,low,0.325,431007,19.885961,75.339917
2929,Dr. Hedgewar Orthopedics Hospital,Aurangabad,Tier-3,Orthopedics,3.3,False,low,0.025,431008,19.834594,75.377261
2930,Sigma ENT Institute,Aurangabad,Tier-3,ENT,3.8,False,medium,0.453,431003,19.847895,75.329405
2931,Marwar Orthopedics Super Speciality Hospital,Jodhpur,Tier-3,Orthopedics,3.3,False,low,0.354,342003,26.248978,73.007233
2932,Medipulse Urology Institute,Jodhpur,Tier-3,Urology,3.9,True,medium,0.555,342008,26.254615,72.987164
2933,Goyal ENT Hospital,Jodhpur,Tier-3,ENT,3.4,True,low,0.313,342001,26.342083,72.980987
2934,Vasundhara Gynaecology Hospital,Jodhpur,Tier-3,Gynaecology,3.8,True,medium,0.544,342002,26.248989,73.069798
2935,Kamla Nagar Orthopedics Medical Center,Jodhpur,Tier-3,Orthopedics,3.2,True,low,0.276,342001,26.282087,73.047839
2936,Mehrangarh Orthopedics Hospital,Jodhpur,Tier-3,Orthopedics,3.5,False,medium,0.46,342001,26.306865,72.999464
2937,Umaid Pediatrics Institute,Jodhpur,Tier-3,Pediatrics,3.4,True,low,0.087,342005,26.249324,73.049438
2938,Marwar ENT Medical Center,Jodhpur,Tier-3,ENT,3.1,True,low,0.239,342005,26.309,72.985915
2939,Medipulse Psychiatry Hospital,Jodhpur,Tier-3,Psychiatry,3.0,False,low,0.16,342001,26.304599,73.050957
2940,Goyal Neurology Clinic,Jodhpur,Tier-3,Neurology,3.8,False,low,0.35,342003,26.226857,72.959176
2941,Vasundhara Orthopedics Clinic,Jodhpur,Tier-3,Orthopedics,3.3,False,low,0.028,342002,26.315206,73.019519
2942,Kamla Nagar Gynaecology Hospital,Jodhpur,Tier-3,Gynaecology,3.5,False,low,0.334,342006,26.28864,73.053278
2943,Mehrangarh Orthopedics Clinic,Jodhpur,Tier-3,Orthopedics,4.0,True,medium,0.528,342003,26.265071,73.053459
2944,Umaid Oncology Clinic,Jodhpur,Tier-3,Oncology,3.3,False,low,0.168,342003,26.225701,72.972837
2945,Marwar Cardiology Super Speciality Hospital,Jodhpur,Tier-3,Cardiology,3.2,False,low,0.167,342008,26.259386,73.010862
2946,Medipulse Orthopedics Medical Center,Jodhpur,Tier-3,Orthopedics,3.3,True,low,0.338,342008,26.32994,73.020935
2947,Goyal Gynaecology Institute,Jodhpur,Tier-3,Gynaecology,4.2,True,high,0.988,342008,26.291056,73.045289
2948,Vasundhara General Medicine Super Speciality Hospital,Jodhpur,Tier-3,General Medicine,3.2,False,low,0.115,342003,26.289913,73.002478
2949,Kamla Nagar Cardiology Super Speciality Hospital,Jodhpur,Tier-3,Cardiology,3.1,False,low,0.117,342001,26.223984,72.974283
2950,Mehrangarh Cardiology Clinic,Jodhpur,Tier-3,Cardiology,4.0,True,medium,0.544,342003,26.281202,72.997911
2951,Umaid General Medicine Healthcare,Jodhpur,Tier-3,General Medicine,3.6,False,low,0.224,342008,26.228749,73.016625
2952,Marwar Neurology Super Speciality Hospital,Jodhpur,Tier-3,Neurology,3.5,False,low,0.128,342001,26.240103,72.95365
2953,Medipulse Orthopedics Institute,Jodhpur,Tier-3,Orthopedics,3.0,False,low,0.029,342002,26.29193,73.021868
2954,Goyal Cardiology Medical Center,Jodhpur,Tier-3,Cardiology,3.2,True,low,0.292,342006,26.324129,73.025994
2955,Vasundhara Cardiology Healthcare,Jodhpur,Tier-3,Cardiology,3.2,True,low,0.263,342003,26.289054,73.061413
2956,Kamla Nagar Cardiology Hospital,Jodhpur,Tier-3,Cardiology,3.1,True,low,0.159,342003,26.24031,73.004723
2957,Mehrangarh Nephrology Hospital,Jodhpur,Tier-3,Nephrology,3.4,True,medium,0.41,342006,26.30271,72.984344
2958,Umaid General Medicine Healthcare,Jodhpur,Tier-3,General Medicine,3.0,False,low,0.017,342002,26.209408,72.951821
2959,Marwar General Medicine Institute,Jodhpur,Tier-3,General Medicine,3.1,False,low,0.159,342001,26.33889,73.03271
2960,Medipulse Ophthalmology Hospital,Jodhpur,Tier-3,Ophthalmology,3.4,True,medium,0.452,342001,26.295205,72.99329
2961,Goyal ENT Clinic,Jodhpur,Tier-3,ENT,3.0,False,low,0.184,342005,26.302854,73.003312
2962,Vasundhara Cardiology Healthcare,Jodhpur,Tier-3,Cardiology,3.2,False,low,0.11,342008,26.25754,73.034638
2963,Kamla Nagar Ophthalmology Super Speciality Hospital,Jodhpur,Tier-3,Ophthalmology,3.4,True,low,0.195,342002,26.206786,73.031463
2964,Mehrangarh Nephrology Healthcare,Jodhpur,Tier-3,Nephrology,4.1,True,high,0.889,342003,26.292311,73.075568
2965,Umaid Orthopedics Healthcare,Jodhpur,Tier-3,Orthopedics,3.4,True,low,0.106,342003,26.227498,73.073059
2966,Marwar Dermatology Institute,Jodhpur,Tier-3,Dermatology,3.0,False,low,0.063,342003,26.241394,72.999837
2967,Medipulse Gastroenterology Medical Center,Jodhpur,Tier-3,Gastroenterology,3.9,False,medium,0.611,342001,26.220849,72.998498
2968,Goyal Gynaecology Medical Center,Jodhpur,Tier-3,Gynaecology,4.2,False,high,0.842,342001,26.282991,73.038245
2969,Vasundhara General Medicine Hospital,Jodhpur,Tier-3,General Medicine,3.3,False,low,0.263,342003,26.272604,73.047727
2970,Kamla Nagar Neurology Institute,Jodhpur,Tier-3,Neurology,3.0,False,low,0.129,342005,26.303472,72.996527
2971,Mehrangarh Gynaecology Healthcare,Jodhpur,Tier-3,Gynaecology,4.4,True,high,0.731,342002,26.254995,73.075059
2972,Umaid General Medicine Hospital,Jodhpur,Tier-3,General Medicine,3.3,False,low,0.223,342002,26.282079,73.057568
2973,Marwar Ophthalmology Healthcare,Jodhpur,Tier-3,Ophthalmology,3.1,False,low,0.121,342001,26.203505,73.066089
2974,Medipulse Gastroenterology Super Speciality Hospital,Jodhpur,Tier-3,Gastroenterology,3.2,False,low,0.139,342008,26.21806,73.063197
2975,Goyal Cardiology Clinic,Jodhpur,Tier-3,Cardiology,4.4,True,high,0.79,342001,26.217238,72.989609
2976,Vasundhara Oncology Hospital,Jodhpur,Tier-3,Oncology,3.7,False,low,0.356,342008,26.325242,73.025551
2977,Kamla Nagar Oncology Clinic,Jodhpur,Tier-3,Oncology,3.5,False,low,0.237,342002,26.209016,73.022457
2978,Mehrangarh Dermatology Hospital,Jodhpur,Tier-3,Dermatology,3.2,True,low,0.069,342001,26.339496,72.978495
2979,Umaid Dermatology Healthcare,Jodhpur,Tier-3,Dermatology,3.7,True,low,0.299,342008,26.297454,72.977946
2980,Marwar Oncology Medical Center,Jodhpur,Tier-3,Oncology,3.4,True,low,0.364,342001,26.28688,73.064022
2981,Medipulse Gastroenterology Super Speciality Hospital,Jodhpur,Tier-3,Gastroenterology,4.4,True,high,0.989,342003,26.306143,72.970801
2982,Goyal Ophthalmology Institute,Jodhpur,Tier-3,Ophthalmology,3.6,True,low,0.294,342006,26.225736,73.041633
2983,Vasundhara Cardiology Hospital,Jodhpur,Tier-3,Cardiology,3.8,True,low,0.341,342001,26.322813,72.97862
2984,Kamla Nagar Neurology Clinic,Jodhpur,Tier-3,Neurology,3.7,False,low,0.278,342002,26.251618,73.018173
2985,Mehrangarh ENT Healthcare,Jodhpur,Tier-3,ENT,3.6,False,low,0.303,342006,26.281961,73.05646
2986,Umaid Ophthalmology Clinic,Jodhpur,Tier-3,Ophthalmology,3.6,False,low,0.338,342008,26.34318,73.073705
2987,Marwar Ophthalmology Clinic,Jodhpur,Tier-3,Ophthalmology,3.2,False,low,0.083,342006,26.271675,72.959352
2988,Medipulse ENT Healthcare,Jodhpur,Tier-3,ENT,3.7,True,medium,0.571,342005,26.32385,73.031063
2989,Goyal Orthopedics Medical Center,Jodhpur,Tier-3,Orthopedics,3.4,False,low,0.252,342002,26.237505,72.971858
2990,Vasundhara Dermatology Institute,Jodhpur,Tier-3,Dermatology,3.8,True,medium,0.569,342005,26.266218,72.97325
2991,Kamla Nagar Pediatrics Hospital,Jodhpur,Tier-3,Pediatrics,3.3,False,low,0.133,342006,26.288324,72.984757
2992,Mehrangarh Oncology Institute,Jodhpur,Tier-3,Oncology,4.0,True,medium,0.569,342006,26.272751,73.000391
2993,Umaid Pediatrics Institute,Jodhpur,Tier-3,Pediatrics,3.4,False,low,0.077,342002,26.261692,72.957393
2994,Marwar Neurology Clinic,Jodhpur,Tier-3,Neurology,3.5,False,medium,0.517,342002,26.312681,73.054739
2995,Medipulse Dermatology Clinic,Jodhpur,Tier-3,Dermatology,3.3,True,low,0.167,342002,26.279601,72.962161
2996,Goyal Cardiology Healthcare,Jodhpur,Tier-3,Cardiology,3.0,True,low,0.063,342002,26.20253,73.010872
2997,Vasundhara General Medicine Medical Center,Jodhpur,Tier-3,General Medicine,3.6,True,medium,0.552,342001,26.251113,73.048761
2998,Kamla Nagar Pediatrics Clinic,Jodhpur,Tier-3,Pediatrics,3.5,False,low,0.38,342005,26.249222,73.060036
2999,Mehrangarh Pulmonology Medical Center,Jodhpur,Tier-3,Pulmonology,3.5,False,medium,0.402,342001,26.328609,73.065654
3000,Umaid Neurology Clinic,Jodhpur,Tier-3,Neurology,3.3,False,low,0.326,342005,26.334827,72.965868
